essay_id,source_id,topic,target_length,generated_text,actual_length
0,772D27D400BB,the importance of having a positive attitude,2175,"Maintaining a positive attitude is essential for overall well-being and success. A positive mindset allows individuals to approach challenges with confidence and resilience, leading to better outcomes in personal and professional life. It also fosters stronger relationships, as a positive attitude is contagious and attracts like-minded people. In contrast, a negative attitude can lead to discouragement and isolation. By adopting a positive attitude, individuals can improve their mental health, increase productivity, and achieve their goals. Furthermore, a positive attitude helps to build a strong support network, crucial for overcoming obstacles. Ultimately, a positive attitude is vital for achieving happiness and success, making it a crucial aspect of daily life.",774
1,9E8F3C6405CA,a topic of personal interest,1427,"Renewable energy is the future. Fossil fuels harm the environment, contributing to climate change and pollution. In contrast, solar and wind power are clean and sustainable. Investing in renewable energy will create jobs and stimulate local economies. It's time to transition away from fossil fuels and towards a greener future.",328
2,948771F795EB,the value of education,2156,"Education is the backbone of society, and its value cannot be overstated. It not only imparts knowledge, but also fosters critical thinking, creativity, and problem-solving skills. Educated individuals are more likely to secure better-paying jobs, contribute to their communities, and make informed decisions. They are also more likely to be open-minded, tolerant, and empathetic. Furthermore, education has been shown to have a positive impact on economic growth, reducing poverty and inequality. Despite this, some argue that education is not essential, citing examples of successful individuals who dropped out of school. However, these cases are exceptions rather than the rule. The overwhelming majority of successful people have a strong educational foundation. Investing in education is crucial for individual and societal progress, and it is our responsibility to prioritize it. By doing so, we can create a more knowledgeable, skilled, and compassionate society.",971
3,FE14D7378CFB,a topic of personal interest,1936,"The implementation of universal basic income (UBI) has sparked intense debate. As someone who has witnessed the struggles of poverty, I firmly believe that UBI is essential for promoting economic security and reducing inequality. By providing every citizen with a guaranteed minimum income, UBI ensures that basic needs are met, allowing individuals to pursue meaningful work and education. Critics argue that UBI is too costly and may reduce productivity, but I counter that it would actually stimulate local economies and foster innovation. Additionally, UBI would simplify welfare systems and reduce bureaucracy. Implementing UBI is a moral imperative, as it would alleviate poverty and promote human dignity. It's time for policymakers to take a bold step towards a more equitable society.",793
4,7AAE019F70D6,a topic of personal interest,2448,"The implementation of a universal basic income (UBI) has sparked intense debate. I firmly believe that UBI is essential for ensuring economic security and reducing poverty. By providing every citizen with a regular, unconditional sum of money, governments can alleviate financial stress and promote entrepreneurship. Critics argue that UBI is too costly, but I counter that the benefits far outweigh the costs. In fact, UBI can actually stimulate economic growth by increasing consumer spending and reducing poverty-related costs. Moreover, UBI can help mitigate the negative impacts of automation and AI on the job market. Ultimately, UBI is a vital step towards creating a more equitable and secure society, and we must consider its implementation to build a better future.",775
5,58EF6CAF956B,a topic of personal interest,1901,"The implementation of a four-day workweek is a topic of great personal interest to me. With the rise of technology and automation, many jobs can now be completed in less time, yet we still adhere to the traditional Monday-to-Friday schedule. I firmly believe that a four-day workweek would have numerous benefits, including increased productivity, improved work-life balance, and reduced environmental impact. 

A shorter workweek would allow individuals to have an extra day off to recharge and pursue personal interests, leading to increased job satisfaction and reduced burnout. Additionally, a four-day workweek would result in reduced commuting time, leading to lower greenhouse gas emissions and a more sustainable future. Opponents may argue that a shorter workweek would negatively impact business productivity, but studies have shown that many companies have successfully implemented a four-day workweek without any significant decrease in productivity. 

In fact, Microsoft Japan saw a 23% increase in productivity after switching to a four-day workweek. Overall, the benefits of a four-day workweek far outweigh the potential drawbacks, and I strongly believe that it's time for us to rethink our traditional work schedule and adopt a more modern and sustainable approach to work. By doing so, we can improve our overall well-being, increase productivity, and create a better future for ourselves and the environment.",1428
6,0C8D699DEE90,the value of education,1247,"Education is invaluable, yet often undervalued. It equips individuals with critical thinking, problem-solving, and communication skills, enhancing their career prospects and socio-economic status. Moreover, educated individuals are more likely to contribute to their communities, fostering positive social change. Investing in education yields significant long-term benefits, including reduced poverty and inequality. Therefore, education should be prioritized and accessible to all, as it is the foundation for personal and societal development. By doing so, we can create a more informed, innovative, and prosperous society.",626
7,5C31B4B9B185,the value of education,1169,"Education is invaluable, empowering individuals and societies. It fosters critical thinking, problem-solving, and social mobility. By investing in education, we invest in our future, driving innovation and economic growth. Without it, we risk stagnation and inequality. Education is a fundamental human right, essential for personal and collective prosperity.",359
8,9653A4188D80,a topic of personal interest,2035,"The benefits of implementing a four-day workweek have been debated in recent years. I firmly believe it's a change that's long overdue. A shorter workweek would not only improve work-life balance, allowing employees to recharge and reduce stress, but also have a positive impact on the environment. With fewer commutes, there would be a significant reduction in carbon emissions. Additionally, it would boost employee morale and productivity, as they would have an extra day to pursue personal interests and hobbies. Many companies that have already adopted this model have seen increased job satisfaction and reduced turnover rates. It's time for more businesses to make the switch and reap the benefits of a four-day workweek.",728
9,8A165723DF82,the value of education,2257,"The value of education is a topic of ongoing debate. While some argue that education is not essential for success, I firmly believe that it is crucial for personal and societal development. Education provides individuals with the knowledge, skills, and critical thinking abilities necessary to succeed in their chosen careers and navigate the complexities of the world. It also fosters empathy, tolerance, and understanding, allowing individuals to become active and engaged citizens. Furthermore, education has been shown to have a positive impact on economic growth, healthcare, and social mobility. In conclusion, education is invaluable, and investing in it is essential for creating a more informed, compassionate, and prosperous society.",743
10,F52394B3500C,the value of education,3551,"The value of education is often debated, with some arguing it's overpriced and unnecessary. However, education is invaluable, as it opens doors to better job opportunities, fosters critical thinking, and promotes societal progress. It equips individuals with skills to navigate an ever-changing world, making them more adaptable and resilient. Without education, we'd lack innovators, leaders, and problem-solvers, hindering economic growth and development. Furthermore, education promotes social mobility, reduces poverty, and empowers individuals to make informed decisions. While it's true that education can be expensive, the long-term benefits far outweigh the costs. Investing in education is essential for creating a better future, and it's our responsibility to prioritize it. By doing so, we'll reap numerous rewards, from improved healthcare to environmental sustainability. In conclusion, education is a vital component of personal and societal growth, and its importance cannot be overstated.",1004
11,8C645419E1B4,environmental conservation and climate change,1687,"Environmental conservation is crucial in the fight against climate change. Human activities, such as deforestation and pollution, have devastating effects on the planet. Rising temperatures and sea levels threaten ecosystems and biodiversity. Governments and individuals must take action to reduce carbon emissions and invest in renewable energy. Conservation efforts, like protecting natural habitats and promoting sustainable practices, can help mitigate climate change. Immediate action is necessary to preserve the planet for future generations. The consequences of inaction will be catastrophic, making environmental conservation a pressing global issue.",659
12,CE214B0C2CB6,a topic of personal interest,1849,"Standardized testing is an outdated and ineffective method of evaluating students. It creates undue stress, stifles creativity, and fails to account for individual learning styles. By focusing on rote memorization and multiple-choice questions, these tests neglect essential skills like critical thinking and problem-solving. Furthermore, they disproportionately affect disadvantaged students, exacerbating existing inequalities. Alternatives, such as project-based assessments and competency-based progression, would provide a more holistic and inclusive approach to education, allowing students to demonstrate their knowledge and skills in a more authentic and meaningful way. By abandoning standardized testing, we can create a more equitable and effective education system that truly prepares students for success. This shift would have a profound impact on student learning and academic achievement.",904
13,75DAA54880C1,a topic of personal interest,3142,"The implementation of universal basic income (UBI) has sparked intense debate in recent years. As someone who is passionate about social welfare and economic equality, I firmly believe that UBI is a necessary step towards creating a more just and equitable society. By providing every citizen with a guaranteed minimum income, UBI would eradicate poverty, reduce income inequality, and promote economic freedom. Critics argue that UBI is too expensive and would be difficult to implement, but I counter that the benefits far outweigh the costs. In fact, studies have shown that UBI can lead to improved health outcomes, increased entrepreneurship, and a reduction in crime rates. Furthermore, with the rise of automation and artificial intelligence, UBI could be a vital safety net for workers who lose their jobs due to technological advancements. While some may argue that UBI would reduce the incentive to work, I believe that it would actually enable people to pursue meaningful and creative endeavors, rather than just taking any job for the sake of a paycheck. Overall, the benefits of UBI are clear, and it is our moral obligation to ensure that every individual has access to a basic level of economic security. By implementing UBI, we can create a more compassionate and prosperous society for all.",1307
14,73851AC4551C,the value of education,2116,"The value of education is often underestimated in today's society. Many argue that it's not necessary for success, citing examples of dropouts who have made fortunes. However, this perspective overlooks the numerous benefits that education provides. Education not only equips individuals with knowledge and skills, but also fosters critical thinking, problem-solving, and creativity. It opens doors to better job opportunities, higher salaries, and improved socio-economic status. Furthermore, education promotes personal growth, social mobility, and civic engagement. It empowers individuals to make informed decisions, participate in the democratic process, and contribute to the development of their communities. In conclusion, education is invaluable, and its importance cannot be overstated. It is the key to unlocking individual and societal potential, and its benefits extend far beyond the classroom.",908
15,BF5E7CD37E4B,a topic of personal interest,2583,"The implementation of standardized testing in schools has been a topic of debate for years. While some argue it is an effective way to measure student knowledge, I firmly believe it is detrimental to the learning experience. Standardized tests create undue stress on students, fostering a culture of rote memorization rather than genuine understanding. They also fail to account for individual learning styles and abilities, leading to inaccurate assessments. Furthermore, the emphasis on testing takes away from meaningful learning experiences, such as hands-on projects and critical thinking exercises. By eliminating standardized testing, we can create a more inclusive and engaging educational environment that values creativity and intellectual curiosity. This approach would allow students to develop a deeper understanding of subjects and promote a love of learning, ultimately leading to better academic outcomes and more well-rounded individuals.",955
16,85F4C57672EA,the value of education,2537,"The value of education is a topic of ongoing debate. While some argue that it is overvalued, I firmly believe that education is essential for individuals and society as a whole. Education provides individuals with the knowledge, skills, and critical thinking necessary to succeed in their careers and personal lives. It also promotes social mobility, reduces poverty, and fosters economic growth. Furthermore, education empowers individuals to make informed decisions, think critically, and become active citizens. Without education, individuals are limited in their ability to participate in the workforce and contribute to society. In contrast, educated individuals are more likely to be employed, earn higher salaries, and contribute to innovation and progress. Moreover, education has a positive impact on healthcare, crime rates, and environmental sustainability. Therefore, investing in education is crucial for creating a more equitable, prosperous, and sustainable society. By prioritizing education, we can unlock human potential, drive progress, and build a brighter future for all.",1092
17,011AAA636F11,a topic of personal interest,3507,"The implementation of universal basic income (UBI) has sparked intense debate in recent years. As a proponent of UBI, I firmly believe that it is an essential policy that can eradicate poverty and promote economic security. The concept of UBI involves providing every citizen with a regular, unconditional sum of money from the government to cover their basic needs. This approach can simplify welfare systems, reduce bureaucracy, and empower individuals to pursue meaningful work.

Critics argue that UBI is unaffordable and will lead to a decrease in productivity. However, I disagree. By providing a safety net, UBI can actually stimulate entrepreneurship and creativity, as people will be more willing to take risks and explore innovative ideas. Moreover, UBI can help mitigate the adverse effects of automation and AI on employment, ensuring that everyone has a basic level of economic security. While there are valid concerns about the feasibility of UBI, I believe that its benefits outweigh the costs. With careful planning and implementation, UBI can be a game-changer in promoting economic equality and social justice.",1128
18,6EF7CBB46501,a topic of personal interest,2917,"The implementation of standardized testing in schools has sparked intense debate. Proponents argue that it measures student progress and holds educators accountable. However, I firmly believe that standardized testing is detrimental to the education system. It creates undue stress, narrows the curriculum, and fails to account for individual learning styles. The high-stakes environment leads to teaching to the test, rather than fostering critical thinking and creativity. Furthermore, it disproportionately affects disadvantaged students, widening the achievement gap. A more effective approach would be to adopt competency-based assessments, allowing students to demonstrate knowledge in a more holistic and personalized manner. This would promote a more inclusive and engaging learning environment, ultimately leading to better student outcomes.",850
19,9B69DE203555,a topic of personal interest,2213,"The implementation of universal basic income (UBI) is a highly debated topic. I firmly believe that UBI is essential for ensuring economic security and reducing poverty. By providing every citizen with a guaranteed minimum income, governments can alleviate financial stress and allow individuals to pursue meaningful work. Critics argue that UBI is costly and ineffective, but studies have shown that it can have a positive impact on mental and physical health, as well as education and entrepreneurship. Additionally, automation and AI are increasingly replacing jobs, making UBI a necessary safety net. Overall, UBI is a vital step towards creating a more equitable and sustainable society.",692
20,3898358B58BB,the value of education,1531,"Education is invaluable, empowering individuals and societies. It fosters critical thinking, problem-solving, and creativity. Educated individuals are more likely to secure better jobs, contributing to economic growth. Additionally, education promotes social mobility, reducing poverty and inequality. It also enables people to make informed decisions, participating in democracy and driving positive change. Investing in education is crucial for a prosperous and equitable future.",481
21,A80542F83A7C,the value of education,2981,"The value of education is often debated, with some arguing it's overemphasized. However, I firmly believe that education is invaluable. It provides individuals with knowledge, critical thinking, and problem-solving skills, enabling them to navigate the complexities of the modern world. Education also fosters personal growth, independence, and self-reliance, allowing individuals to make informed decisions about their lives. Furthermore, education has a profound impact on society, driving economic growth, innovation, and social mobility. It helps to break cycles of poverty, promotes social cohesion, and cultivates a more informed and engaged citizenry. In contrast, a lack of education can lead to limited opportunities, social exclusion, and economic stagnation. Therefore, investing in education is essential, as it yields long-term benefits for individuals, communities, and society as a whole. By prioritizing education, we can create a more equitable, prosperous, and enlightened world.",997
22,7F1F55F771F9,a topic of personal interest,1802,"The use of standardized tests in education is a highly debated topic. While some argue that these tests provide an objective measure of a student's knowledge, I firmly believe that they do more harm than good. Standardized tests create undue stress and anxiety for students, often leading to a narrow focus on test-taking skills rather than genuine learning. Furthermore, these tests fail to account for individual learning styles and abilities, resulting in biased and inaccurate assessments. By abandoning standardized tests, we can foster a more inclusive and supportive learning environment that encourages creativity, critical thinking, and intellectual curiosity.",669
23,98CD7819C7EF,the importance of having a positive attitude,2487,"Having a positive attitude is essential for achieving success and happiness in life. It helps individuals overcome obstacles, build strong relationships, and maintain good mental and physical health. A positive attitude also fosters resilience, enabling people to bounce back from failures and setbacks. Additionally, it boosts self-confidence, creativity, and productivity, leading to greater accomplishments. Those with a positive attitude tend to be more optimistic, enthusiastic, and motivated, making them more enjoyable to be around. In contrast, a negative attitude can lead to stagnation, bitterness, and isolation. By adopting a positive mindset, individuals can unlock their full potential, achieve their goals, and live a more fulfilling life. Overall, cultivating a positive attitude is crucial for personal growth, well-being, and success.",852
24,F86CA3BFAB20,a topic of personal interest,1844,"Standardized testing is a contentious issue, with many arguing it has a negative impact on students. I firmly believe that standardized testing should be abolished. These tests create undue stress, narrowing the curriculum and promoting rote memorization. They also fail to account for individual learning styles and abilities. Furthermore, the emphasis on standardized testing leads to teaching to the test, rather than fostering critical thinking and creativity. This can result in a lack of preparedness for real-world scenarios, ultimately hindering students' future success. By eliminating standardized testing, we can create a more well-rounded education system that values diverse skills and knowledge. This, in turn, will better equip students for an ever-changing world.",779
25,93C575DB7931,a topic of personal interest,2104,"Standardized testing is a long-standing debate in education. I firmly believe that it should be abolished. The pressure to perform well on these tests leads to stress and anxiety in students. Moreover, it creates a narrow focus on test-taking skills rather than fostering creativity and critical thinking. This one-size-fits-all approach does not account for individual learning styles, resulting in inaccurate assessments of a student's true potential. By eliminating standardized testing, we can promote a more holistic learning experience, allowing students to explore and grow without the burden of high-stakes exams. This, in turn, will lead to a more well-rounded and innovative generation of thinkers.",708
26,400E5AA27067,a topic of personal interest,3302,"The implementation of standardized testing in educational institutions has sparked intense debate. While proponents argue it ensures accountability and fairness, I firmly believe it has a detrimental effect on students' learning experiences. Standardized tests often prioritize rote memorization over critical thinking and creativity, leading to a narrow focus on test preparation rather than actual learning. This results in students who are well-versed in test-taking strategies but lack the skills to apply their knowledge in real-world scenarios. Furthermore, the stress and anxiety associated with high-stakes testing can have long-term effects on students' mental health and self-esteem. It is time to reevaluate our education system and consider alternative assessment methods that promote a more holistic and inclusive approach to learning. By doing so, we can foster a more supportive and engaging educational environment that prepares students for success beyond their academic careers.",996
27,CA4941643D09,a topic of personal interest,2327,"The implementation of universal basic income (UBI) has sparked intense debate. I firmly believe UBI is essential for a more equitable society. By providing every citizen with a guaranteed minimum income, UBI would alleviate poverty and reduce income inequality. It would also give people the financial security to pursue their passions, leading to increased innovation and creativity. Critics argue that UBI is too expensive, but I contend that the benefits far outweigh the costs. UBI would simplify welfare systems, reduce bureaucracy, and promote economic growth. Furthermore, it would allow people to make choices that align with their values, rather than just their financial needs. Implementing UBI would be a vital step towards creating a more just and prosperous society, and I urge policymakers to consider its potential.",830
28,BB5B58E098AB,the value of education,1991,"The value of education is a highly debated topic. While some argue that education is not essential for success, I firmly believe that it is the key to unlocking a person's full potential. Education not only provides individuals with the knowledge and skills necessary to succeed in their chosen profession, but also fosters critical thinking, creativity, and problem-solving abilities. It enables people to make informed decisions, think independently, and become active participants in their communities. Furthermore, studies have consistently shown that educated individuals earn higher salaries, have better job prospects, and are more likely to be employed. They also tend to be healthier, happier, and more engaged in their communities. Therefore, investing in education is crucial for personal and societal growth, and its value should not be underestimated. By prioritizing education, we can create a more informed, innovative, and prosperous society. Education is the foundation upon which we build our future, and it is essential that we continues to support and promote it.",1083
29,959946A3FB03,the importance of having a positive attitude,3196,"Having a positive attitude is crucial in today's fast-paced and often overwhelming world.  With so many stressors and challenges surrounding us, it's easy to get caught up in negativity.  However, adopting a positive outlook can have a profound impact on both our mental and physical health.  A positive attitude helps us to better cope with stress, build stronger relationships, and achieve our goals.  It also boosts our self-esteem, confidence, and resilience.  Furthermore, a positive attitude can lead to increased optimism, which has been linked to a stronger immune system and a lower risk of depression.  On the other hand, a negative attitude can lead to anxiety, burnout, and a range of other health problems.  By choosing to focus on the positive, we can improve our overall well-being and quality of life.  Therefore, cultivating a positive attitude is essential for achieving happiness and success in all areas of life.",932
30,47261D6E0F08,the value of education,3107,"The value of education is a topic of immense importance. While some argue that it's overrated, I firmly believe that education is the key to unlocking individual and societal progress. It broadens perspectives, fosters critical thinking, and equips individuals with the skills necessary to succeed in an increasingly complex world. Education enables people to make informed decisions, question established norms, and innovate solutions to pressing problems. Furthermore, it promotes social mobility, reduces poverty, and empowers marginalized communities. Investing in education is not only a personal benefit but also a societal imperative, as it drives economic growth, promotes civic engagement, and contributes to a more informed and active citizenry. Ultimately, education is the foundation upon which a prosperous and equitable society is built, and it's essential that we prioritize and value it accordingly. By doing so, we can create a brighter future for ourselves and future generations.",998
31,E4051C85D12E,a topic of personal interest,5927,"The Implementation of Standardized Testing in Schools: A Detriment to Student Success. 

The debate over the effectiveness of standardized testing in schools has been ongoing for years. While proponents argue that these tests provide an objective measure of student knowledge, I firmly believe that they have a detrimental impact on the educational system. Standardized tests, such as the SAT and ACT, have become a staple in many schools, with the results often being used to determine college admissions and future career prospects.

However, these tests only measure a narrow range of skills, primarily focusing on math and reading comprehension. This creates a limited view of a student's abilities, neglecting important aspects such as creativity, critical thinking, and problem-solving. By placing such a heavy emphasis on standardized testing, schools are inadvertently encouraging a culture of rote memorization, where students are more focused on achieving a high test score than genuinely learning and understanding the material.

Furthermore, standardized testing can be a significant source of stress and anxiety for students. The pressure to perform well on these tests can be overwhelming, leading to a range of negative effects on mental health and well-being. This is particularly concerning, as students are already faced with numerous academic and social pressures. By removing standardized testing from the equation, schools can help alleviate some of this stress and create a more supportive and inclusive learning environment.

In addition, standardized testing can be biased towards certain demographics, often favoring students from affluent backgrounds who have had greater access to test preparation resources. This can result in a disproportionate number of students from lower-income families being unfairly disadvantaged, further exacerbating existing social and economic inequalities. By relying on standardized testing as a primary assessment tool, schools are perpetuating a system that is inherently unfair and unjust.

Rather than relying on standardized testing, schools should focus on implementing more holistic and comprehensive assessment methods. This could include project-based evaluations, peer review, and self-assessment, which would provide a more nuanced and accurate picture of a student's abilities and potential. By adopting this approach, schools can create a more inclusive and supportive learning environment, where students are encouraged to take risks, explore their interests, and develop a genuine love of learning.

In conclusion, while standardized testing may have been implemented with the intention of promoting accountability and improving academic standards, it has ultimately had a negative impact on the educational system. By recognizing the limitations and biases of standardized testing, schools can take a crucial step towards creating a more equitable and effective learning environment, where students are able to thrive and reach their full potential. It is time for educators and policymakers to rethink their approach to assessment and adopt a more comprehensive and inclusive approach to evaluating student success.",3190
32,032EA4B76BF5,the importance of having a positive attitude,1309,"Having a positive attitude is crucial for success and well-being. It fosters resilience, boosts confidence, and enhances relationships. A positive mindset allows individuals to approach challenges with optimism, leading to better problem-solving and decision-making. Conversely, a negative attitude can lead to stagnation and unhappiness. By cultivating a positive attitude, individuals can unlock their full potential and achieve their goals. This, in turn, can lead to a more fulfilling life, making it essential to prioritize positivity in daily life.",554
33,BB8DBBD8C4AB,a topic of personal interest,2625,"The implementation of universal basic income (UBI) has gained significant attention in recent years. As a proponent of UBI, I firmly believe that it is a necessary step towards mitigating poverty and income inequality. By providing every citizen with a guaranteed minimum income, UBI would enable individuals to meet their basic needs, regardless of their employment status. This, in turn, would foster a sense of financial security, allowing people to pursue their passions and interests without fear of poverty. Critics argue that UBI would be too costly and inefficient, but I counter that the benefits far outweigh the costs. UBI would reduce poverty rates, improve mental and physical health, and stimulate economic growth. Furthermore, it would simplify welfare systems and reduce bureaucracy. Implementing UBI would require significant changes to existing social welfare systems, but it is a necessary step towards creating a more equitable and just society.",965
34,6A00BED6B62D,a topic of personal interest,2294,"Standardized testing is a widely debated topic in education. While some argue it's a necessary assessment tool, I firmly believe it's a hindrance to true learning. The pressure to perform well on these exams leads to teaching methods that focus on test-taking skills rather than fostering a genuine love for knowledge. This narrow approach to education stifles creativity and critical thinking, as students are encouraged to memorize formulas and answers rather than explore and understand complex concepts. Furthermore, standardized tests often fail to account for individual learning styles and abilities, resulting in inaccurate representations of a student's intelligence and potential. By moving away from standardized testing, we can create a more inclusive and effective education system that values curiosity, creativity, and intellectual exploration. This, in turn, will better equip students to succeed in an ever-changing world. Ultimately, the abolition of standardized testing is crucial for the development of well-rounded, innovative thinkers.",1058
35,83C48C5697AE,what it takes to achieve success,5144,"The concept of success is often debated, with many attributing it to luck, privilege, or natural ability. However, I firmly believe that success is achieved through dedication, perseverance, and a willingness to learn. It requires setting clear goals and working towards them with unwavering commitment. Many successful individuals, such as entrepreneurs and athletes, have spoken about the countless hours they spent honing their craft, facing setbacks, and overcoming obstacles. Thomas Edison, for example, is famously quoted as saying, ""I have not failed. I've just found 10,000 ways that won't work."" This mindset is essential for achieving success, as it allows individuals to learn from their mistakes and continue pushing forward. Furthermore, having a growth mindset and being open to new experiences and knowledge is crucial. It enables individuals to adapt to changing circumstances and stay ahead of the curve. In contrast, relying solely on talent or luck can lead to complacency and stagnation. Ultimately, success is not just about achieving a desired outcome, but about the journey itself – the struggles, the lessons, and the personal growth that occur along the way. By embracing this mindset, individuals can unlock their full potential and achieve success in their respective fields. With persistence and a willingness to learn, anyone can overcome obstacles and reach their goals, regardless of their background or circumstances.",1449
36,B279118BA2EC,a topic of personal interest,1420,"Standardized testing is a flawed assessment method. It creates undue stress and doesn't account for individual learning styles. Many students excel in non-traditional ways, such as through project-based learning or hands-on experience. Relying solely on standardized tests can be misleading, as they often only measure a student's ability to take a test, rather than their actual knowledge or skills. Alternative assessment methods, like competency-based progression, can provide a more accurate and comprehensive picture of a student's abilities. By moving away from standardized testing, we can create a more inclusive and effective education system.",652
37,CCB5EED97986,the importance of having a positive attitude,1469,"Having a positive attitude is crucial in life. It boosts confidence, productivity, and overall well-being. A positive mindset allows individuals to tackle challenges with enthusiasm, leading to greater success. Conversely, a negative attitude can hinder progress and lead to unhappiness. By adopting a positive outlook, one can navigate life's obstacles with optimism, fostering a more fulfilling existence. This mindset is essential for personal and professional growth, making it imperative to cultivate a positive attitude.",526
38,1E6F7CF7470E,a topic of personal interest,1583,"The implementation of a universal basic income (UBI) is a topic of great interest to me. While some argue that UBI is too costly, I believe it's essential for reducing poverty and income inequality. By providing a guaranteed minimum income, individuals can afford basic necessities, alleviating stress and anxiety. Additionally, UBI would give people the financial security to pursue meaningful work, rather than just taking any job for the sake of a paycheck. This, in turn, would lead to increased innovation and productivity. I urge policymakers to reconsider the potential benefits of UBI and work towards creating a more equitable society. With careful planning and implementation, UBI can be a game-changer for millions of people worldwide.",746
39,FFDC4011AC9C,a topic of personal interest,1298,"Climate change is a pressing issue. Humans have a moral obligation to reduce carbon emissions, invest in renewable energy, and protect natural habitats. Failure to act will have devastating consequences, including rising sea levels and extreme weather events. Governments and corporations must prioritize sustainability over profits, ensuring a livable future for generations to come. Immediate action is necessary to mitigate the worst effects of climate change.",463
40,E103955391AB,a topic of personal interest,2201,"Standardized testing is a long-standing debate in the education system. I firmly believe that it should be abolished due to its limited scope and biased nature. These tests only measure a student's ability to memorize and recall information, rather than their critical thinking and problem-solving skills. Furthermore, they can be culturally biased, putting certain groups at a disadvantage. This can lead to inaccurate assessments and unfair consequences. By moving away from standardized testing, we can foster a more inclusive and well-rounded education system that values individuality and creativity. Alternative assessments, such as project-based evaluations, can provide a more comprehensive picture of a student's abilities. Ultimately, it is time to rethink the role of standardized testing in our education system and prioritize a more holistic approach to learning.",876
41,F094225CAE4F,a topic of personal interest,2247,"The implementation of universal basic income (UBI) is a crucial step towards alleviating poverty and promoting economic stability. By providing every citizen with a guaranteed minimum income, governments can ensure that basic needs are met, regardless of employment status. This, in turn, can foster a more equitable society, as individuals are empowered to pursue meaningful work rather than just any job for a paycheck. Critics argue that UBI is too costly, but I firmly believe that its benefits, including reduced poverty and increased economic mobility, far outweigh the costs. As technology continues to displace jobs, UBI is an essential safety net to mitigate the negative effects of automation. Furthermore, UBI can stimulate local economies, as recipients are more likely to spend their income within their communities. Ultimately, the implementation of UBI is a vital investment in the well-being of society, and its benefits will be felt for generations to come.",974
42,0B6316123881,the value of education,1398,"Education is the key to unlocking individual and societal potential. It fosters critical thinking, problem-solving, and innovation, leading to personal and economic growth. Despite its importance, many undervalue education, prioritizing short-term gains over long-term benefits. However, investing in education yields significant returns, including improved health, increased productivity, and social mobility. It is essential to recognize the value of education and prioritize it, as it is the foundation for a prosperous and equitable society. By doing so, we can ensure a brighter future for generations to come.",615
43,E2E3D86A8CF8,a topic of personal interest,1905,"Standardized testing is a highly debated topic in education. While some argue it's necessary to measure student progress, I firmly believe it's a hindrance to genuine learning. These tests often prioritize rote memorization over critical thinking and creativity, leading to a narrow focus on test preparation rather than exploration and discovery. Furthermore, they can be culturally and socioeconomically biased, putting certain students at a disadvantage. By abolishing standardized testing, we can foster a more inclusive and innovative education system that values individuality and promotes a love of learning. This, in turn, will better equip students to succeed in an ever-changing world.",695
44,7B5F5B33B566,a topic of personal interest,2587,"Standardized testing is a highly debated topic in education. While some argue that it provides an objective measure of student knowledge, I firmly believe that it has a negative impact on students. The high-stakes nature of these tests creates undue stress and anxiety, leading to a narrow focus on test-taking skills rather than true learning and understanding. Moreover, standardized tests do not account for individual learning styles or creativity, stifling students' ability to think critically and approach problems from unique angles. By placing such a heavy emphasis on standardized testing, we are failing to prepare students for the complexities of the real world. It is time to reevaluate the role of standardized testing in education and prioritize more holistic and inclusive assessments.",801
45,2538542762C0,the value of education,2697,"The value of education is a highly debated topic, with some arguing it's unnecessary in today's society. However, I firmly believe that education is invaluable. Not only does it provide individuals with knowledge and skills, but it also fosters critical thinking, problem-solving, and creativity. Education has been shown to reduce poverty, increase economic growth, and improve overall well-being. Moreover, it empowers individuals to make informed decisions, participate in their communities, and contribute to the betterment of society. While some may argue that self-taught individuals can succeed without formal education, the benefits of a structured educational system far outweigh any potential drawbacks. Ultimately, education is essential for personal and societal development, and its value should not be underestimated. By prioritizing education, we can create a more informed, innovative, and prosperous world.",923
46,C3E8D00403D9,the importance of friendship and relationships,1302,"Friendship and relationships are vital for human well-being. They provide emotional support, a sense of belonging, and improved mental health. In contrast to isolation, friendships foster personal growth, empathy, and happiness. Investing in relationships is essential for a fulfilling life, as they bring joy, trust, and companionship. By nurturing friendships, we build a strong support network, leading to a more resilient and satisfying life.",446
47,8B1EB1890F9B,a topic of personal interest,3065,"The implementation of universal basic income (UBI) is a topic of great interest to me. As technology advances, automation replaces jobs, and the wealth gap widens. UBI can provide a safety net, ensuring everyone's basic needs are met. Critics argue it's too expensive, but I counter that the benefits outweigh the costs. UBI can reduce poverty, improve mental and physical health, and increase entrepreneurship. It can also simplify welfare systems, reducing bureaucracy. Implementing UBI is a moral imperative, as it promotes dignity and equality. We must adapt to the changing job market and prioritize human well-being. By investing in UBI, we can create a more just and equitable society. With careful planning and implementation, UBI can be a game-changer, and I strongly believe it's an idea worth exploring.",814
48,CD4135EAFB1E,a topic of personal interest,3314,"The implementation of veganism is a topic of immense personal interest to me.  Many argue that adopting a vegan lifestyle is extreme and unnecessary, but I firmly believe it is crucial for our planet's survival. Animal agriculture is a significant contributor to greenhouse gas emissions, deforestation, and water pollution. By choosing plant-based options, we can greatly reduce our carbon footprint and help mitigate climate change. Furthermore, animal farming is often linked to animal cruelty and neglect. By boycotting these industries, we can promote more humane and sustainable practices. Some may claim that veganism is restrictive or expensive, but with the vast array of plant-based products available, it is now easier than ever to adopt a vegan lifestyle. Ultimately, I believe that veganism is not just a personal choice, but a moral obligation to protect our planet and its inhabitants. We must take responsibility for our actions and make conscious decisions to reduce our impact on the environment. By embracing veganism, we can create a better future for ourselves and future generations.",1105
49,CC2EC6C74865,the value of education,2801,"The value of education is often underestimated, yet it is the foundation of a successful and prosperous society. Education provides individuals with the skills, knowledge, and critical thinking necessary to navigate the complexities of the world. It fosters innovation, creativity, and problem-solving, driving economic growth and social progress. Moreover, education empowers people to make informed decisions, participate in civic engagement, and contribute to their communities. Despite its importance, some argue that education is not a worthwhile investment, citing the rising costs of tuition and the availability of alternative paths to success. However, these arguments are shortsighted, as they fail to consider the long-term benefits of education, including increased earning potential, improved health outcomes, and a more informed and engaged citizenry. In conclusion, education is a vital component of personal and societal development, and its value should not be underestimated.",993
50,A0E95D8119F7,a topic of personal interest,2687,"The implementation of standardized testing in schools has been a long-standing debate. While some argue that it helps to measure student progress and preparedness for higher education, I firmly believe that it hinders the learning experience. Standardized testing creates an immense amount of stress on students, which can negatively impact their mental health. Furthermore, it limits the creativity and flexibility of teachers to design engaging lesson plans. The one-size-fits-all approach fails to account for individual learning styles, resulting in an inaccurate representation of a student's knowledge. By abolishing standardized testing, we can promote a more inclusive and nurturing learning environment that prioritizes critical thinking and problem-solving skills over mere test-taking abilities.",806
51,CCA58535073C,a topic of personal interest,1691,"Climate change is a pressing issue that requires immediate attention. Rising temperatures are melting polar ice caps, causing sea levels to rise and coastal erosion to worsen. This has devastating effects on marine ecosystems and human populations. Despite the overwhelming evidence, some argue that climate change is a natural phenomenon. However, human activities such as deforestation and pollution have significantly contributed to the problem. Implementing renewable energy sources and reducing carbon emissions can mitigate the effects of climate change. Governments and individuals must take collective action to protect the planet for future generations. The time to act is now, and we must prioritize sustainability over economic interests.",749
52,71A9098715EB,a topic of personal interest,2338,"Universal healthcare is a fundamental human right that should be implemented globally. The current system, where healthcare is treated as a privilege for the wealthy, is unjust and inhumane. Millions of people suffer and die from preventable diseases due to lack of access to medical care. Implementing universal healthcare would not only save lives but also boost economic productivity and reduce poverty. It would also alleviate the financial burden on individuals and families, allowing them to focus on their well-being rather than accumulating medical debt. Additionally, a healthy population would contribute to a more stable and prosperous society. Therefore, it is imperative that governments prioritize the implementation of universal healthcare, ensuring that everyone has access to quality medical care regardless of their socio-economic status. This would be a significant step towards creating a more equitable and just world.",939
53,824896E8F91B,the importance of friendship and relationships,1056,"Friendships and relationships are crucial for our emotional and mental well-being. They provide support, companionship, and a sense of belonging, which are essential for a happy and fulfilling life. Without them, we risk feeling isolated and lonely, leading to depression and anxiety. Strong relationships also promote personal growth, as friends and loved ones encourage and motivate us to reach our full potential. Investing in friendships and relationships is vital, as they bring joy, meaning, and purpose to our lives. By nurturing these connections, we can build a strong support network and live a more resilient, happy life.",632
54,60D9DD69CE8D,a topic of personal interest,5408,"The implementation of universal basic income (UBI) has been a topic of debate in recent years. As someone who is passionate about social welfare and economic equality, I firmly believe that UBI is a necessary step towards creating a more just and equitable society. The concept of UBI is simple: every citizen receives a regular, unconditional sum of money from the government to cover their basic needs. This amount would be enough to provide a decent standard of living, allowing people to meet their fundamental needs such as food, shelter, and healthcare.

One of the primary arguments against UBI is that it would be too expensive to implement and maintain. However, I would argue that the benefits of UBI far outweigh the costs. For one, UBI would help to reduce poverty and income inequality, which are two of the most pressing issues facing our society today. By providing a safety net for all citizens, UBI would ensure that everyone has access to the resources they need to thrive, regardless of their background or circumstances.

Another argument against UBI is that it would reduce the incentive for people to work. However, this argument is based on a flawed assumption that people only work for financial gain. In reality, many people work because they are passionate about their jobs, or because they want to contribute to society. UBI would actually enable people to pursue their passions and interests, rather than just taking any job for the sake of a paycheck. Additionally, UBI would give people the financial security to start their own businesses, or to pursue entrepreneurial ventures, which could lead to innovation and economic growth.

Furthermore, UBI would have numerous positive effects on mental and physical health. Financial stress is a major contributor to anxiety and depression, and UBI would help to alleviate this stress by providing a sense of security and stability. It would also enable people to access healthcare services and healthy food, which would lead to improved physical health outcomes. In fact, a study in Finland found that UBI recipients experienced improved well-being, life satisfaction, and trust in institutions.

In conclusion, I strongly believe that UBI is a necessary step towards creating a more just and equitable society. While there are concerns about the cost and potential impact on work incentives, I believe that the benefits of UBI far outweigh the drawbacks. By providing a safety net for all citizens, UBI would help to reduce poverty and income inequality, enable people to pursue their passions and interests, and improve mental and physical health outcomes. It is time for us to rethink our social welfare systems and consider the implementation of UBI as a key component of a more equitable and just society.",2785
55,CE19B516A167,the value of education,4177,"The value of education is a topic of great debate, with some arguing that it is overvalued and unnecessary. However, I firmly believe that education is essential for individuals and society as a whole. Education provides individuals with the skills and knowledge necessary to succeed in their chosen careers, as well as in life. It also promotes critical thinking, problem-solving, and creativity, all of which are highly valued by employers. Furthermore, education has been shown to have a positive impact on health, with studies indicating that educated individuals are more likely to engage in healthy behaviors and have better health outcomes. In addition, education is key to economic growth and development, as it provides individuals with the skills and knowledge necessary to innovate and start new businesses. Some may argue that education is not necessary, citing examples of successful individuals who have dropped out of school. However, these individuals are the exception rather than the rule. In reality, the vast majority of successful individuals have a strong educational foundation. Moreover, education is not just about personal gain; it also has social benefits. Educated individuals are more likely to participate in their communities, engage in volunteer work, and vote. They are also more likely to be open-minded and tolerant, which is essential for a functioning democracy. Overall, the value of education cannot be overstated. It is essential for individuals, society, and the economy, and it is crucial that we continue to prioritize and invest in education. By doing so, we can create a more informed, skilled, and prosperous society.",1663
56,E70DD00622DB,the impact of technology on society,3318,"The impact of technology on society is a topic of ongoing debate. While some argue that technology has improved our lives, others claim it has led to social isolation and decreased face-to-face interaction. On one hand, technology has increased efficiency and accessibility, allowing people to connect with others globally. However, excessive technology use has been linked to mental health issues, such as anxiety and depression. Furthermore, the spread of misinformation on social media platforms has contributed to the erosion of trust in institutions. Ultimately, it is crucial to strike a balance between technology use and human interaction to mitigate the negative effects and harness the benefits. By being mindful of our technology use, we can promote a healthier and more connected society.",800
57,48EA282A4EAF,the value of education,1528,"Education is invaluable. It fosters critical thinking, problem-solving, and independence. By acquiring knowledge and skills, individuals can secure better job opportunities and higher salaries. Moreover, education promotes social mobility, reduces poverty, and improves overall well-being. It also enables people to make informed decisions, contribute to their communities, and drive innovation. Investing in education is essential for personal and societal growth, making it a vital component of a prosperous and progressive society.",534
58,DBF44F842C57,a topic of personal interest,1813,"Standardized testing is a controversial topic in education. While some argue it's a fair way to measure student performance, I firmly believe it's outdated and ineffective. These tests often prioritize rote memorization over critical thinking, stifling creativity and individuality. They also disproportionately affect students from low-income backgrounds, who may not have equal access to test preparation resources. Moreover, the high-stakes nature of these tests can lead to teaching to the test, rather than fostering a genuine love of learning. By moving away from standardized testing, we can create a more holistic and inclusive education system that values diversity and promotes intellectual curiosity.",711
59,E5621447B675,the value of education,757,"Education is invaluable, empowering individuals with knowledge and skills to succeed. It fosters critical thinking, creativity, and independence, leading to personal and societal growth. By investing in education, we invest in our future, driving innovation and progress. It is essential for breaking cycles of poverty and inequality, promoting social mobility and equality. Education is a fundamental human right, and its value cannot be overstated.",450
60,1721F085F81E,a topic of personal interest,1851,"The implementation of standardized testing in schools has been a contentious issue. While some argue it promotes accountability, I firmly believe it hinders learning. Standardized tests create undue stress, narrowing the curriculum to tested subjects and discouraging creativity. They also fail to account for individual learning styles, leading to inaccurate assessments. Furthermore, the emphasis on testing leads to teaching to the test, rather than fostering critical thinking and problem-solving skills. By abolishing standardized testing, we can promote a more well-rounded education, encouraging students to explore and learn without the burden of high-stakes exams. This approach will better prepare students for an ever-changing world, where adaptability and creativity are essential.",793
61,C52B76D995C6,the value of education,1328,"Education is invaluable, providing individuals with knowledge, critical thinking, and problem-solving skills. It fosters personal growth, economic mobility, and social progress. Without education, society would stagnate, lacking innovation and intellectual curiosity. Investing in education yields long-term benefits, including reduced poverty and increased civic engagement. It is essential for individuals, communities, and nations to prioritize education, as it is the key to unlocking human potential and driving positive change.",533
62,7E109A7AC169,a topic of personal interest,3020,"The use of standardized tests in education has been a subject of debate for years. I firmly believe that these tests are not an accurate measure of a student's intelligence or potential. Standardized tests only assess a narrow range of skills, often neglecting creativity and critical thinking. They also create undue stress and anxiety, leading to a negative learning environment. Furthermore, these tests are often culturally biased, putting certain groups at a disadvantage. By abolishing standardized tests, we can create a more holistic and inclusive education system that values individuality and promotes true learning. This approach would allow students to explore their interests and passions, rather than simply preparing for a test. It's time to rethink our education system and prioritize the well-being and growth of our students.",843
63,BB8064D7B327,the value of education,3742,"The value of education is a longstanding debate, with many arguing it's overvalued. However, I firmly believe that education is invaluable. It provides individuals with the knowledge, skills, and critical thinking necessary to succeed in an ever-evolving world. Education empowers people to make informed decisions, think independently, and innovate. 

It also has a direct impact on economic growth, as educated individuals are more likely to secure better-paying jobs and contribute to their communities. Furthermore, education promotes social mobility, allowing people to break free from the constraints of their socioeconomic background. 

In addition, education has numerous personal benefits, such as improved self-esteem, confidence, and overall well-being. It also fosters a sense of civic responsibility, encouraging people to participate in their communities and engage in the democratic process. 

While some argue that education is not the only path to success, and that vocational training or entrepreneurship can be just as valuable, I would counter that education provides a foundation for these pursuits. It teaches individuals how to learn, adapt, and solve problems, making them more equipped to succeed in any field. 

In conclusion, the value of education should not be underestimated. It has the power to transform individuals, communities, and societies as a whole. By investing in education, we are investing in a brighter, more prosperous future for all. Education is a fundamental right, and it is our responsibility to ensure that it is accessible and valued by all.",1592
64,1BE17E2DA549,a topic of personal interest,1459,"The implementation of universal basic income (UBI) is a highly debated topic. I strongly believe that UBI is essential for a fair and equitable society. By providing every citizen with a guaranteed minimum income, it would alleviate poverty and reduce income inequality. With UBI, people would have the financial security to pursue meaningful work, rather than just taking any job for the sake of a paycheck. This would lead to increased innovation, creativity, and overall well-being. Additionally, UBI would simplify welfare systems and reduce bureaucracy, making it more efficient and cost-effective. As technology continues to automate jobs, UBI is becoming a necessary solution to ensure that everyone has a basic level of economic security. By implementing UBI, we can create a more just and prosperous society for all. It's time to recognize the importance of UBI and take action to make it a reality.",908
65,DF149975C610,the value of education,2534,"The value of education is a topic of perpetual debate. While some argue that education is a luxury, I firmly believe it is the backbone of a prosperous society. Education not only enhances individual knowledge and skills, but also fosters critical thinking, problem-solving, and creativity. It empowers people to make informed decisions, contributing to a more enlightened and engaged citizenry. Moreover, education has a direct correlation with economic growth, as educated individuals are more likely to secure better-paying jobs, driving innovation and progress. In contrast, a lack of education can lead to poverty, inequality, and social unrest. Therefore, investing in education is paramount, as it yields long-term benefits for both individuals and society as a whole, ultimately leading to a brighter future.",816
66,AFF314E99BF2,a topic of personal interest,2533,"The implementation of a universal basic income (UBI) has sparked intense debate. As someone who is passionate about social welfare, I firmly believe that UBI is necessary. With increasing automation and job insecurity, a guaranteed income would provide financial security and alleviate poverty. It would also promote entrepreneurship and creativity, as people would have the freedom to pursue their passions without fear of financial instability. Critics argue that UBI is too costly, but I counter that the benefits of a more stable and productive society far outweigh the costs. Moreover, pilot programs have shown promising results, with recipients experiencing improved well-being and reduced stress. Implementing UBI would be a forward-thinking solution to address the challenges of the modern economy and ensure that everyone has access to a dignified life. By providing a safety net, we can foster a more equitable and prosperous society. Ultimately, UBI is not only a moral imperative, but also a sound economic strategy.",1029
67,BEE04EB31D59,the value of education,1905,"The value of education is often debated, but its importance cannot be overstated. Education is the key to unlocking individual potential, driving economic growth, and fostering a more informed and empathetic society. It provides individuals with the skills and knowledge necessary to succeed in their chosen careers, and helps to bridge the gap between social classes. Despite its many benefits, some argue that the cost of education is too high, and that alternative paths, such as vocational training, are more effective. However, education provides a foundation for lifelong learning, critical thinking, and problem-solving, making it an invaluable investment in one's future. By prioritizing education, we can create a more equitable and prosperous society, where individuals have the tools to reach their full potential and contribute to the greater good.",860
68,97EF67C73A5E,a topic of personal interest,2575,"The implementation of universal basic income (UBI) has sparked controversy in recent years. As someone passionate about social welfare, I firmly believe UBI is essential for addressing poverty and income inequality. By providing every citizen with a guaranteed minimum income, UBI ensures that basic needs are met, regardless of employment status. This, in turn, allows individuals to pursue meaningful work, rather than just any job for the sake of a paycheck. Opponents argue that UBI is too expensive and may reduce the incentive to work. However, studies have shown that UBI can actually boost entrepreneurship and creativity, as people are more likely to take risks when their basic needs are secure. Furthermore, the benefits of UBI, such as reduced poverty and improved mental health, far outweigh the costs. It's time for governments to consider UBI as a viable solution to the growing wealth gap and social unrest. By investing in UBI, we can create a more equitable and compassionate society, where everyone has the opportunity to thrive.",1048
69,20AA145EB328,the value of education,2196,"The value of education is a topic of ongoing debate. While some argue that it's overemphasized, I firmly believe that education is crucial for personal and societal growth. It fosters critical thinking, creativity, and problem-solving skills, enabling individuals to navigate complex challenges. Moreover, educated individuals are more likely to secure better job opportunities, contributing to economic stability and prosperity. Education also promotes social mobility, bridging the gap between different socio-economic classes. Furthermore, it empowers individuals to make informed decisions, actively participating in their communities and shaping a more informed, tolerant, and progressive society. By investing in education, we're investing in our collective future, and it's essential that we prioritize it to create a brighter, more prosperous world.",857
70,CFFD84E8F43B,the value of education,1420,"Education is invaluable, as it empowers individuals and transforms societies. It fosters critical thinking, problem-solving, and innovation, driving economic growth and development. By investing in education, we invest in our collective future, promoting social mobility and equality.",284
71,EB3D751AD980,the value of education,2591,"The value of education is often debated, with some arguing it's overemphasized. However, I firmly believe that education is crucial for individuals and society. Educated individuals are more likely to secure better-paying jobs, contributing to economic growth. Education also fosters critical thinking, problem-solving, and creativity, enabling people to adapt to an ever-changing world. Furthermore, education promotes social mobility, reducing poverty and inequality. It also encourages civic engagement, as educated citizens are more likely to participate in the democratic process. Additionally, education has numerous personal benefits, such as increased self-awareness, emotional intelligence, and improved mental and physical health. While some argue that education is expensive and time-consuming, the long-term benefits far outweigh the costs. In conclusion, education is essential for personal and societal development, and its value should not be underestimated. Governments and individuals must invest in education to create a more informed, empathetic, and prosperous society. By doing so, we can ensure a brighter future for all.",1143
72,D86C20117DC9,a topic of personal interest,2245,"Standardized testing is a widely debated topic in the education system. While some argue that it provides a fair and objective measure of student knowledge, I firmly believe that it has a negative impact on students and the learning process. The high-stakes testing environment creates undue stress and anxiety, leading to a narrow focus on test preparation rather than genuine learning. This can result in a lack of creativity, critical thinking, and problem-solving skills. Moreover, standardized testing often favors students from affluent backgrounds, who have greater access to test preparation resources. This perpetuates educational inequality, as disadvantaged students are left at a significant disadvantage. Therefore, I argue that standardized testing should be reformed or even eliminated, and replaced with more holistic and inclusive assessment methods that prioritize student well-being and individual growth.",924
73,1A469EB86263,a topic of personal interest,2593,"Social media has become a staple in modern life, but its impact on mental health is detrimental. Constantly comparing ourselves to others' curated highlight reels creates unrealistic expectations and fosters a sense of inadequacy. Cyberbullying and online harassment are also prevalent issues, with many users facing vicious attacks and hate speech. Furthermore, the constant stream of information can be overwhelming, leading to feelings of anxiety and fatigue. Some argue that social media has its benefits, such as staying connected with friends and family, but the negative effects far outweigh the positives. It's time to take a step back and reassess our social media usage, prioritizing real-life connections and mental well-being over the virtual world. By doing so, we can create a healthier and more positive online environment.",838
74,88860671767F,the value of education,1802,"The value of education is often debated, but its significance cannot be overstated. Education empowers individuals with knowledge, critical thinking, and problem-solving skills, enabling them to make informed decisions and contribute to society. It bridges the gap between social classes, fosters equality, and promotes economic growth. Without education, individuals are limited in their career prospects and earning potential, perpetuating cycles of poverty. Furthermore, education promotes cultural understanding, tolerance, and social cohesion. Investing in education is investing in the future, and it is essential for personal and societal progress.",655
75,7982F5F494E2,a topic of personal interest,1243,"Standardized testing is a widely debated topic. I firmly believe these tests are unfair and ineffective. They cause undue stress, limit creativity, and do not accurately measure intelligence. Many students have test anxiety, which negatively impacts their performance. Furthermore, the tests prioritize rote memorization over critical thinking and problem-solving skills. This approach to education is outdated and needs to be reevaluated. By abandoning standardized testing, we can foster a more inclusive and innovative learning environment.",543
76,7DDFF6DA8655,a topic of personal interest,2354,"The implementation of a universal basic income (UBI) has been a topic of interest for many years. I strongly believe that UBI is essential for a more equitable society. The benefits of UBI are numerous, including poverty reduction and financial security. With UBI, people can pursue meaningful work, rather than just taking any job for the paycheck. Additionally, it allows for more entrepreneurial endeavors, as people are not solely reliant on a single income source. Many experts argue that UBI is too costly, but I disagree. Implementing UBI would actually save the government money in the long run by reducing poverty-related costs. UBI trials have shown promising results, with improved well-being and reduced stress. It's time for governments to reconsider their stance on UBI and work towards implementing it. By doing so, we can create a more stable and prosperous society for all.",890
77,9BAE37CAB3ED,a topic of personal interest,1785,"Climate change is a pressing issue that demands immediate attention. As the world grapples with rising temperatures and unpredictable weather patterns, it's astonishing that some still debate its existence. The science is clear: human activities, particularly the burning of fossil fuels, are significantly contributing to the problem. I firmly believe that transitioning to renewable energy sources, such as solar and wind power, is the only viable solution. Not only will this reduce our reliance on finite resources, but it will also mitigate the devastating impact of climate change on our planet. It's our responsibility to act now and ensure a sustainable future for generations to come. The cost of inaction far outweighs the cost of implementing renewable energy sources, making it a necessary step towards a healthier, more sustainable world.",851
78,6C449C1EDB2D,the importance of having a positive attitude,1452,"A positive attitude is essential for success. It influences our perception, relationships, and overall well-being. With a positive mindset, we approach challenges with confidence and resilience, leading to greater achievements. Conversely, a negative attitude can hinder progress and strain relationships. By adopting a positive outlook, we become more adaptable, motivated, and better equipped to handle life's obstacles, ultimately leading to a more fulfilling life.",468
79,F7DD6134C693,the importance of having a positive attitude,1046,"Having a positive attitude is crucial in life. It boosts confidence, improves mental health, and enhances relationships. A positive mindset helps individuals overcome obstacles and achieve goals. It also fosters resilience, allowing people to bounce back from failures. In contrast, a negative attitude can lead to stagnation and unhappiness. Therefore, cultivating a positive attitude is essential for personal growth and success. By doing so, individuals can lead a more fulfilling and meaningful life, and overcome life's challenges with ease and confidence.",561
80,C0EAFCE50675,a topic of personal interest,1780,"Standardized testing is a widely debated topic in the education system. While some argue it effectively assesses student knowledge, I firmly believe it has more drawbacks. The exams often create undue stress for students, leading to anxiety and a negative association with learning. Moreover, these tests only measure a narrow range of skills, neglecting creativity and critical thinking. They also favor students from affluent backgrounds, who have greater access to test prep resources. By removing standardized testing, we can foster a more inclusive and well-rounded education system, allowing students to thrive and reach their full potential.",648
81,EA105A8B8699,the importance of having a positive attitude,1680,"A positive attitude is crucial for success. It boosts confidence, fosters resilience, and enhances relationships. With a positive mindset, individuals approach challenges with optimism, leading to greater accomplishments. Conversely, a negative attitude hinders growth, leading to stagnation. A positive attitude also improves mental and physical health, reducing stress and anxiety. By adopting a positive attitude, individuals can overcome obstacles, achieve their goals, and live a fulfilling life.",501
82,B2D03F892B0D,the value of education,2409,"The value of education is a topic of ongoing debate. While some argue that its significance is dwindling, I firmly believe that education remains invaluable. It not only imparts knowledge and skills but also fosters critical thinking, problem-solving, and creativity. Educated individuals are more likely to secure better job opportunities, contribute to their communities, and make informed decisions. Moreover, education has a profound impact on personal growth, empowering individuals to become active participants in society. It is essential for breaking cycles of poverty, promoting social mobility, and driving economic growth. By investing in education, we can create a more informed, tolerant, and prosperous society. Therefore, it is crucial that we prioritize education and recognize its inherent value.",813
83,9F7E189A2DCF,a topic of personal interest,1500,"The implementation of renewable energy sources is crucial for our planet's future. As the world grapples with climate change, it's imperative that we transition away from fossil fuels. Not only do they contribute to greenhouse gas emissions, but they're also a finite resource. In contrast, renewable energy sources like solar and wind power are sustainable and abundant. Investing in renewable energy will create jobs, stimulate local economies, and ensure a cleaner environment for future generations. It's our responsibility to prioritize the health of our planet and make the necessary changes to mitigate the effects of climate change.",640
84,293A93F037A7,a topic of personal interest,3976,"Standardized testing has become a cornerstone of modern education, but I firmly believe it is a flawed system. These tests are often high-stakes, and a student's entire academic future can depend on their performance. This creates an immense amount of pressure, leading to stress and anxiety that can negatively impact a student's mental health.

Furthermore, standardized tests only measure a narrow range of skills, such as math and reading comprehension. They fail to account for important qualities like creativity, critical thinking, and problem-solving. This can lead to a lack of diversity in the classroom, as students are forced to conform to a specific teaching style.

Additionally, standardized tests can be biased towards certain socioeconomic groups. Students from wealthier families often have access to better resources, such as private tutors and test prep courses, giving them an unfair advantage. This can perpetuate inequality in the education system, making it more difficult for disadvantaged students to succeed.

Instead of relying on standardized tests, educators should focus on more holistic assessments that take into account a student's individual strengths and weaknesses. This could include project-based evaluations, peer review, and self-assessment. By moving away from standardized testing, we can create a more inclusive and supportive learning environment that allows students to thrive.",1423
85,89C7C4115B84,a topic of personal interest,2995,"The adoption of renewable energy sources is crucial for our planet's future. Climate change is a pressing issue, and our reliance on fossil fuels is a significant contributor. Renewable energy, such as solar and wind power, can significantly reduce carbon emissions. Investing in renewable energy can create jobs and stimulate local economies. Moreover, the cost of renewable energy is decreasing, making it more competitive with fossil fuels. We must transition to renewable energy to mitigate climate change and ensure a sustainable future. Governments and corporations must prioritize renewable energy investments to protect our planet. The benefits of renewable energy far outweigh the costs, and it is our responsibility to act now.",737
86,FF4CBDA0E418,a topic of personal interest,1222,"Standardized testing is a highly debated topic. While some argue it's necessary for academic evaluation, I firmly believe it's an outdated and ineffective method. It creates unnecessary stress for students, stifles creativity, and doesn't accurately measure intelligence or potential. With the rise of alternative assessments, it's time to reconsider our reliance on standardized testing and focus on more holistic approaches to education.",439
87,570595740274,a topic of personal interest,4153,"The implementation of universal basic income (UBI) has sparked intense debate in recent years. As a proponent of UBI, I firmly believe that it is an essential step towards creating a more equitable and sustainable society. By providing every citizen with a guaranteed minimum income, regardless of their employment status, UBI can help alleviate poverty and income inequality.

One of the primary arguments against UBI is that it could reduce the incentive for people to work. However, numerous studies have shown that UBI can actually increase productivity and creativity, as individuals are no longer burdened by the stress of making ends meet. Additionally, UBI can enable people to pursue meaningful work and entrepreneurial endeavors, rather than just taking any job for the sake of a paycheck.

Moreover, UBI can help address the issue of automation, which is increasingly displacing workers in various industries. As machines and artificial intelligence continue to replace human labor, UBI can provide a vital safety net for those who lose their jobs. It can also give people the financial security to adapt to new technologies and acquire new skills, rather than being forced into low-wage or precarious work.

Another significant benefit of UBI is its potential to simplify welfare systems and reduce bureaucracy. By consolidating existing welfare programs into a single, universal payment, governments can eliminate unnecessary administrative costs and ensure that support reaches those who need it most. This, in turn, can help reduce poverty and inequality, as well as promote social cohesion and economic mobility.

In conclusion, implementing UBI is a crucial step towards building a more just and equitable society. While there are valid concerns about its feasibility and potential impact, the benefits of UBI far outweigh the drawbacks. By providing a guaranteed minimum income, UBI can help alleviate poverty, promote entrepreneurship and creativity, and simplify welfare systems. As we navigate the challenges of the 21st century, it is essential that we consider innovative solutions like UBI to create a brighter future for all.",2150
88,E7EBDBDD703F,a topic of personal interest,4002,"The implementation of universal basic income (UBI) has been a topic of intense debate in recent years. As automation and artificial intelligence continue to replace human workers, I firmly believe that UBI is an essential step towards ensuring economic security for all. Critics argue that UBI is too costly and would incentivize people to be lazy, but I disagree. Firstly, UBI would provide a safety net for those who have lost their jobs due to automation, allowing them to maintain a basic standard of living. This would also give them the financial security to pursue education and training, increasing their chances of finding new employment. Additionally, UBI would stimulate local economies, as recipients would have more disposable income to spend on goods and services. Furthermore, UBI would reduce poverty and inequality, as everyone would have a guaranteed minimum income. While implementing UBI would require significant funding, I believe it is a necessary investment in the well-being of our society. By providing a basic income guarantee, we can ensure that everyone has access to the basic necessities of life, regardless of their employment status. In conclusion, UBI is a vital solution to the economic challenges posed by automation, and its benefits far outweigh the costs. It is time for us to rethink our social welfare systems and make UBI a reality. With UBI, we can create a more equitable and just society, where everyone has the opportunity to thrive.",1479
89,CCDD77656701,a topic of personal interest,5906,"The implementation of universal basic income (UBI) has been a topic of interest in recent years. Many argue that UBI is a solution to poverty and income inequality. I firmly believe that UBI is essential for a more equitable society. Firstly, UBI provides a safety net for individuals who are struggling to make ends meet. With the rise of automation and artificial intelligence, many jobs are at risk of being replaced, leaving people without a stable income. UBI ensures that everyone has access to basic necessities like food, shelter, and healthcare. 

Additionally, UBI promotes freedom and creativity, as people are no longer tied to a particular job for financial reasons. This can lead to a more diverse and innovative society, as individuals are able to pursue their passions and interests. Furthermore, UBI can help to reduce poverty and income inequality, as everyone receives a basic income regardless of their employment status. 

However, some argue that UBI is too expensive and impractical to implement. They claim that it would require significant funding, which could be difficult to finance. Nevertheless, I believe that the benefits of UBI outweigh the costs. Implementing UBI can be achieved through a combination of funding sources, such as redistributing existing social welfare funds, implementing a carbon tax, or introducing a financial transaction tax. 

In conclusion, UBI is a necessary step towards creating a more equitable society. It provides a safety net, promotes freedom and creativity, and helps to reduce poverty and income inequality. While there are challenges to implementing UBI, I believe that the benefits far outweigh the costs. It is time for governments to take a closer look at UBI and consider its potential to create a better future for all. By providing a basic income guarantee, we can ensure that everyone has the opportunity to thrive and reach their full potential.",1920
90,2A2AE5FB899F,the value of education,3216,"The importance of education is a widely debated topic, with some arguing it's unnecessary in today's society. However, I firmly believe that education holds immense value. Not only does it provide individuals with the skills and knowledge necessary to succeed in their chosen careers, but it also fosters critical thinking, creativity, and problem-solving abilities. Education empowers people to make informed decisions, participate in their communities, and contribute to the betterment of society. It breaks cycle of poverty, promotes social mobility, and enhances economic growth. Furthermore, education has a profound impact on personal development, allowing individuals to discover their passions and interests. While some may argue that education is not essential, I contend that it is the key to unlocking human potential and creating a more informed, tolerant, and prosperous world. By investing in education, we invest in our future, and it is our responsibility to ensure that everyone has access to quality educational opportunities. Ultimately, the value of education lies in its ability to transform lives and shape a better tomorrow.",1147
91,8311ABD30CC1,the value of education,1988,"The value of education is often disputed, but it remains a vital component of personal and societal growth. Education provides individuals with the knowledge, skills, and critical thinking necessary to succeed in their chosen careers. It also fosters empathy, creativity, and problem-solving abilities, enabling people to contribute to their communities and drive innovation. Furthermore, education has been shown to reduce poverty, improve health outcomes, and increase economic mobility. Despite the financial burden of pursuing higher education, the long-term benefits far outweigh the costs. In conclusion, education is essential for individual success and societal progress, and its value should not be underestimated.",723
92,AA9B263544A9,a topic of personal interest,1878,"Climate change is a pressing issue that demands immediate attention. As the world's population grows, so does our carbon footprint. I firmly believe that individuals, governments, and corporations must work together to reduce greenhouse gas emissions. The consequences of inaction are dire, with rising sea levels and extreme weather events threatening global stability. By investing in renewable energy and implementing sustainable practices, we can mitigate the effects of climate change. It is our moral obligation to protect the planet for future generations. We owe it to ourselves, our children, and the environment to take action now. The time for denial and complacency is over; it's time to unite and combat climate change.",732
93,BDF13939FA26,what it takes to achieve success,1817,"To achieve success, hard work and determination are essential, but often overlooked is the importance of adaptability and resilience. Many believe that innate talent is the key to success, but this notion is misguided. While natural ability can provide an initial advantage, it is the ability to learn from failures and adapt to new situations that truly sets successful individuals apart. By embracing challenges and persevering through obstacles, one can develop the skills and character necessary to achieve long-term success. Furthermore, resilience allows individuals to bounce back from setbacks, maintaining momentum and motivation. Ultimately, success is not solely dependent on talent, but rather the culmination of dedication, perseverance, and adaptability.",768
94,777E845C3A93,the importance of having a positive attitude,2704,"Having a positive attitude is crucial in today's fast-paced world. It not only helps individuals navigate challenges, but also fosters a healthier and more productive lifestyle. A positive mindset allows people to stay motivated, focused, and resilient, leading to greater success and accomplishment. It also promotes better relationships, as a positive attitude is contagious and can create a supportive and uplifting environment. Conversely, a negative attitude can lead to stress, anxiety, and depression, hindering personal growth and happiness. By adopting a positive attitude, individuals can take control of their lives, overcome obstacles, and achieve their goals, ultimately leading to a more fulfilling and satisfying life.",733
95,AC3111702C95,the importance of friendship and relationships,2418,"Friendships and relationships are vital to our well-being and happiness. They provide emotional support, a sense of belonging, and opportunities for personal growth. In a world where technology dominates, it's easy to overlook the importance of human connections. However, having close relationships can lead to a longer and healthier life. Friendships can help alleviate stress, improve mental health, and increase self-esteem. Moreover, they provide a support system during difficult times, helping us navigate life's challenges. Investing in friendships and relationships is essential for a fulfilling life. By prioritizing these connections, we can build stronger, more meaningful bonds, leading to a happier and more satisfying life.",738
96,F581373D36A4,the value of education,1904,"Education is the backbone of society, and its value cannot be overstated. It empowers individuals with knowledge, skills, and critical thinking, enabling them to make informed decisions and contribute to the economy. A well-educated population is more likely to be employable, innovative, and active in their communities. Furthermore, education has a direct impact on reducing poverty, crime, and social inequality. It also fosters personal growth, self-awareness, and emotional intelligence. Despite the costs, investing in education yields long-term benefits, both individually and collectively. Therefore, it is essential that governments and individuals prioritize education, ensuring equal access to quality learning opportunities for all. By doing so, we can create a more enlightened, prosperous, and harmonious society. Ultimately, education is the key to unlocking human potential and driving progress.",911
97,DAD01CB5C8D8,the value of education,1763,"Education is the backbone of society, providing individuals with the knowledge, skills, and critical thinking necessary to succeed. Despite its importance, some argue that education is overvalued, citing the rising costs of tuition and the availability of alternative paths to success. However, these views are misguided. Education offers numerous benefits, including increased earning potential, improved health outcomes, and a more informed citizenry. Furthermore, it fosters personal growth, creativity, and innovation, driving societal progress and economic development. By investing in education, we invest in our collective future, ensuring a brighter, more prosperous world for generations to come.",705
98,4DB99E2F46E3,the importance of having a positive attitude,2734,"Having a positive attitude is crucial in today's fast-paced world. It not only improves mental health but also enhances overall well-being. A positive mindset enables individuals to approach challenges with confidence and resilience, leading to greater success. Conversely, a negative attitude can hinder progress and lead to feelings of hopelessness. By adopting a positive attitude, individuals can cultivate a growth mindset, build stronger relationships, and achieve their goals. Moreover, a positive attitude can also impact physical health, with studies showing that optimism can lower blood pressure and boost the immune system. In conclusion, having a positive attitude is essential for achieving success and overall happiness, making it a vital component of a healthy and fulfilling life. By embracing positivity, individuals can unlock their full potential and live a more meaningful life.",899
99,EBF9131A638F,the value of education,3114,"The value of education is often debated, but its importance cannot be overstated. Education provides individuals with the skills and knowledge necessary to succeed in their chosen careers and navigate an ever-changing world. It not only enhances personal growth, but also boosts economic productivity and social mobility. Educated individuals are more likely to secure better-paying jobs, leading to increased financial stability and a higher standard of living. Moreover, education promotes critical thinking, problem-solving, and effective communication, all of which are essential for civic engagement and community development. Investing in education is crucial for the well-being of individuals and society as a whole, and its benefits far outweigh the costs. By prioritizing education, we can create a more informed, skilled, and prosperous society.",855
100,4BE3F5DCD6C9,a topic of personal interest,1413,"Standardized testing is a highly debated topic in education. I firmly believe that these tests are detrimental to students' learning experiences. They create undue stress and anxiety, often leading to decreased motivation and a narrow focus on test preparation rather than genuine learning. Additionally, standardized tests fail to account for individual differences in learning styles and abilities, resulting in inaccurate assessments of students' knowledge and potential. By abolishing standardized testing, we can promote a more holistic and inclusive approach to education, allowing students to thrive and reach their full potential.",638
101,7F0B7DDE89B2,the value of education,1123,"Education is invaluable, as it empowers individuals and fosters a prosperous society. It equips people with critical thinking, problem-solving, and communication skills, making them more competitive in the job market. Moreover, education promotes social mobility, reduces poverty, and increases economic growth. Despite its numerous benefits, some argue that education is overemphasized, but I firmly believe that it is essential for personal and societal development, leading to a brighter future.",498
102,3A2DBB1E0556,a topic of personal interest,2642,"The implementation of a four-day workweek has become a topic of interest in recent years. Proponents argue that it would lead to increased productivity, improved work-life balance, and reduced environmental impact. With a shorter workweek, employees would have more time to focus on personal activities, leading to better overall well-being and job satisfaction. Additionally, a reduced workweek would result in lower greenhouse gas emissions from commuting, as employees would be traveling less. Some countries have already adopted this model, with positive results. For instance, Iceland's trial of a four-day workweek showed significant improvements in productivity and employee well-being. Critics argue that a four-day workweek would lead to decreased productivity and economic losses. However, with the right implementation and flexibility, the benefits of a four-day workweek can outweigh the drawbacks. Ultimately, adopting a four-day workweek can have numerous benefits for employees, employers, and the environment, making it an idea worth exploring and implementing.",1077
103,AC9719A6A375,a topic of personal interest,3054,"The implementation of universal healthcare is a pressing concern. While some argue that it's too costly, I firmly believe it's essential for a country's well-being. Every individual deserves access to quality medical care, regardless of their financial situation. The current system, where only those with insurance or wealth can afford healthcare, is unjust and inhumane. Thousands of people suffer and even die due to lack of access to medical care. By implementing universal healthcare, governments can ensure that all citizens receive necessary treatment, reducing mortality rates and improving overall health. Although it may require increased taxes, the long-term benefits far outweigh the costs. A healthier population is more productive, leading to economic growth and a better quality of life. It's time for countries to prioritize their citizens' well-being and adopt universal healthcare. This is not only a moral imperative, but also a sound investment in the future.",979
104,49CBF98C0292,the impact of technology on society,4870,"The integration of technology into our daily lives has been a subject of debate, with some arguing that it has improved society, while others claim it has hindered our progress. In my opinion, technology has had a significant negative impact on society. 

On the one hand, technology has made communication more convenient and accessible, connecting people worldwide. However, this increased connectivity has also led to social isolation, as people substitute face-to-face interactions with digital communication. Additionally, the constant stream of information from social media can be overwhelming, contributing to increased stress levels and decreased attention spans.

Furthermore, the rise of automation has resulted in significant job losses, as machines and artificial intelligence replace human workers. This not only affects individuals but also has far-reaching consequences for the economy and societal stability. The widening gap between the technological haves and have-nots exacerbates social inequality, as those with access to technology have greater opportunities for education, employment, and social mobility.

Moreover, technology has also had a profound impact on our environment. The production and disposal of electronic devices contribute to pollution, while the energy consumption required to power our digital lives is staggering. The consequences of this environmental degradation will be felt for generations to come, making it imperative that we reassess our relationship with technology.

In conclusion, while technology has brought some benefits, its negative impact on society cannot be ignored. As we continue to advance technologically, it is crucial that we consider the consequences of our actions and strive to create a more balanced and sustainable relationship between technology and society. By doing so, we can mitigate the negative effects of technology and ensure that its benefits are equitably distributed, ultimately creating a better future for all.",1997
105,C9B989E27414,the importance of having a positive attitude,1548,"Having a positive attitude is crucial for success. It boosts self-esteem, confidence, and resilience, enabling individuals to overcome obstacles. A positive mindset also fosters better relationships and improves mental health. By adopting a optimistic outlook, people can achieve their goals and lead a happier, more fulfilling life.",333
106,DC7961960711,the value of education,1778,"The value of education is often debated, but its significance cannot be overstated. Education empowers individuals with knowledge, critical thinking, and problem-solving skills, enabling them to navigate complex societal issues. It fosters personal growth, independence, and self-sufficiency. Moreover, education has a direct impact on economic development, as educated individuals contribute to a skilled workforce and drive innovation. Without education, individuals are limited in their career prospects and social mobility. Therefore, education is essential for personal and societal advancement, and its value should be recognized and prioritized.",652
107,946D8B23ECA6,a topic of personal interest,3279,"The implementation of stricter gun control laws is a highly debated topic in the United States. As a strong advocate for gun control, I firmly believe that stricter laws are necessary to reduce gun violence and promote public safety. The current laws are lax, allowing individuals to purchase firearms without thorough background checks, contributing to the alarming rate of gun-related deaths. Stricter laws would require universal background checks, waiting periods, and stricter licensing requirements, making it more difficult for dangerous individuals to obtain firearms. This would significantly reduce the number of gun-related crimes and accidents, ultimately saving countless lives. Furthermore, many countries with strict gun control laws have significantly lower rates of gun violence, demonstrating the effectiveness of such measures. It is time for the US to follow suit and prioritize the safety of its citizens. We owe it to the victims of gun violence and their families to take action and create a safer, more responsible society. By implementing stricter gun control laws, we can work towards a future where gun violence is a rarity, rather than a norm.",1171
108,4F89EB8CB97F,the value of education,2231,"The value of education is often underestimated, but it is the foundation upon which individuals, communities, and societies are built. Education empowers people with knowledge, skills, and critical thinking, enabling them to make informed decisions and contribute to the betterment of society. It breaks the cycle of poverty, fosters economic growth, and promotes social mobility. Despite its importance, some argue that education is unnecessary, citing examples of successful individuals who dropped out of school. However, these cases are exceptions rather than the rule. Statistics show that educated individuals earn higher salaries, have better health outcomes, and are more likely to participate in civic activities. Furthermore, education promotes tolerance, understanding, and empathy, essential for a harmonious and diverse society. In conclusion, education is invaluable, and its benefits extend far beyond individual gain, shaping the very fabric of our collective future.",983
109,B04F96DEDE6B,what it takes to achieve success,2215,"The notion that success is solely dependent on innate talent is a misconception. While natural ability can provide a foundation, it is dedication, perseverance, and hard work that ultimately lead to achievement. Thomas Edison, a paradigm of success, is often quoted as saying ""genius is 1% inspiration and 99% perspiration."" This statement epitomizes the idea that success is not merely a product of innate ability, but rather the result of tireless effort and unwavering commitment. Moreover, individuals such as J.K. Rowling and Stephen King, who have overcome significant obstacles to attain success, exemplify the importance of resilience and determination. Their stories demonstrate that success is not solely reserved for the gifted, but rather is accessible to those who are willing to put in the time and effort required to hone their craft. Ultimately, it is the culmination of these factors, rather than just talent, that enables individuals to achieve success and reach their full potential.",1002
110,009BCCC61C2A,the importance of having a positive attitude,3100,"Having a positive attitude is crucial in today's fast-paced world. It not only affects one's mental health but also influences their relationships and overall well-being. A positive attitude helps individuals approach challenges with confidence and resilience, leading to greater success in both personal and professional life. In contrast, a negative attitude can lead to increased stress, anxiety, and depression. By adopting a positive mindset, individuals can improve their problem-solving skills, build stronger relationships, and achieve their goals more efficiently. Moreover, a positive attitude can also have a ripple effect, inspiring others to do the same, creating a more supportive and uplifting environment. Therefore, it is essential to cultivate a positive attitude, as it can have a profound impact on one's life and the lives of those around them. By doing so, individuals can unlock their full potential and live a happier, healthier life.",958
111,D95B78E39793,a topic of personal interest,2514,"The implementation of a universal basic income (UBI) has sparked intense debate in recent years. As someone who is passionate about social welfare, I firmly believe that UBI is a necessary step towards creating a more equitable society. By providing every citizen with a guaranteed minimum income, we can eradicate poverty and ensure that everyone has access to basic necessities like food, shelter, and healthcare. Critics argue that UBI is too costly and would be inefficient, but I counter that the benefits far outweigh the costs. UBI would stimulate economic growth, reduce inequality, and give people the financial security to pursue their passions. Additionally, it would simplify welfare systems and reduce bureaucracy. While there are valid concerns about funding, I believe that a combination of progressive taxation and redistribution of existing social welfare funds could make UBI a reality. Ultimately, UBI has the potential to revolutionize the way we think about work and wealth, and I strongly advocate for its implementation.",1043
112,7E48A7A7B400,the value of education,2119,"Education is the backbone of society, yet many underestimate its value. It not only enhances individual knowledge, but also fosters critical thinking, problem-solving, and creativity. By acquiring education, individuals can break the cycle of poverty, improve their socio-economic status, and contribute to the economy. Moreover, education promotes social mobility, empowers women, and reduces inequality. It is essential for governments and institutions to invest in education, recognizing its long-term benefits. By doing so, we can create a more informed, skilled, and prosperous society, ultimately leading to a brighter future for all. Education is a fundamental human right, and it is imperative that we prioritize it.",724
113,DEDCC703F6FC,the value of education,2674,"Education is the key to unlocking individual and societal potential. Despite its importance, some argue that education is no longer a valuable investment. However, this perspective is misguided. Education provides numerous benefits, including improved career opportunities, increased earning potential, and enhanced critical thinking skills. Moreover, educated individuals are more likely to contribute to their communities and participate in the democratic process. In contrast, a lack of education can lead to poverty, unemployment, and social inequality. Therefore, it is essential that we prioritize education and recognize its value in shaping a better future for ourselves and future generations. By doing so, we can create a more informed, productive, and equitable society.",781
114,0ED9E0B4AC30,a topic of personal interest,1152,"Standardized testing is a flawed system. It creates unnecessary stress and doesn't accurately measure intelligence. Many students are great learners, but poor test-takers. Alternative assessments, like project-based evaluations, can provide a more comprehensive picture of a student's abilities.",295
115,48940AA0656E,a topic of personal interest,1112,"Standardized testing is a flawed system. It creates undue stress and unfairly assesses students, as it doesn't account for individual learning styles or creativity. Critical thinking and problem-solving skills are neglected, prioritizing rote memorization instead. This approach can lead to a narrow, unengaging education, stifling innovation and progress.",356
116,F1DF4F89F70D,the value of education,3117,"Education is often regarded as the key to unlocking individual and societal potential. While some argue that its value lies in the economic benefits it provides, others claim it's overemphasized. However, I firmly believe that education holds immense intrinsic value that extends far beyond financial gains.

Through education, individuals acquire critical thinking, problem-solving, and communication skills, enabling them to navigate complex social and professional environments. It fosters empathy, tolerance, and open-mindedness, promoting a more cohesive and informed society. Moreover, education empowers people to make informed decisions about their health, finances, and civic engagement.

The benefits of education are not limited to the individual; they have a ripple effect on communities and nations. A well-educated population is better equipped to drive innovation, economic growth, and social progress. Education also plays a crucial role in bridging the gap between socio-economic disparities, promoting equality and social mobility.

In conclusion, the value of education lies in its transformative power to shape individuals, societies, and the world at large. It is an investment in human capital, with far-reaching benefits that extend beyond economic returns. As such, education should be prioritized and accessible to all, regardless of socio-economic background or geographical location. By doing so, we can unlock the full potential of individuals and societies, creating a brighter, more equitable future for all.",1538
117,10DA9316D02D,the value of education,5444,"The value of education is a topic of ongoing debate, with some arguing that it is no longer a vital component of success in today's society. However, I firmly believe that education remains an essential aspect of personal and professional development. Education provides individuals with the knowledge, skills, and critical thinking abilities necessary to navigate an increasingly complex world. It allows people to make informed decisions, think critically, and solve problems effectively.

Moreover, education has a profound impact on socioeconomic mobility. Studies have consistently shown that individuals with higher levels of education tend to earn higher salaries, have better job prospects, and are more likely to escape poverty. This is because education provides people with the skills and knowledge required to compete in the modern workforce. In addition, education has been linked to improved health outcomes, increased civic engagement, and a reduced risk of crime.

Some may argue that the rising cost of education and the availability of online learning platforms have diminished the value of traditional education. However, I would counter that while online learning platforms can provide access to information, they cannot replace the social and cultural benefits of traditional education. Interacting with peers and professors, participating in extracurricular activities, and developing social skills are all essential components of the educational experience.

Others may argue that many successful individuals, such as entrepreneurs and artists, have achieved success without formal education. However, these individuals are the exception rather than the rule. For most people, education provides a foundation for success and a safety net in times of uncertainty. It also allows individuals to adapt to changing circumstances and to pursue new opportunities.

In conclusion, the value of education cannot be overstated. It provides individuals with the knowledge, skills, and critical thinking abilities necessary to succeed in today's complex world. Despite the rising cost of education and the availability of online learning platforms, traditional education remains the best way to achieve personal and professional development. As such, it is essential that we continue to prioritize education and make it accessible to all, regardless of socioeconomic background or geographical location. By doing so, we can ensure that future generations have the skills and knowledge necessary to succeed and thrive in an increasingly competitive world. Ultimately, the value of education lies in its ability to empower individuals, promote socioeconomic mobility, and drive economic growth.",2704
118,CDA4015E635A,the importance of friendship and relationships,1389,"Friendships and relationships are crucial for human well-being. They provide emotional support, reduce stress, and increase happiness. In a world where loneliness is rising, nurturing relationships is vital. Strong bonds with others foster a sense of belonging and identity. Without meaningful connections, life can feel empty and isolating. Prioritizing friendships and relationships is essential for a fulfilling life.",420
119,7373B4F44528,the effects of social media,6044,"The impact of social media on society has been a topic of debate in recent years. While some argue that social media has numerous benefits, such as connecting people worldwide and providing a platform for self-expression, others claim that it has a multitude of negative effects. In this essay, I will argue that the negative effects of social media far outweigh its benefits.

First and foremost, social media has been linked to an increase in mental health issues, particularly among young people. The constant exposure to curated and manipulated content can create unrealistic expectations and promote consumerism, leading to feelings of inadequacy and low self-esteem. Furthermore, the anonymity of social media can facilitate cyberbullying, which can have severe consequences for the victims. According to a study by the Pew Research Center, 59% of teens have experienced online harassment, with 45% saying they have been subjected to severe forms of harassment.

In addition to its impact on mental health, social media has also been accused of promoting social comparison and decreasing face-to-face interaction. People often present a highlight reel of their lives on social media, showcasing their accomplishments and hiding their flaws. This can create a sense of competition and envy, as people compare their lives to the seemingly perfect ones presented online. As a result, people are spending more time interacting with their screens and less time engaging with the world around them. A study by the University of California, Irvine found that people who spent more time on social media were more likely to experience social isolation, even if they had a large number of friends.

Another significant concern is the spread of misinformation on social media. With the ease of creating and sharing content, false information can quickly go viral, often with serious consequences. For example, during the COVID-19 pandemic, social media platforms were awash with false information about the virus, its symptoms, and its treatments. This not only created confusion but also put people's lives at risk. According to a study by the Knight Foundation, 70% of adults in the US believe that fake news has a significant impact on the country's political discourse.

Finally, social media has been criticized for its role in the erosion of civil discourse. The anonymity of social media can embolden people to express extreme views, often without consequences. This can create a toxic online environment, where people are more likely to engage in personal attacks and insults rather than respectful debate. A study by the Brookings Institution found that social media has contributed to the polarization of American politics, with people increasingly sorting themselves into like-minded groups and avoiding opposing viewpoints.

In conclusion, while social media has its benefits, its negative effects cannot be ignored. The impact on mental health, social comparison, the spread of misinformation, and the erosion of civil discourse all contribute to a toxic online environment. It is essential that we take steps to mitigate these effects, such as promoting media literacy, encouraging respectful online behavior, and holding social media companies accountable for the content they host. Only by acknowledging the negative effects of social media can we work towards creating a healthier and more constructive online community.",3432
120,053C05D2EE43,a topic of personal interest,1104,"Climate change is a pressing issue. Human activities, such as burning fossil fuels, are releasing massive amounts of greenhouse gases, leading to rising temperatures and devastating natural disasters. Governments and corporations must take immediate action to transition to renewable energy sources and reduce carbon emissions. The future of our planet depends on it, and we cannot afford to wait.",397
121,0E07647BBC59,the value of education,2303,"The value of education is often debated, but its importance cannot be overstated. Education provides individuals with the skills and knowledge necessary to succeed in life. It opens doors to better job opportunities, higher salaries, and improved social mobility. Moreover, education fosters critical thinking, problem-solving, and communication skills, essential for personal and professional growth. Despite the costs, education is a worthwhile investment, yielding long-term benefits for individuals and society as a whole. By prioritizing education, we can create a more informed, skilled, and prosperous population, ultimately driving positive change and progress.",669
122,C51C5EA029D6,a topic of personal interest,2376,"I strongly believe that zoos should be abolished as they prioritize entertainment over animal welfare. Many zoos claim to support conservation efforts, but in reality, they often keep animals in small, unnatural environments, leading to stress and health problems. The capture and breeding of wild animals for display is also a form of exploitation, disregarding their natural instincts and social structures. Furthermore, zoos can't replicate the complex ecosystems found in nature, making it impossible for animals to thrive. By closing zoos, we can redirect resources towards genuine conservation efforts, such as protecting and restoring natural habitats, and supporting anti-poaching initiatives. This would not only improve the lives of animals but also promote a more ethical and sustainable approach to conservation.",824
123,FC33EC420C9E,the value of education,2531,"The value of education is often debated, but its importance cannot be overstated. Education is the foundation upon which individuals, communities, and societies are built. It empowers people with knowledge, skills, and critical thinking, enabling them to make informed decisions and contribute to the economy. Without education, individuals are left unprepared to participate in the workforce, making them vulnerable to poverty and social inequality. Furthermore, education fosters personal growth, independence, and social mobility. It allows people to question, challenge, and improve the status quo, driving innovation and progress. In contrast, a lack of education can lead to stagnation, intolerance, and social unrest. Therefore, investing in education is essential for creating a prosperous, just, and equitable society. By prioritizing education, we can unlock human potential, promote social cohesion, and build a brighter future for all. This is why education should be accessible, affordable, and of high quality, as it is the key to unlocking a better tomorrow.",1073
124,BA14C47026ED,the value of education,445,"Education is invaluable, as it empowers individuals and societies. It fosters critical thinking, innovation, and economic growth, ultimately leading to a more informed and prosperous world.",189
125,0D9288F0A6C9,the value of education,1900,"The value of education is often underestimated, but it is essential for personal and societal growth. Education not only enhances individual knowledge and skills but also fosters critical thinking, problem-solving, and creativity. It empowers people to make informed decisions, participate in the workforce, and contribute to their communities. Moreover, education has a profound impact on the economy, as a well-educated population drives innovation, entrepreneurship, and productivity. Despite its numerous benefits, some argue that education is a luxury, but I firmly believe it is a fundamental right that should be accessible to all. Investing in education is investing in the future, and it is crucial for building a more equitable, just, and prosperous society. By prioritizing education, we can break cycles of poverty, promote social mobility, and create a more informed, tolerant, and engaged citizenry.",913
126,D2035E3721BA,what it takes to achieve success,1609,"Achieving success requires dedication, resilience, and strategic planning. Many believe success is solely based on talent, but it's the effort one puts in that truly matters. Thomas Edison's perseverance, despite 1,000 failed attempts, led to the invention of the light bulb. Hard work, learning from failures, and adapting to obstacles are key to attaining success. A growth mindset and continuous self-improvement also play crucial roles. Ultimately, success is a marathon, not a sprint, and it's the consistent effort that leads to lasting achievement.",555
127,F60545D8271E,the value of education,2024,"The value of education is often debated, but its importance cannot be overstated. Education is the foundation upon which individuals, communities, and societies are built. It empowers people with knowledge, critical thinking, and problem-solving skills, enabling them to make informed decisions and contribute to the betterment of society. While some argue that education is costly and inaccessible, it is a worthwhile investment that yields long-term benefits. Educated individuals are more likely to secure better-paying jobs, lead healthier lives, and actively participate in their communities. Moreover, education fosters personal growth, creativity, and innovation, driving progress and economic development. By prioritizing education, we can break cycles of poverty, promote social mobility, and create a more equitable and just society. Therefore, it is imperative that we recognize the value of education and work towards making it accessible and affordable for all.",974
128,1DDC2D1DB4EE,the value of education,2408,"The value of education is often debated, but its importance cannot be overstated. Education provides individuals with the skills and knowledge necessary to succeed in their chosen careers and contribute to society. It fosters critical thinking, problem-solving, and creativity, allowing individuals to navigate complex issues and make informed decisions. Furthermore, education has been shown to have a positive impact on economic growth, reducing poverty and increasing productivity. Despite this, some argue that education is not essential, citing examples of successful individuals who lack formal education. However, these cases are exceptions rather than the rule. The vast majority of successful individuals have benefited from education, and it is the key to unlocking their potential. In conclusion, education is invaluable, and its benefits extend far beyond personal gain, ultimately contributing to the betterment of society as a whole.",947
129,C265A20FB301,a topic of personal interest,1247,"Standardized testing is a hindrance to education. It creates undue stress, stifles creativity, and fails to account for individual learning styles. Tests like the SAT and ACT only measure a narrow range of skills, neglecting essential life skills like critical thinking and problem-solving. They also perpetuate inequality, as those with means can afford expensive test prep. By abolishing standardized testing, we can foster a more inclusive and effective education system.",474
130,6CD1B8B6BEA8,a topic of personal interest,3307,"The implementation of a four-day workweek has sparked debate. Proponents argue a compressed schedule boosts productivity, reduces burnout, and benefits the environment. With a shorter week, employees can recharge and focus, leading to increased efficiency. A study by Henley Business School found a 61% increase in productivity. Additionally, a reduced workweek decreases commuting time, minimizing carbon emissions. However, critics claim a four-day workweek is impractical, particularly for industries requiring 24/7 operations. While this is a valid concern, many companies have successfully implemented flexible scheduling. Ultimately, a four-day workweek can lead to increased employee satisfaction, productivity, and environmental benefits, making it a viable solution for modern workplaces.",797
131,FB4D3D883D49,the value of education,3422,"The value of education is a topic of ongoing debate. While some argue that education is not a guarantee of success, others believe it is essential for personal and professional growth. In reality, education provides numerous benefits, from improved career prospects to increased earning potential. It allows individuals to develop critical thinking and problem-solving skills, making them more competitive in the job market. Furthermore, education promotes social mobility, enabling people to break free from the constraints of their socio-economic backgrounds. It also fosters personal growth, empowering individuals to make informed decisions and participate actively in their communities. By investing in education, individuals can unlock their full potential, leading to a more fulfilling and successful life. Thus, education is invaluable, and its importance cannot be overstated. It is the key to unlocking a brighter future, and its benefits extend far beyond the individual, contributing to the betterment of society as a whole.",1036
132,FF8BCBD76108,a topic of personal interest,868,"Standardized testing is overemphasized. It creates undue stress and narrows curriculum focus, prioritizing rote memorization over creative thinking and critical problem-solving skills. This approach neglects individual learning styles and interests, ultimately hindering a well-rounded education.",296
133,898A8417D70E,the value of education,2163,"The value of education is often underestimated, but it is a vital component of personal and societal growth. Education provides individuals with the knowledge and skills necessary to succeed in their chosen careers, fostering economic stability and independence. Moreover, it promotes critical thinking, problem-solving, and effective communication, allowing individuals to navigate complex issues and contribute to informed decision-making. Furthermore, education has been shown to have a positive impact on health, civic engagement, and social mobility. It is essential that we prioritize education, investing in schools, teachers, and resources to ensure equal access to quality education for all. By doing so, we can empower future generations to drive innovation, progress, and positive change. Ultimately, the value of education lies in its ability to transform lives, communities, and societies as a whole, making it a worthwhile investment for individuals and society.",976
134,1F9C0492FB8A,the impact of technology on society,1256,"The impact of technology on society is a contentious issue. While it has improved communication and access to information, it also has a dark side. Excessive screen time has led to social isolation, decreased attention span, and increased stress levels. Furthermore, technology has exacerbated income inequality, as those with access to it have a significant advantage over those without. Therefore, it is crucial to acknowledge the negative consequences of technology and strive for a balance between its benefits and drawbacks.",529
135,99A3641592CA,a topic of personal interest,3136,"The implementation of universal basic income (UBI) is a topic of great personal interest to me. I firmly believe that UBI is essential for reducing poverty and income inequality. Many argue that UBI is too expensive, but I disagree. By providing every citizen with a guaranteed minimum income, UBI would stimulate economic growth and reduce the financial burden on governments. It would also give people the financial security to pursue meaningful work, rather than just any job for a paycheck. Additionally, UBI would simplify welfare systems and reduce bureaucracy. Overall, I believe that UBI is a vital step towards creating a more equitable society, and its benefits far outweigh the costs.",695
136,2A7997AE8E72,a topic of personal interest,1004,"Standardized testing is a flawed educational tool. It prioritizes rote memorization over critical thinking and creativity, leading to student disengagement. Additionally, tests often reflect socio-economic biases, perpetuating inequality. We should focus on more holistic assessments that measure a student's true potential.",324
137,77D210B9EC7E,a topic of personal interest,1983,"The Implementation of Standardized Education: A Threat to Creativity. Standardized education has become a staple in modern schools, emphasizing rote memorization over creative thinking. This approach stifles students' imagination and autonomy, forcing them to conform to a rigid curriculum. As a result, individuality is lost, and students are ill-prepared for an ever-changing world. By promoting creativity, educators can foster innovative thinkers, better equipping them for success. Standardized education hinders this process, and its restrictive nature is a disservice to students. By abandoning this outdated system, we can unlock the true potential of our youth, encouraging a brighter, more innovative future. Alternative approaches, such as project-based learning, prioritize creativity and critical thinking, producing well-rounded individuals. It is time to redefine the education system, embracing a more dynamic and adaptive approach that nurtures imagination and innovation.",989
138,06F5F6A09DC6,a topic of personal interest,2792,"Standardized testing is a contentious issue in education. Proponents argue it ensures accountability and measures student progress, but I firmly believe it hinders learning. The high-stakes environment creates undue stress, leading to anxiety and decreased motivation. Furthermore, it narrows the curriculum, as teachers 'teach to the test,' neglecting essential subjects like arts and physical education. This results in a lack of well-rounded education, ultimately harming students' cognitive and social development.",518
139,6CE97E45BF79,the impact of technology on society,1906,"The impact of technology on society is a debated topic. While some argue it has improved our lives, others claim it has caused significant harm. On one hand, technology has increased efficiency and accessibility, allowing us to connect with others globally. However, it has also led to social isolation, decreased attention span, and decreased face-to-face communication. Furthermore, technology has created job insecurity and widened the gap between the rich and the poor. Therefore, it is crucial to acknowledge the negative consequences and strive for a balance between technological advancements and human well-being. By doing so, we can harness the benefits of technology while mitigating its detrimental effects on society.",729
140,CEFDC545C24F,the value of education,1690,"Education is invaluable, providing individuals with knowledge, skills, and critical thinking. It enhances career opportunities, increases earning potential, and fosters personal growth. Without education, societies would stagnate, lacking innovation and progress. Investing in education is crucial for a prosperous future.",322
141,AC1F60D0F85D,a topic of personal interest,2292,"Standardized testing is a highly debated topic, with some arguing it's essential for academic evaluation. However, I firmly believe that it's a flawed system. The pressure to perform well on these tests can lead to significant stress and anxiety for students. Moreover, it often fails to accurately reflect a student's true abilities, as it only measures a narrow range of skills. Additionally, the emphasis on standardized testing can lead to a lack of creativity and critical thinking in the classroom, as teachers are forced to 'teach to the test.' This can result in a limited and unengaging educational experience. By abandoning standardized testing, we can create a more holistic and inclusive learning environment that truly prepares students for success.",762
142,405CEC6E7F5D,a topic of personal interest,2007,"The implementation of a universal basic income (UBI) has been a topic of debate in recent years. I firmly believe that UBI is essential for ensuring financial security and promoting economic growth. By providing every citizen with a guaranteed minimum income, governments can eradicate poverty and reduce income inequality. Opponents argue that UBI is too costly and may discourage people from working. However, I counter that UBI can actually stimulate entrepreneurship and creativity, as individuals will have the financial freedom to pursue their passions without fear of poverty. Moreover, with the rise of automation and AI, UBI is crucial for mitigating the adverse effects of job displacement. By investing in UBI, governments can create a more equitable society and foster a culture of innovation and progress. Ultimately, the benefits of UBI far outweigh the costs, and it is our moral obligation to implement this policy to ensure a brighter future for all.",967
143,96A7646236BF,a topic of personal interest,1980,"The implementation of a four-day workweek has been a topic of discussion in recent years. Proponents argue that it increases productivity, improves work-life balance, and reduces carbon emissions. On the other hand, opponents claim that it decreases overall output and negatively impacts businesses. However, I firmly believe that adopting a four-day workweek is beneficial for both employees and employers. With an extra day off, employees can recharge and focus on personal activities, leading to increased job satisfaction and reduced burnout. Additionally, a shorter workweek can lead to cost savings on utilities, transportation, and other overhead expenses. While some may argue that a four-day workweek reduces productivity, studies have shown that a condensed schedule can lead to more efficient time management and higher quality work. Ultimately, adopting a four-day workweek is a forward-thinking approach that prioritizes employee well-being and benefits the environment, making it a worthwhile consideration for modern businesses. By embracing this change, we can create a healthier, more sustainable work culture that benefits everyone.",1150
144,A38187259EEE,the value of education,2171,"The value of education is often debated, but its importance cannot be overstated. Education provides individuals with the knowledge, skills, and critical thinking necessary to succeed in their careers and personal lives. It also fosters social mobility, reduces poverty, and promotes economic growth. Furthermore, education enables people to make informed decisions, participate in their communities, and become active citizens. Despite the financial costs, the long-term benefits of education far outweigh the expenses. Investing in education is essential for creating a more informed, productive, and prosperous society. By prioritizing education, we can empower individuals, strengthen communities, and build a brighter future. Education is not a luxury, but a fundamental right that should be accessible to all, regardless of socioeconomic background or geographical location. It is our responsibility to ensure that education is valued, supported, and available to everyone.",979
145,DB8F7B150495,a topic of personal interest,1211,"Standardized testing is a flawed measure of intelligence. It fails to account for individual learning styles and creates undue stress. Alternative assessments, such as project-based evaluations, can provide a more comprehensive understanding of a student's abilities, allowing for a more accurate and fair evaluation of their knowledge and skills.",347
146,A3A5003C8AD1,a topic of personal interest,1114,"Standardized tests shouldn't determine college admissions. They're biased, stressing rote memorization over critical thinking. Alternative assessments, like project-based evaluations, would provide a more comprehensive view of a student's abilities, fostering creativity and innovation.",286
147,AFC600D922F6,a topic of personal interest,2359,"Climate change mitigation should prioritize a plant-based diet. Animal agriculture is a significant contributor to greenhouse gas emissions, with livestock accounting for around 14.5% of global emissions. In contrast, plant-based diets tend to have a lower carbon footprint. 

A well-planned plant-based diet can reduce an individual's carbon footprint by up to 50%. Furthermore, animal agriculture requires large amounts of water and land, contributing to deforestation and water pollution. 

Implementing a plant-based diet on a global scale could significantly reduce emissions and promote sustainability. It is our responsibility to adopt environmentally-friendly practices, and a plant-based diet is a crucial step towards mitigating climate change. By making conscious food choices, we can make a substantial impact and create a more sustainable future.",859
148,11DD0B26B584,the value of education,1783,"Education is the backbone of society, and its value cannot be overstated. Not only does it equip individuals with the knowledge and skills necessary to succeed, but it also fosters critical thinking, creativity, and problem-solving. Moreover, education promotes social mobility, reduces poverty, and boosts economic growth. It also enables individuals to make informed decisions, think independently, and become active participants in their communities. Some may argue that education is too expensive or time-consuming, but the benefits far outweigh the costs. Education is a worthwhile investment, and its value extends beyond personal gain to benefit society as a whole.",672
149,56080A912BB5,a topic of personal interest,2181,"The implementation of a universal basic income (UBI) is a highly debated topic. I firmly believe that UBI is essential for the well-being of society. With automation replacing jobs, UBI can provide financial security and alleviate poverty. It also promotes entrepreneurship and creativity, as individuals are not forced to take low-paying jobs for survival. Additionally, UBI can simplify welfare systems and reduce bureaucracy. Critics argue that UBI is expensive, but I contend that the benefits outweigh the costs. By investing in UBI, we can create a more equitable and prosperous society, allowing individuals to pursue their passions and contribute to the economy in meaningful ways.",689
150,C3FBD51A2343,a topic of personal interest,855,"Standardized testing is a flawed system, stifling creativity and individuality. By prioritizing rote memorization over critical thinking, these exams fail to accurately measure intelligence. Furthermore, they disproportionately affect disadvantaged students, exacerbating the achievement gap. It's time to revamp our education system, focusing on innovative and inclusive assessments that nurture unique talents and abilities.",426
151,BD8683F93B5A,a topic of personal interest,2230,"The implementation of universal basic income (UBI) is a topic of growing interest. Proponents argue that UBI would alleviate poverty, reduce inequality, and stimulate economic growth. Opponents claim it would be too costly and discourage work. However, with automation replacing jobs, UBI is necessary to ensure a dignified life for all. It would provide financial security, allowing people to pursue meaningful work and entrepreneurship. Additionally, UBI would simplify welfare systems and reduce bureaucracy. While concerns about cost and work ethic are valid, they can be addressed through careful implementation and funding strategies. UBI is not a utopian dream, but a necessary step towards a more equitable and sustainable future.",738
152,E5C9AD14EB2D,a topic of personal interest,1886,"The implementation of standardized uniforms in schools has sparked debate. While some argue it restricts personal expression, I firmly believe it promotes discipline and equality. Uniforms eliminate socioeconomic disparities, as students from different backgrounds wear the same attire. This fosters a sense of unity and reduces bullying. Moreover, uniforms prepare students for professional environments where dress codes are often strict. By wearing uniforms, students develop a sense of responsibility and professionalism, essential skills for future success. Overall, the benefits of standardized uniforms far outweigh the perceived restrictions on personal expression, making them a valuable component of a student's educational experience.",745
153,15FD5B635B50,a topic of personal interest,1491,"Standardized testing is an outdated assessment method. It creates immense stress and doesn't accurately measure a student's intelligence. By emphasizing rote memorization over critical thinking, these tests fail to prepare students for real-world challenges. Instead, they should be replaced with more holistic evaluations that consider creativity, problem-solving skills, and emotional intelligence. This approach would foster a more well-rounded education, allowing students to thrive in an ever-changing world.",513
154,BA57C427DB35,the value of education,950,"Education is invaluable, empowering individuals with knowledge and critical thinking. It fosters personal growth, economic mobility, and societal progress. By investing in education, we cultivate informed citizens, drive innovation, and address social inequalities. Prioritizing education is crucial for a prosperous and enlightened future.",340
155,FA568C27F0F5,a topic of personal interest,1829,"The implementation of universal basic income (UBI) is a highly debated topic. I firmly believe that UBI is essential for societal progress. With automation replacing jobs, UBI can provide a safety net for individuals. It can also stimulate local economies, as people will have more disposable income to spend. Additionally, UBI can help alleviate poverty and reduce income inequality. Many argue that UBI is too expensive, but I think the benefits outweigh the costs. Implementing UBI can lead to a more equitable and prosperous society.",537
156,7155F142CE58,the value of education,2108,"The value of education is a topic of immense significance. While some argue that its importance is overstated, I firmly believe that education is the cornerstone of personal and societal development. Education unlocks opportunities, fosters critical thinking, and promotes social mobility. It empowers individuals to make informed decisions, challenge societal norms, and drive innovation. Moreover, education has a direct correlation with economic growth, as a skilled workforce is essential for a country's prosperity. Investing in education is crucial, as it yields long-term benefits, including reduced poverty, improved healthcare, and a more informed citizenry. Therefore, it is imperative that we prioritize education, recognizing its transformative power to shape individuals, communities, and nations. By doing so, we can create a brighter future, where knowledge and understanding drive progress and prosperity. Education is not just a fundamental right, but a vital investment in our collective future.",1013
157,3564BBEC4A09,a topic of personal interest,3484,"Standardized testing has been a cornerstone of the education system for decades. However, I firmly believe that it is a flawed and outdated practice that stifles creativity and hinders true learning. These tests only measure a narrow range of skills, prioritizing rote memorization over critical thinking and problem-solving.

By relying heavily on standardized tests, we are not only failing to accurately assess student knowledge but also neglecting the importance of skills like creativity, teamwork, and emotional intelligence. These tests create undue stress and anxiety for students, often leading to a negative association with learning.

Furthermore, standardized testing disproportionately affects disadvantaged students, exacerbating existing socioeconomic disparities. It is time for us to rethink our approach to education and move away from this outdated practice. By doing so, we can foster a more inclusive and effective learning environment that prepares students for success in the 21st century.",1012
158,92F7DD653EFB,a topic of personal interest,1453,"Standardized testing is an outdated and ineffective measure of intelligence. It creates undue stress and anxiety for students, often leading to poor performance. Furthermore, these tests only assess a narrow range of skills, neglecting creativity and critical thinking. By abolishing standardized testing, we can foster a more well-rounded education system that values individuality and promotes genuine learning. This, in turn, will lead to a more innovative and successful society.",483
159,5C6CE74DEBCB,the importance of having a positive attitude,2644,"Having a positive attitude is crucial for achieving success and overall well-being. A positive mindset enables individuals to approach challenges with confidence and resilience, leading to increased motivation and productivity. In contrast, a negative attitude can hinder progress and lead to a downward spiral of self-doubt and pessimism. By adopting a positive attitude, individuals can cultivate stronger relationships, improved mental health, and a more optimistic outlook on life. This, in turn, can lead to greater fulfillment and a more purpose-driven existence. Moreover, a positive attitude can inspire others, creating a ripple effect of positivity that can have a profound impact on those around us. Therefore, it is essential to prioritize the development of a positive attitude, as it can have a transformative effect on both personal and professional lives. By doing so, individuals can unlock their full potential and live a more meaningful, happy, and successful life.",984
160,EEE7731E8A57,a topic of personal interest,1665,"Standardized testing should be abolished in schools. These exams often cause undue stress and anxiety for students, negatively impacting their mental health. Moreover, they fail to accurately measure a student's intelligence or potential, as they only test a narrow range of skills. By eliminating standardized testing, schools can focus on more comprehensive and creative learning methods, allowing students to thrive and reach their full potential. This approach would also promote a more inclusive and equitable education system, as it would no longer unfairly penalize students with different learning styles.",613
161,C40BB9E0BC6C,what it takes to achieve success,4439,"Achieving success is a multifaceted concept that requires a combination of hard work, dedication, and resilience. While some may argue that innate talent or luck play a significant role, it is the consistent effort and perseverance that ultimately lead to success. Many successful individuals, such as entrepreneurs and athletes, have attributed their accomplishments to their unwavering commitment to their craft. For instance, Thomas Edison's famous quote, ""I have not failed, I've just found 10,000 ways that won't work,"" exemplifies the grit and determination necessary to achieve success. Furthermore, the concept of a ""growth mindset,"" coined by Carol Dweck, emphasizes the importance of embracing challenges and learning from failures. Those who adopt this mindset are more likely to push beyond their limits and achieve greatness. In contrast, relying solely on natural ability or chance can lead to complacency and stagnation. Therefore, it is clear that success is not solely the result of innate talent or luck, but rather the culmination of diligent effort, persistence, and a willingness to learn and adapt.",1120
162,DD279F25DC1F,the value of education,5859,"The value of education is a topic of ongoing debate, with some arguing that it is essential for personal and societal growth, while others claim that it is overemphasized. However, I firmly believe that education is the foundation upon which individuals and societies can build a better future. Education provides individuals with the knowledge, skills, and critical thinking abilities necessary to navigate an increasingly complex world.

It equips them with the tools to make informed decisions, think critically, and solve problems effectively. Furthermore, education has a profound impact on socioeconomic mobility, as it enables individuals to access better job opportunities, higher salaries, and improved living standards. In fact, studies have shown that individuals with higher levels of education tend to have lower unemployment rates, better health outcomes, and increased civic engagement.

In addition to its personal benefits, education also has a significant impact on societal development. Educated individuals are more likely to contribute to their communities, participate in the democratic process, and drive innovation and economic growth. They are also more likely to be open-minded, tolerant, and empathetic, which are essential qualities for building a harmonious and inclusive society.

Moreover, education has the power to break cycles of poverty and inequality, as it provides individuals with the skills and knowledge necessary to overcome the barriers that stand in their way. It also has the potential to address some of the world's most pressing issues, such as climate change, social injustice, and economic inequality.

Despite its many benefits, some argue that education is not the only factor that determines success, and that other factors, such as talent, hard work, and luck, also play a role. However, I would argue that education provides individuals with the foundation upon which they can build their talents, work ethic, and luck.

In conclusion, the value of education cannot be overstated. It is the key to unlocking individual and societal potential, and it has the power to drive positive change in the world. As such, it is essential that we prioritize education, invest in our educational systems, and provide individuals with the opportunities and resources they need to succeed. By doing so, we can create a more informed, compassionate, and prosperous society for all.",2420
163,880188B5EED8,a topic of personal interest,1299,"Standardized testing is a widely debated topic. I firmly believe it's unnecessary and restrictive. These tests don't account for individual learning styles, prioritizing rote memorization over critical thinking. They also create undue stress, negatively impacting mental health. By eliminating standardized tests, we can foster a more inclusive and creative learning environment, allowing students to thrive and reach their full potential.",439
164,745F880CEFA7,a topic of personal interest,1417,"Climate change is a pressing issue. Human activities, such as burning fossil fuels and deforestation, release massive amounts of carbon dioxide, leading to global warming. Rising sea levels and intense natural disasters are devastating consequences. Governments and individuals must transition to renewable energy sources and adopt sustainable practices to mitigate its effects.",378
165,BA3B6D562BB1,a topic of personal interest,2034,"The implementation of universal basic income (UBI) is a highly debated topic. I firmly believe that UBI is essential for a more equitable society. With automation replacing jobs, UBI would provide a safety net for those who lose their employment. It would also alleviate poverty, as every individual would have a guaranteed minimum income. Moreover, UBI would promote entrepreneurship and creativity, as people would have the financial security to pursue their passions. Critics argue that UBI is too expensive, but I counter that the benefits outweigh the costs. By investing in UBI, we can create a more just and prosperous society.",634
166,B3F0F2F6487F,the value of education,1884,"The value of education is often questioned, but it remains a vital component of personal and societal advancement. Education empowers individuals with knowledge, critical thinking, and problem-solving skills, enabling them to make informed decisions and contribute to their communities. It also fosters economic growth, as educated individuals are more likely to secure better-paying jobs and stimulate innovation. Furthermore, education promotes social mobility, reducing inequality and poverty. Despite the costs, the benefits of education far outweigh the expenses, making it a worthwhile investment in our future. By prioritizing education, we can create a more informed, prosperous, and equitable society.",710
167,7D94F809823A,the importance of having a positive attitude,2643,"Having a positive attitude is crucial in today's fast-paced world. It not only improves mental health but also boosts productivity and relationships. A positive mindset enables individuals to tackle challenges with confidence and resilience, leading to greater success. In contrast, a negative attitude can hinder personal and professional growth, causing unnecessary stress and anxiety. By adopting a positive outlook, people can overcome obstacles, build stronger connections, and achieve their goals more effectively. This, in turn, creates a ripple effect, inspiring others to do the same, and fostering a more supportive and uplifting environment. Overall, cultivating a positive attitude is essential for achieving happiness, well-being, and success in all aspects of life.",779
168,C49F716838E7,the value of education,2272,"The value of education is often debated, but its importance cannot be overstated. Education empowers individuals with knowledge, skills, and critical thinking, enabling them to make informed decisions and contribute to society. It breaks the cycle of poverty, as educated individuals are more likely to secure better-paying jobs and improve their socio-economic status. Furthermore, education fosters personal growth, independence, and tolerance, leading to a more enlightened and open-minded population. In contrast, a lack of education can lead to unemployment, poverty, and social inequality. Therefore, investing in education is crucial for individual and societal development, and its value should not be underestimated.",725
169,08FC47A564AE,a topic of personal interest,2390,"The implementation of veganism in schools has sparked debate. While some argue it restricts student choice, I firmly believe it's essential for environmental and health reasons. Animal agriculture is a significant contributor to greenhouse gas emissions, with veganism reducing an individual's carbon footprint by up to 50%. Furthermore, a plant-based diet has been proven to lower the risk of obesity, heart disease, and diabetes. By introducing vegan options in schools, we can educate students about sustainable eating and promote healthier habits. This shift would not only benefit the environment but also the well-being of future generations.",648
170,5241864FBC48,a topic of personal interest,2860,"The switch to electric vehicles is a necessary step in reducing our carbon footprint. With climate change on the rise, it's essential we take drastic measures. Electric vehicles produce zero tailpipe emissions, decreasing air pollution and greenhouse gas emissions. Although some argue that the high upfront costs and limited charging infrastructure are substantial drawbacks, I believe the benefits far outweigh the drawbacks. Governments and companies are investing heavily in expanding charging networks, and the cost of electric vehicles is decreasing. Furthermore, the long-term savings on fuel and maintenance make electric vehicles a cost-effective option. We must prioritize the environment and switch to electric vehicles to ensure a sustainable future.",762
171,AB142AA123BC,a topic of personal interest,1888,"The implementation of universal basic income (UBI) is a contentious issue that sparks intense debate. As technology advances and automation replaces jobs, I firmly believe that UBI is essential for ensuring economic stability. By providing every citizen with a guaranteed minimum income, governments can alleviate poverty and reduce income inequality. Critics argue that UBI is too costly and inefficient, but I counter that the benefits outweigh the costs. UBI can stimulate local economies, promote entrepreneurship, and improve overall well-being. Furthermore, it can simplify welfare systems and reduce bureaucracy. While there are valid concerns about funding, I propose a combination of redistribution and taxation to support UBI. Ultimately, UBI is a necessary investment in our collective future, and its potential to revolutionize social welfare makes it an idea worth exploring.",888
172,5F8195FBA0CA,the value of education,4009,"The value of education is a topic of much debate, with some arguing that it is no longer essential in today's society. However, I firmly believe that education is crucial for individuals, communities, and the world at large. Education provides individuals with the knowledge, skills, and critical thinking abilities necessary to succeed in their chosen careers and navigate the complexities of life. It also fosters personal growth, broadens perspectives, and promotes social mobility. Furthermore, education has numerous societal benefits, including reduced poverty and crime rates, improved healthcare, and increased economic productivity. In addition, education enables individuals to become informed and active citizens, capable of participating in the democratic process and contributing to their communities. While some may argue that online resources and vocational training can replace traditional education, I contend that formal education provides a structured and comprehensive learning experience that is essential for intellectual and personal development. Ultimately, the value of education lies in its ability to empower individuals, promote social justice, and drive positive change in the world. By investing in education, we can create a more equitable, prosperous, and enlightened society for all. Education is not just a fundamental right, but a vital tool for building a better future.",1406
173,F61FB474D85F,a topic of personal interest,2148,"The incorporation of climate change education in schools is a pressing issue. As the world grapples with rising temperatures and extreme weather events, it is essential that future generations are equipped with the knowledge to combat this crisis. By teaching climate change in schools, we can empower students to make informed decisions and take action to reduce their carbon footprint. Unfortunately, many schools have been slow to adopt climate change education, citing concerns about politicization and lack of resources. However, I argue that these concerns are outweighed by the importance of preparing students for a rapidly changing world. By incorporating climate change education into school curricula, we can foster a sense of environmental responsibility and stewardship, ultimately leading to a more sustainable future. This is not only a moral imperative, but also a necessary step in ensuring the long-term survival of our planet.",945
174,D6504339A690,a topic of personal interest,969,"Standardized testing is a flawed measure of intelligence. It creates undue stress, stifles creativity, and fails to account for individual learning styles. By placing such heavy emphasis on test scores, we neglect the importance of hands-on learning and critical thinking. It's time to reevaluate our education system and prioritize a more holistic approach to learning.",370
175,5C3A7990C870,a topic of personal interest,2623,"Standardized testing has become a staple in modern education, with proponents arguing it provides an objective measure of student performance. However, I strongly disagree. These tests are often high-stakes, leading to undue stress and anxiety for students. Moreover, they fail to account for individual learning styles, creativity, and critical thinking skills. The emphasis on rote memorization and test-taking strategies can stifle a student's natural curiosity and love for learning. Furthermore, standardized tests can be culturally and socioeconomically biased, placing certain groups at a disadvantage. By relying solely on these tests, we risk neglecting the complexities of human intelligence and potential. It's time to reevaluate our assessment methods and prioritize a more holistic approach to education, one that values diversity, creativity, and individuality.",875
176,D684AE8A9418,a topic of personal interest,4826,"The implementation of standardized testing in educational institutions has been a topic of debate for years. While some argue that these tests provide a fair and unbiased measure of a student's abilities, I firmly believe that they are a hindrance to a student's academic and personal growth. 

One of the primary issues with standardized testing is that it creates a high-stress environment, which can be detrimental to a student's mental health. The pressure to perform well on these tests can lead to anxiety and depression, causing students to feel overwhelmed and defeated. Furthermore, the emphasis on rote memorization and test-taking strategies can stifle creativity and critical thinking skills, essential for success in an ever-evolving world.

Moreover, standardized tests often fail to account for individual differences in learning styles and abilities. Students with learning disabilities or language barriers may be unfairly disadvantaged, as these tests do not provide accommodations that cater to their specific needs. This can lead to a lack of representation and diversity in academic and professional fields, as marginalized groups may be discouraged from pursuing their interests due to the barriers imposed by standardized testing.

In addition, the reliance on standardized testing can lead to a narrow and limited curriculum, as teachers may feel pressured to teach only the material that will be covered on the test. This can result in a lack of depth and breadth in education, as students may not be exposed to a wide range of subjects and topics. By moving away from standardized testing, educational institutions can focus on providing a more well-rounded and comprehensive education, one that prepares students for success in all areas of life.

In conclusion, the use of standardized testing in educational institutions is a flawed and outdated practice that can have severe consequences for students' mental health, creativity, and academic development. It is time for educators and policymakers to reevaluate the role of standardized testing and work towards creating a more inclusive and supportive learning environment that allows students to thrive and reach their full potential. By doing so, we can ensure that our education system is truly serving the needs of all students, and providing them with the skills and knowledge necessary to succeed in an ever-changing world.",2409
177,CC0186CE98B3,a topic of personal interest,5923,"The implementation of standardized testing in schools has been a topic of contention among educators and policymakers for years. While some argue that standardized tests provide an objective measure of student learning, I firmly believe that they do more harm than good. Not only do these tests create undue stress and anxiety for students, but they also stifle creativity and critical thinking.

Standardized tests force students to conform to a narrow definition of intelligence, prioritizing rote memorization over deep understanding and application of knowledge. This can lead to a lack of engagement and motivation among students, as they feel that their education is being reduced to a series of multiple-choice questions. Furthermore, the high-stakes nature of these tests can have serious consequences for students who do not perform well, potentially limiting their future educational and career opportunities.

In contrast, a more holistic approach to education that emphasizes project-based learning, collaboration, and creativity would better prepare students for success in the 21st century. By allowing students to explore their interests and passions, we can foster a love of learning that extends far beyond the confines of a standardized test. Additionally, this approach would help students develop essential skills such as problem-solving, communication, and critical thinking, which are essential for success in an ever-changing world.

It is time for us to rethink our approach to education and move away from the outdated model of standardized testing. By doing so, we can create a more inclusive, engaging, and effective education system that prepares students for success in all aspects of life. We owe it to ourselves, our children, and our society to provide an education that is tailored to the needs of the 21st century, rather than clinging to an outdated model that is no longer serving us well.",1925
178,F83702EEB830,the value of education,1811,"Education is invaluable to society, fostering personal growth and societal progress. It empowers individuals with knowledge, critical thinking, and problem-solving skills. Without education, we risk stagnation and ignorance. It breaks cycles of poverty, promotes equality, and drives innovation. Investing in education is a necessity for a brighter future, and its value cannot be overstated. By prioritizing education, we can create a more informed, compassionate, and prosperous world.",487
179,01501F95B8B2,a topic of personal interest,3350,"The implementation of standardizing uniforms in schools has been a long-standing debate. While some argue that it restricts personal expression, I firmly believe that it has numerous benefits. Firstly, uniforms promote equality among students, eliminating socioeconomic disparities and reducing bullying. 

Additionally, uniforms prepare students for the workplace, where dress codes are often enforced. They also encourage students to focus on their studies rather than their attire. 

Many may argue that uniforms limit self-expression, but I counter that it allows students to express themselves through extracurricular activities and hobbies. Overall, the benefits of school uniforms outweigh the drawbacks, and they should be implemented in all schools.",758
180,1AD12415C4DB,a topic of personal interest,1364,"Standardized testing is a highly debated topic, with many arguing it's an outdated measure of intelligence. I firmly believe that standardized tests, such as the SAT and ACT, are unfair and ineffective in determining a student's potential for success. They only measure a narrow range of skills and can be heavily influenced by socioeconomic status and access to test prep resources.",383
181,65131EC5DD6A,the importance of having a positive attitude,1096,"Having a positive attitude is crucial for success. It boosts self-esteem, enhances resilience, and fosters stronger relationships. A positive outlook allows individuals to approach challenges with confidence and optimism, leading to improved mental and physical health. Conversely, a negative attitude can lead to decreased motivation and increased stress. By adopting a positive mindset, people can transform their lives, achieving greater happiness and fulfillment. Therefore, cultivating a positive attitude is essential for overall well-being and achieving one's goals.",573
182,0FD73E4EED03,a topic of personal interest,2529,"The implementation of universal basic income (UBI) is a contentious topic that has garnered significant attention in recent years. As a proponent of UBI, I firmly believe that it is an essential step towards mitigating poverty and income inequality. By providing every citizen with a guaranteed minimum income, UBI would enable individuals to meet their basic needs, thereby reducing stress and anxiety. Moreover, UBI would give people the financial security to pursue their passions, fostering creativity and innovation. Critics argue that UBI is unaffordable and would lead to a decrease in workforce productivity. However, I counter that UBI would actually incentivize entrepreneurship and education, as people would be more likely to take risks and invest in themselves. Additionally, UBI would simplify existing welfare systems, reducing bureaucratic costs and allowing for more efficient allocation of resources. Ultimately, UBI has the potential to revolutionize the way we approach social welfare, and it is our responsibility to explore and implement this innovative solution to address the pressing issues of poverty and inequality.",1142
183,AEF788DA28DE,the value of education,618,"Education is invaluable, as it empowers individuals and drives societal progress. It fosters critical thinking, creativity, and problem-solving skills, leading to better career opportunities and economic growth. Without education, individuals are limited in their potential, and society suffers as a whole.",306
184,2B3CB2A6D7D0,the value of education,2429,"The value of education is often debated, but it remains a vital part of personal and societal growth. Education provides individuals with the knowledge and skills necessary to succeed in their chosen careers, increasing their earning potential and quality of life. Moreover, educated individuals are more likely to contribute positively to their communities, fostering social mobility and economic development. Critics argue that the cost of education is too high, but the long-term benefits far outweigh the expenses. In fact, studies have shown that investment in education yields significant returns, including improved health and reduced poverty rates. Therefore, it is essential to prioritize education, ensuring that future generations have access to quality learning opportunities, and ultimately, a brighter future. By doing so, we can create a more informed, innovative, and prosperous society. Education is not a luxury, but a necessity, and it is our responsibility to make it accessible to all.",1006
185,13A94BBE2B24,the value of education,3221,"The value of education is often debated, but it is undeniable that it is a vital component of personal and societal growth. Education not only enhances individual knowledge and skills but also fosters critical thinking, creativity, and problem-solving abilities. It breaks down social barriers, promotes equality, and empowers people to make informed decisions. Moreover, educated individuals are more likely to contribute positively to their communities, driving economic development and innovation. In contrast, a lack of education can lead to poverty, unemployment, and social unrest. Therefore, investing in education is crucial, and governments, institutions, and individuals must prioritize it to create a more informed, enlightened, and prosperous society. By doing so, we can unlock human potential, promote global understanding, and build a brighter future for all. Ultimately, education is the key to unlocking individual and collective success, and its importance cannot be overstated.",996
186,E18675E47293,the value of education,3206,"The value of education is often debated, but its significance cannot be overstated. Education is the foundation of personal and societal growth, providing individuals with the skills and knowledge necessary to succeed. It fosters critical thinking, creativity, and problem-solving abilities, enabling people to navigate complex situations and make informed decisions. Moreover, education promotes social mobility, reduces poverty, and increases economic productivity. Despite its importance, some argue that education is too expensive or that alternative paths, such as vocational training, are more effective. However, these alternatives often lack the breadth and depth of knowledge provided by traditional education. Furthermore, education has long-term benefits, including improved health and civic engagement. Therefore, investing in education is essential for individuals and society as a whole, and its value should not be underestimated. By prioritizing education, we can create a more informed, skilled, and prosperous population.",1039
187,DAD5BCDAB7DD,a topic of personal interest,3662,"The implementation of universal basic income (UBI) has been a topic of intense debate in recent years. As someone who is passionate about social justice and economic equality, I firmly believe that UBI is a necessary step towards creating a more equitable society. The concept of UBI involves providing every citizen with a regular, unconditional sum of money from the government to cover their basic needs. This would not only alleviate poverty but also give people the financial security to pursue their passions and interests.

One of the primary arguments against UBI is that it would be too expensive to implement and maintain. However, I would argue that the benefits of UBI far outweigh the costs. For instance, UBI would reduce the administrative burden of existing welfare programs, as well as the costs associated with poverty, such as healthcare and law enforcement. Moreover, UBI would also stimulate local economies, as people would have more disposable income to spend on goods and services.

Another argument against UBI is that it would reduce the incentive for people to work. However, this assumption is based on a flawed understanding of human motivation. While some people may choose not to work, many others would be empowered to pursue careers that are meaningful and fulfilling, rather than just taking any job for the sake of a paycheck. In fact, studies have shown that UBI can actually increase entrepreneurship and creativity, as people are more likely to take risks and pursue innovative ideas when they have a financial safety net.

In conclusion, UBI is a vital step towards creating a more just and equitable society. It would provide people with the financial security to pursue their passions, stimulate local economies, and reduce poverty and inequality. While there are certainly challenges to implementing UBI, I firmly believe that the benefits far outweigh the costs. As we move forward into an increasingly automated and uncertain future, it is essential that we prioritize the well-being and dignity of all citizens, and UBI is a crucial part of that effort.",2098
188,D175411080CC,the value of education,3131,"The value of education is a topic of ongoing debate. While some argue that it's a costly and time-consuming investment, I firmly believe that education is invaluable. It provides individuals with the skills, knowledge, and critical thinking necessary to succeed in life. Education expands career opportunities, increases earning potential, and fosters personal growth. It also enables people to make informed decisions, think critically, and become active participants in their communities. Furthermore, educated individuals are more likely to be open-minded, tolerant, and empathetic. By investing in education, we invest in our future, promoting a more informed, productive, and compassionate society. In conclusion, the value of education cannot be overstated, and it's essential that we continue to prioritize and support it.",829
189,623B7BD7613C,a topic of personal interest,1659,"Climate change is a pressing issue that demands immediate attention. Rising temperatures and sea levels are devastating ecosystems and communities worldwide. Despite the overwhelming scientific consensus, some argue that climate change is a natural phenomenon, not exacerbated by human activities. However, this stance is misguided and dangerous. Human-induced greenhouse gas emissions are significantly contributing to the problem. We must take drastic measures to reduce carbon emissions and transition to renewable energy sources. The future of our planet depends on it, and inaction is unacceptable. It is our responsibility to protect the environment for future generations.",679
190,72766FE38307,a topic of personal interest,412,Climate change mitigation requires immediate action. Governments and corporations must prioritize renewable energy and reduce emissions to ensure a sustainable future.,167
191,F06D9612B900,a topic of personal interest,3660,"The implementation of a universal basic income (UBI) has been a topic of interest for many years. I firmly believe that UBI is essential for reducing poverty and income inequality. By providing every citizen with a guaranteed minimum income, governments can ensure that everyone has access to basic necessities like food, shelter, and healthcare. This, in turn, can lead to improved health outcomes, increased education, and reduced crime rates. Additionally, UBI can also stimulate economic growth by giving people the financial security to pursue entrepreneurial ventures and invest in their communities. Many critics argue that UBI is too expensive and impractical, but I counter that the benefits far outweigh the costs. In fact, several countries have successfully implemented UBI pilot programs, demonstrating its feasibility and effectiveness. For instance, Finland's UBI experiment showed a significant reduction in stress and improvement in well-being among participants. With the rise of automation and AI, UBI is not only a moral imperative but also a necessary step to mitigate the negative consequences of technological advancements on the workforce. Overall, I strongly advocate for the implementation of UBI as a vital policy to promote social justice, economic stability, and human dignity.",1306
192,58255BF759C0,the importance of friendship and relationships,1442,"Friendships and relationships are crucial aspects of our lives, fostering emotional support, trust, and a sense of belonging. Social connections have a positive impact on mental and physical health, reducing stress and increasing happiness. In contrast, isolation can lead to depression and anxiety. Investing in friendships and relationships is essential for a fulfilling life, as they provide a support system and help individuals grow and develop as people. By prioritizing these connections, we can cultivate a stronger, more resilient sense of self and build a happier, healthier life.",590
193,1F217579A773,the value of education,2077,"The value of education is often debated, but its importance cannot be overstated. Education empowers individuals with knowledge, critical thinking, and problem-solving skills, allowing them to navigate the complexities of the modern world. It fosters personal growth, social mobility, and economic development. Without education, individuals are limited in their career prospects and ability to contribute to society. Moreover, education promotes social cohesion, reduces poverty, and increases civic engagement. Investing in education is crucial for the betterment of individuals, communities, and societies as a whole. By prioritizing education, we can create a more informed, equitable, and prosperous world.",711
194,F9DDE725DB74,the value of education,2474,"The value of education is often debated, but its significance cannot be overstated. Education is the foundation upon which individuals, communities, and societies are built. It empowers people with knowledge, critical thinking, and problem-solving skills, enabling them to make informed decisions and contribute to the economy. Education also fosters personal growth, creativity, and innovation, leading to a more enlightened and tolerant society. Despite the costs, education is a worthwhile investment, as it yields long-term benefits, including higher earning potential, improved health, and reduced poverty. Furthermore, education promotes social mobility, bridging the gap between socio-economic classes. In conclusion, education is invaluable, and its importance should not be underestimated, as it has the power to transform lives and shape a better future.",864
195,CC8C5C963660,the value of education,5894,"The value of education is a topic of ongoing debate, with some arguing that its importance is overstated. However, I firmly believe that education is the key to unlocking individual and societal potential. Education provides individuals with the knowledge, skills, and critical thinking abilities necessary to succeed in their chosen careers and make informed decisions. It also fosters personal growth, broadening one's perspective and allowing them to engage with the world in a more meaningful way.

Moreover, education has numerous economic benefits. Studies have consistently shown that individuals with higher levels of education tend to earn higher salaries and have lower rates of unemployment. This, in turn, can lead to increased economic mobility and a more stable society. Education also has a positive impact on healthcare, with studies demonstrating that educated individuals are more likely to engage in healthy behaviors and have better health outcomes.

Despite these benefits, some argue that the cost of education is too high, and that alternative paths, such as vocational training or online courses, can provide similar outcomes at a lower cost. However, while these alternatives may be beneficial for some, they lack the comprehensive nature of traditional education. Education provides a foundation in critical thinking, problem-solving, and communication, skills that are essential in today's fast-paced and rapidly changing world.

Furthermore, education has a profound impact on societal development. Educated individuals are more likely to participate in their communities, engage in civic activities, and contribute to the democratic process. They are also more likely to be open-minded, tolerant, and empathetic, essential qualities for building a harmonious and inclusive society.

In conclusion, the value of education cannot be overstated. It provides individuals with the knowledge, skills, and critical thinking abilities necessary to succeed, while also having numerous economic and societal benefits. As such, it is essential that we continue to prioritize and invest in education, ensuring that it remains accessible and affordable for all. By doing so, we can unlock the full potential of individuals and societies, leading to a brighter, more prosperous future for all. With its numerous benefits and lasting impact, education is an investment worth making.",2396
196,8397368B57EA,the importance of friendship and relationships,1296,"Friendship and relationships are essential for human well-being. They provide emotional support, validation, and a sense of belonging. In today's isolated world, these connections are more crucial than ever. Strong friendships can help alleviate mental health issues, such as anxiety and depression. They also foster personal growth, encouraging individuals to step out of their comfort zones and develop new skills. Furthermore, relationships can provide a support system during difficult times, helping individuals navigate life's challenges. Prioritizing friendships and relationships is vital for a happy, healthy life.",623
197,2CDDE76979DD,a topic of personal interest,2696,"The implementation of universal basic income (UBI) has been a topic of debate in recent years. As someone who is passionate about social welfare, I strongly believe that UBI is essential for reducing poverty and income inequality. With the rise of automation and artificial intelligence, many jobs are at risk of being replaced, leaving millions of people without a stable income. UBI would provide a safety net for these individuals, ensuring they have access to basic necessities like food, shelter, and healthcare. Additionally, UBI would give people the financial freedom to pursue their passions, rather than just taking any job for the sake of a paycheck. This, in turn, could lead to increased creativity, innovation, and entrepreneurship. While some argue that UBI is too expensive to implement, I believe that the benefits far outweigh the costs. By reducing poverty and income inequality, UBI could lead to significant savings in healthcare, education, and social services. Furthermore, UBI could be funded through a combination of sources, such as carbon credits, progressive taxation, and redistribution of existing social welfare funds. Overall, I firmly believe that UBI is a necessary step towards creating a more equitable and just society, and it is our moral obligation to make it a reality. By providing a basic income guarantee, we can empower individuals to live dignified lives, free from the burden of poverty and financial stress.",1454
198,CEE41F7526FA,the value of education,2890,"The value of education is undeniable. It not only imparts knowledge but also instills critical thinking, problem-solving, and communication skills. Educated individuals contribute to society by driving innovation, economic growth, and social progress. They are more likely to be employed, earn higher salaries, and make informed decisions. Furthermore, education promotes social mobility, reduces poverty, and fosters a more informed and engaged citizenry. Investing in education is essential for a country's prosperity and global competitiveness. Despite this, some argue that education is too expensive or that alternative paths, such as vocational training or online learning, are sufficient. However, a well-rounded education provides a foundation for lifelong learning and adaptability. Ultimately, education is a vital investment in individuals, communities, and society as a whole, yielding long-term benefits that far outweigh the costs. It is our responsibility to prioritize education and ensure its accessibility to all.",1031
199,477B00F899E2,the value of education,4051,"The value of education is a topic of ongoing debate, with some arguing that it is no longer relevant in today's society. However, I firmly believe that education is essential for individuals, communities, and societies as a whole. Education provides individuals with the knowledge, skills, and critical thinking abilities necessary to succeed in their chosen careers and navigate an increasingly complex world.

Not only does education improve economic prospects, but it also has a profound impact on personal growth and development. It fosters empathy, understanding, and tolerance, allowing individuals to engage with diverse perspectives and cultures. Furthermore, education empowers individuals to make informed decisions, participate in civic engagement, and contribute to their communities.

Those who argue that education is no longer valuable often cite the rising costs of tuition and the existence of self-taught individuals who have achieved success without formal education. However, these arguments overlook the countless benefits that education provides, including access to resources, mentorship, and networking opportunities.

In conclusion, education is invaluable, and its importance cannot be overstated. It is the key to unlocking individual potential, driving social mobility, and promoting societal progress. As such, it is our responsibility to prioritize education, make it accessible and affordable, and recognize its transformative power in shaping a better future for all.",1499
200,AB86BAABBF68,the value of education,6023,"The value of education is a topic of immense significance in today's society. While some may argue that education is not essential, I firmly believe that it is a vital component of personal and societal development. Education not only provides individuals with the knowledge and skills necessary to succeed in their chosen careers, but it also fosters critical thinking, creativity, and problem-solving abilities.

Furthermore, education has a profound impact on the economy. Studies have shown that educated individuals are more likely to secure better-paying jobs, resulting in increased tax revenue and a significant reduction in poverty rates. Additionally, education promotes innovation and entrepreneurship, leading to the creation of new businesses and job opportunities. This, in turn, stimulates economic growth and development.

Moreover, education has a positive effect on healthcare. Educated individuals are more likely to make informed decisions about their health, leading to better health outcomes and a reduction in healthcare costs. Education also enables individuals to access higher-paying jobs, which provides them with the financial means to afford healthcare services.

In conclusion, the value of education cannot be overstated. It is a vital component of personal and societal development, and its benefits extend far beyond the individual. By investing in education, we can promote economic growth, improve healthcare outcomes, and create a more informed and engaged citizenry. As such, it is essential that we prioritize education and provide individuals with access to quality educational opportunities. By doing so, we can build a brighter future for ourselves and for generations to come. Education is the key to unlocking human potential, and it is our responsibility to ensure that everyone has access to it.",1840
201,37A8D06A04AC,the value of education,3211,"The value of education is a topic of ongoing debate. Some argue that it's unnecessary, citing successful individuals who dropped out of school. However, I firmly believe that education is invaluable. It provides individuals with the knowledge, skills, and critical thinking necessary to succeed in their chosen careers. Education also fosters personal growth, broadening one's perspective and understanding of the world. Moreover, it's a key factor in breaking the cycle of poverty, as it enables individuals to secure better-paying jobs and improve their socio-economic status. In conclusion, education is essential for personal and societal development, and its value should not be underestimated.",699
202,0803CE11A14A,the value of education,1914,"The value of education is often debated, but its importance cannot be overstated. Education is the key to unlocking individual and societal potential. It provides individuals with the knowledge, skills, and critical thinking abilities necessary to succeed in their chosen careers and make informed decisions. Moreover, education has a positive impact on economic growth, as educated individuals are more likely to contribute to their communities and drive innovation. Without education, individuals are limited in their career prospects and social mobility, leading to a perpetuation of poverty and inequality. Therefore, investing in education is essential for creating a more equitable and prosperous society. By prioritizing education, we can empower individuals, promote economic growth, and foster a more informed and engaged citizenry. Ultimately, the value of education lies in its ability to transform lives and shape a better future.",942
203,26D32FF6313F,a topic of personal interest,1741,"Standardized testing is a contentious issue in modern education. Proponents argue that it provides a fair, objective measure of student knowledge. However, I firmly believe that it hinders academic growth and creativity. The high-stakes nature of these tests leads to teaching focused on test preparation, rather than in-depth learning. This narrow approach can result in students becoming disengaged and uninterested in the subject matter. Moreover, standardized tests fail to account for individual differences in learning styles and abilities, leading to inaccurate assessments of student potential. As a result, I think that educators should prioritize more holistic evaluation methods that foster critical thinking and curiosity, rather than relying solely on standardized tests.",784
204,BF652DD7B469,a topic of personal interest,1644,"The implementation of universal basic income (UBI) is a highly debated topic. I firmly believe that UBI is essential for a more equitable society. By providing every citizen with a guaranteed minimum income, UBI would alleviate poverty and reduce income inequality. It would also give people the financial security to pursue their passions, leading to increased innovation and creativity. Critics argue that UBI is too costly, but I argue that the benefits far outweigh the costs. With automation replacing jobs, UBI is a necessary step to ensure that everyone has a safety net. It's time to rethink our social welfare systems and embrace UBI as a vital component of a modern, compassionate society.",699
205,C31C0ED2A05C,a topic of personal interest,1476,"Standardized testing is a widely debated topic. I firmly believe it hinders student creativity and individuality. The emphasis on rote memorization and multiple-choice questions stifles critical thinking and innovation, leading to a narrow education. By focusing on test scores, we neglect essential skills like problem-solving and collaboration. This approach can lead to student burnout and decreased motivation. To truly prepare students for success, we must move beyond standardized testing and foster a more holistic learning environment.",543
206,ABFEE879153D,the value of education,2310,"Education is the backbone of society, empowering individuals to reach their full potential. Critics argue that education is overvalued, citing high costs and limited job opportunities. However, this perspective overlooks the numerous benefits of education. It enhances critical thinking, problem-solving, and effective communication skills. Educated individuals are more likely to contribute positively to their communities, fostering social and economic growth. Moreover, education promotes personal development, increases earning potential, and reduces poverty and inequality. By investing in education, we invest in our collective future, creating a more informed, innovative, and prosperous society.",703
207,FDFB04ED3388,a topic of personal interest,2067,"The implementation of standardized testing in schools has sparked intense debate. Proponents argue it ensures academic accountability, while opponents claim it stifles creativity and promotes rote memorization. I firmly believe that standardized testing hinders student growth and should be abolished. It creates undue stress, forcing students to focus on test-taking strategies rather than actual learning. This narrow focus on test scores also leads to a lack of emphasis on essential skills like critical thinking and problem-solving. Furthermore, standardized tests often fail to account for individual learning styles and abilities, resulting in inaccurate assessments of student intelligence. By eliminating standardized testing, we can foster a more well-rounded and inclusive education system that values creativity, intellectual curiosity, and genuine understanding. This approach would ultimately benefit students, allowing them to thrive in an environment that encourages exploration and discovery, rather than mere test preparation.",1044
208,EA4AED3BFE34,the value of education,2756,"The value of education is a highly debated topic, with some arguing it's a waste of time and resources. However, I firmly believe that education is essential for individuals and society as a whole. It not only provides knowledge and skills, but also fosters critical thinking, problem-solving, and independence. Education empowers individuals to make informed decisions, participate in the workforce, and contribute to their communities. Furthermore, studies have shown that educated individuals are more likely to be employed, earn higher salaries, and have better health outcomes. In contrast, a lack of education can lead to poverty, unemployment, and social inequality. Therefore, investing in education is crucial for personal and societal growth, and it's our responsibility to prioritize and support it.",810
209,0465517EB6B7,a topic of personal interest,1087,"Standardized testing is a hindrance to education. It creates undue stress and limits creativity, forcing students into a narrow mold. This approach to learning is outdated and ineffective, as it prioritizes rote memorization over critical thinking and problem-solving skills. By abolishing standardized tests, we can foster a more innovative and well-rounded education system.",376
210,3EA2BA9DAB33,the value of education,941,"Education is invaluable, as it empowers individuals with knowledge and skills. It fosters critical thinking, creativity, and problem-solving, leading to personal and professional growth. A well-educated society is more likely to be prosperous, innovative, and equitable. Investing in education yields long-term benefits, including improved healthcare, economic stability, and social mobility. It is essential for individuals, communities, and nations to prioritize education, as it is the key to unlocking a brighter future.",524
211,D344D0003B84,a topic of personal interest,4933,"The implementation of universal basic income (UBI) has been a topic of interest for many years. I firmly believe that UBI should be adopted globally as it has the potential to alleviate poverty and promote economic growth. By providing every citizen with a guaranteed minimum income, UBI can help reduce income inequality and ensure that everyone's basic needs are met.

One of the primary advantages of UBI is its ability to simplify welfare systems. Currently, many countries have complex and bureaucratic welfare systems that are often inefficient and ineffective. UBI can consolidate these systems, reducing administrative costs and minimizing the risk of fraud. Additionally, UBI can provide people with the financial security they need to pursue entrepreneurial ventures, thereby promoting innovation and economic growth.

Another significant benefit of UBI is its potential to address poverty. In many countries, poverty is a pervasive issue that affects millions of people. UBI can provide a safety net for these individuals, ensuring that they have access to basic necessities like food, shelter, and healthcare. Furthermore, UBI can also help reduce crime rates, as people are less likely to engage in criminal activities when their basic needs are met.

Some critics argue that UBI is too expensive to implement and that it would be unaffordable for many countries. However, I would counter that the costs of UBI can be offset by reducing other forms of government spending, such as subsidies and tax breaks. Moreover, the benefits of UBI, including reduced poverty and increased economic growth, can far outweigh the costs.

In conclusion, I strongly believe that UBI should be adopted globally. Its potential to alleviate poverty, promote economic growth, and simplify welfare systems makes it an attractive solution to many of the world's economic problems. While there may be challenges to implementing UBI, I believe that the benefits far outweigh the costs, and that it is an idea that is worth exploring further. By providing every citizen with a guaranteed minimum income, we can create a more equitable and prosperous society for all.",2154
212,83FBBD0447F2,a topic of personal interest,1548,"Climate change demands immediate attention. Rising temperatures and devastating natural disasters are undeniable consequences of human actions. I firmly believe that adopting renewable energy sources is crucial to mitigating this crisis. Fossil fuels, a leading contributor to greenhouse gas emissions, must be replaced by cleaner alternatives like solar and wind power. The benefits of renewables, including reduced emissions and job creation, far outweigh the costs. Governments and corporations must invest in sustainable infrastructure to ensure a livable future. The time for action is now, and the switch to renewables is essential for saving our planet.",660
213,057E81E19740,a topic of personal interest,2160,"Standardized testing is a highly debated topic in the education system. While some argue it provides a fair and objective measure of a student's knowledge, I firmly believe it does more harm than good. The pressure to perform well on these tests can lead to student stress and anxiety, ultimately affecting their mental health. Additionally, standardized tests only measure a narrow range of skills, overlooking important aspects like creativity and critical thinking. By prioritizing test scores over these skills, we risk producing a generation of students who excel at memorization but struggle with real-world problems. Furthermore, these tests can also perpetuate inequality, as students from disadvantaged backgrounds often have limited access to test preparation resources. Therefore, it's time to rethink our reliance on standardized testing and focus on creating a more holistic and inclusive education system.",919
214,E282639E23F5,the value of education,2565,"The value of education is a topic of ongoing debate. While some argue that it is a costly and time-consuming endeavor, I firmly believe that education is essential for individual and societal progress. It empowers individuals with knowledge, critical thinking, and problem-solving skills, enabling them to make informed decisions and contribute to their communities. Education also has a significant impact on economic growth, as a well-educated workforce is more productive and innovative. Furthermore, it promotes social mobility, reduces poverty and inequality, and fosters a more informed and engaged citizenry. In conclusion, the benefits of education far outweigh its costs, and investing in education is crucial for building a prosperous and equitable society.",767
215,7CBB1B6F4E25,the value of education,2758,"The value of education is a topic of utmost importance in today's society. While some argue that education is a luxury, others claim it is a necessity. I firmly believe that education is essential for individuals, communities, and the nation as a whole. Education empowers individuals with knowledge, skills, and critical thinking, enabling them to make informed decisions and contribute to the economy. It breaks the cycle of poverty, fosters social mobility, and promotes equality. Furthermore, education has a positive impact on health, civic engagement, and personal growth. Investing in education is crucial for the development of a skilled workforce, innovation, and economic growth. Therefore, it is imperative that we prioritize education and make it accessible to all, regardless of socio-economic background or geographical location. By doing so, we can create a more informed, productive, and prosperous society. Education is the foundation upon which a nation's future is built, and it is our responsibility to ensure that it is valued and protected.",1062
216,2116231D1DC4,a topic of personal interest,4453,"The implementation of universal basic income (UBI) has been a topic of debate in recent years. As someone who is passionate about economic equality, I firmly believe that UBI is essential for addressing poverty and income inequality. The concept of UBI involves providing every citizen with a regular, unconditional sum of money from the government to cover their basic needs. This would not only ensure that everyone has access to food, shelter, and healthcare, but also give people the financial security to pursue their passions and interests.

One of the primary arguments against UBI is that it would be too expensive to implement and maintain. However, I would argue that the benefits of UBI far outweigh the costs. For instance, UBI would reduce poverty and income inequality, which are significant burdens on the economy. By providing a safety net for all citizens, UBI would also reduce the need for other forms of government assistance, such as food stamps and housing subsidies. Furthermore, UBI would give people the financial freedom to start their own businesses, invest in education and training, and pursue careers that are not necessarily lucrative but are essential to society, such as art, music, and social work.

Moreover, UBI would have a positive impact on mental and physical health. Financial stress is a significant contributor to anxiety, depression, and other mental health issues. By providing a basic income guarantee, UBI would reduce financial stress and give people the peace of mind to focus on their well-being. Additionally, UBI would enable people to access healthcare services, healthy food, and other basic necessities, which would improve overall health outcomes.

In conclusion, UBI is a necessary step towards creating a more equitable and just society. While there may be concerns about the cost and implementation of UBI, I firmly believe that the benefits far outweigh the drawbacks. By providing every citizen with a basic income guarantee, we can reduce poverty and income inequality, promote economic growth and development, and improve overall health and well-being. It is time for us to consider the implementation of UBI and work towards creating a more prosperous and equitable future for all.",2245
217,9F803521F9A6,the importance of having a positive attitude,1774,"Having a positive attitude is crucial for achieving success and overall well-being. It not only affects one's mental health but also influences relationships and career prospects. A positive attitude helps individuals approach challenges with confidence and resilience, leading to better problem-solving skills and decision-making. It also fosters a supportive and productive work environment, as a positive demeanor can boost team morale and collaboration. Furthermore, a positive attitude can improve physical health by reducing stress and anxiety, leading to a longer and healthier life. In contrast, a negative attitude can hinder personal and professional growth, leading to missed opportunities and strained relationships. Therefore, adopting a positive attitude is essential for achieving success and living a fulfilling life. By doing so, individuals can unlock their full potential and thrive in all aspects of life.",925
218,2DDFC0DFC442,the value of education,3490,"The value of education is a highly debated topic, with some arguing that it is the key to unlocking individual and societal potential, while others claim that it is overemphasized and overly expensive. However, I firmly believe that education is essential for personal growth, economic development, and social progress.

Education empowers individuals with knowledge, critical thinking, and problem-solving skills, enabling them to make informed decisions and navigate complex situations. It also fosters empathy, tolerance, and cultural understanding, promoting a more harmonious and inclusive society. Moreover, educated individuals are more likely to secure better-paying jobs, contributing to economic growth and stability.

Furthermore, education has a positive impact on healthcare, as educated individuals are more likely to engage in healthy behaviors and make informed decisions about their well-being. Additionally, education promotes social mobility, allowing individuals to break free from the cycle of poverty and improve their socio-economic status.

In conclusion, the value of education cannot be overstated. It is a vital investment in human capital, driving personal, economic, and social development. While some may argue that education is costly, I believe that the long-term benefits far outweigh the expenses. By prioritizing education, we can create a more informed, productive, and compassionate society, ultimately leading to a brighter future for all.",1477
219,92EA64272FB4,the value of education,2578,"The value of education is often debated, but its importance cannot be overstated. Education is the key to unlocking individual potential, driving economic growth, and fostering a more informed and engaged society. It provides individuals with the skills, knowledge, and critical thinking abilities necessary to succeed in their chosen careers and make informed decisions. Moreover, education has a profound impact on social mobility, allowing individuals to break free from the constraints of their socio-economic backgrounds and pursue their dreams. Despite the rising costs of education, the benefits far outweigh the costs. In fact, studies have shown that educated individuals are more likely to be employed, earn higher salaries, and contribute to their communities in meaningful ways. Furthermore, education has a positive impact on health, crime rates, and overall well-being. In conclusion, education is a vital investment in our future, and its value should not be underestimated.",989
220,1703E46B4DC9,a topic of personal interest,2664,"Standardized testing is a widely debated topic, with many arguing it's an effective measure of student intelligence. I disagree. These exams often prioritize rote memorization over critical thinking, leading to a narrow focus on test preparation rather than comprehensive learning. This can result in undue stress and anxiety for students, potentially damaging their mental health. Furthermore, standardized tests can be culturally biased, favoring students from affluent backgrounds who have had greater access to test preparation resources. This perpetuates inequality in education, as students from disadvantaged backgrounds are unfairly penalized. Rather than relying on standardized tests, we should adopt more holistic assessments that evaluate a student's creativity, problem-solving skills, and emotional intelligence. By doing so, we can create a more inclusive and effective education system that prepares students for success in all areas of life.",958
221,81218F777A2F,a topic of personal interest,4251,"The implementation of standardized testing in schools has been a long-standing debate. While some argue that it is necessary to measure student progress, I firmly believe that it has a negative impact on students. Standardized tests create undue stress and anxiety, which can be detrimental to a student's mental health. 

Furthermore, these tests do not accurately reflect a student's intelligence or potential. They only measure a student's ability to take a test, which is not a realistic representation of their knowledge. Many students are great thinkers and problem solvers, but may not perform well on a standardized test.

In addition, standardized tests take away from the quality of education. Teachers are forced to teach to the test, rather than providing a well-rounded education. This can lead to a lack of creativity and critical thinking skills in students. 

Instead of relying on standardized tests, schools should focus on providing a more holistic education. This can include project-based learning, where students can demonstrate their knowledge in a more hands-on and creative way. By doing so, we can create a more well-rounded and prepared generation of students.",1187
222,877EC536B112,the value of education,1400,"Education is invaluable to individuals and society. It fosters critical thinking, problem-solving, and creativity, enabling people to make informed decisions and drive innovation. By acquiring knowledge and skills, individuals can enhance their career prospects, increase earning potential, and contribute to economic growth. Furthermore, education promotes social mobility, reduces inequality, and empowers people to participate in the democratic process. It is essential for personal and societal development, and governments should prioritize investing in education to ensure a brighter future.",597
223,FA55AEEF8F9C,the value of education,2340,"The value of education is often debated, but it is undeniable that it is essential for personal and societal growth. Education provides individuals with the skills and knowledge necessary to succeed in their careers and contribute to their communities. It also fosters critical thinking, problem-solving, and creativity, which are vital for innovation and progress. Furthermore, education has been shown to have a positive impact on health, economic stability, and social mobility. Despite the costs associated with pursuing higher education, the long-term benefits far outweigh the expenses. In conclusion, education is a valuable investment in oneself and society, and it is essential for creating a more informed, productive, and prosperous world.",750
224,F093FCEEC17E,the importance of having a positive attitude,2105,"Having a positive attitude is crucial in today's fast-paced world. It not only improves mental health but also enhances productivity and relationships. A positive mindset allows individuals to navigate challenges with ease, build resilience, and maintain a sense of purpose. It fosters a supportive environment, promotes creativity, and encourages personal growth. In contrast, a negative attitude can lead to stagnation, strained relationships, and decreased motivation. By adopting a positive attitude, individuals can overcome obstacles, achieve their goals, and live a fulfilling life. It is essential to cultivate a positive mindset to thrive in personal and professional spheres.",685
225,17D51D57629D,a topic of personal interest,1295,"Standardized testing is a flawed measure of intelligence. It creates undue stress and narrows curriculum, prioritizing rote memorization over critical thinking. Many students excel in non-academic areas, such as art or music, yet are unfairly penalized by a one-size-fits-all approach. We should adopt more holistic assessments to foster creativity and inclusivity.",365
226,EB1500B8EA75,the value of education,2760,"The value of education is often debated, but its importance cannot be overstated. Education empowers individuals with knowledge, critical thinking, and problem-solving skills, enabling them to make informed decisions and contribute to society. It breaks the cycle of poverty, fosters personal growth, and promotes social mobility. Furthermore, education has a positive impact on health, as educated individuals are more likely to adopt healthy habits and make informed decisions about their well-being. Some argue that education is not essential in today's technology-driven world, but this perspective is misguided. While technology has made information readily available, education teaches individuals how to analyze and apply this information effectively. In conclusion, education is invaluable, and its benefits extend far beyond personal gain, contributing to a more informed, productive, and equitable society.",916
227,39E0A362CF29,what it takes to achieve success,5428,"The concept of success has been debated and explored by various individuals, with some arguing that it is solely the result of hard work and determination, while others claim that it is largely dependent on luck and external factors. In my opinion, achieving success requires a combination of both effort and opportunity, but with a greater emphasis on the former.

First and foremost, hard work and dedication are essential for success. Thomas Edison, the famous inventor, once said, ""Genius is 1% inspiration and 99% perspiration."" This quote highlights the importance of putting in the time and effort required to achieve one's goals. Without a strong work ethic, it is unlikely that an individual will be able to overcome the obstacles and challenges that inevitably arise on the path to success.

However, it is also important to acknowledge the role that luck and opportunity play in achieving success. Being in the right place at the right time, having access to the right resources and networks, and receiving guidance and support from others can all significantly impact an individual's ability to succeed. For example, a person who is born into a wealthy family may have greater access to educational and career opportunities, which can provide a significant advantage in terms of achieving success.

Despite the importance of luck and opportunity, I firmly believe that hard work and determination are the primary drivers of success. An individual who is passionate and driven can overcome even the most significant obstacles and create their own opportunities. For instance, J.K. Rowling, the author of the Harry Potter series, was a single mother living on welfare when she began writing her books. Her success was not solely the result of luck or opportunity, but rather her dedication and perseverance in the face of adversity.

Furthermore, research has shown that individuals who are motivated and driven to succeed are more likely to achieve their goals. A study by the Harvard Business Review found that employees who were motivated by a sense of purpose and meaning were more productive and successful than those who were motivated by external factors such as money or recognition. This suggests that having a strong work ethic and being driven by a sense of purpose are key components of achieving success.

In conclusion, achieving success requires a combination of hard work, dedication, and opportunity. While luck and external factors can certainly play a role, it is the individual's effort and perseverance that ultimately drive success. By adopting a strong work ethic, being driven by a sense of purpose, and creating their own opportunities, individuals can overcome obstacles and achieve their goals, regardless of their background or circumstances. As the famous entrepreneur, Steve Jobs, once said, ""Your time is limited, so don't waste it living someone else's life."" Ultimately, success is within reach for those who are willing to put in the effort and take control of their own destiny.",3023
228,ED35A1FF5ACC,a topic of personal interest,1885,"Standardized testing is a highly debated topic in the education system. I firmly believe that these tests are not an accurate measure of a student's intelligence or abilities. They create undue stress and pressure on students, leading to anxiety and burnout. Furthermore, they only test a narrow range of skills, often neglecting important aspects like creativity and critical thinking. This can result in a lack of diversity in the classroom, as students are forced to conform to a specific teaching style. By abolishing standardized testing, we can create a more inclusive and equitable education system that values individuality and promotes a love for learning.",665
229,0BEB8F7F5A64,a topic of personal interest,1790,"The benefits of implementing a universal basic income (UBI) outweigh the drawbacks. With automation replacing jobs, UBI ensures a safety net. It also encourages entrepreneurship, as people can take risks without fear of poverty. Critics argue it's costly, but a progressive tax system can fund it. UBI promotes economic security, reducing inequality and improving well-being, making it a necessary investment in our future. By providing a foundation for all citizens, we can foster a more equitable society. Implementing UBI is a crucial step towards a more just and prosperous world.",584
230,4228BAB7F096,what it takes to achieve success,1118,"Achieving success requires perseverance, dedication, and a strong work ethic. While some may argue that luck or talent are the primary factors, I firmly believe that hard work and determination are the keys to unlocking one's potential. A person with average talent can surpass a naturally gifted individual through sheer effort and persistence. By setting goals, staying focused, and learning from failure, individuals can overcome obstacles and reach success.",461
231,925371DCF84D,the impact of technology on society,2190,"The impact of technology on society is a highly debated topic. While some argue that technology has improved our lives, others claim it has detrimental effects. One argument in favor of technology is that it has revolutionized communication, making it faster and more accessible. However, excessive screen time has been linked to mental health issues and social isolation. Furthermore, technology has also led to job displacement, as automation replaces human workers. On the other hand, technology has increased access to education and information, bridging the knowledge gap. Ultimately, the key to harnessing technology's benefits lies in finding a balance between its use and maintaining human connections. By being mindful of technology's impact, we can mitigate its negative effects and create a more equitable society.",825
232,C4CFCB3B7F13,the value of education,2049,"The value of education is often debated, but its importance cannot be overstated. Education empowers individuals, fosters critical thinking, and promotes social mobility. It bridges the gap between socio-economic disparities, providing equal opportunities for all. A well-educated population drives economic growth, innovation, and progress. Education also cultivates empathy, tolerance, and understanding, essential for a harmonious society. Investing in education is crucial, as it yields long-term benefits for individuals, communities, and nations. By prioritizing education, we can unlock human potential, address global challenges, and create a brighter future.",667
233,04659704890C,the importance of having a positive attitude,2096,"A positive attitude is crucial for success and well-being. It enables individuals to approach challenges with confidence and resilience. By adopting a positive mindset, people can cultivate a growth mindset, build stronger relationships, and achieve their goals more effectively. A negative attitude, on the other hand, can lead to stagnation and dissatisfaction. Having a positive attitude helps to reduce stress, increase motivation, and enhance overall quality of life. It also fosters a more optimistic and hopeful outlook, allowing individuals to navigate adversity and uncertainty with greater ease. Overall, a positive attitude is essential for achieving happiness, fulfillment, and success in life. By embracing a positive mindset, individuals can unlock their full potential and reach new heights. Positive attitude is key to a happier, healthier, and more productive life.",882
234,5A3B42349C84,a topic of personal interest,2458,"The implementation of universal basic income (UBI) has gained significant attention in recent years. I firmly believe that UBI is essential for a more equal society. With automation replacing jobs, UBI would provide a safety net for those who lose their employment. Additionally, it would allow people to pursue their passions, rather than just taking any job for financial stability. Many argue that UBI is too expensive, but I think the benefits outweigh the costs. It would reduce poverty, crime, and stress-related health issues. Furthermore, UBI would give people the freedom to start their own businesses, fostering innovation and economic growth. While some may say it's unrealistic, pilot programs in Finland and Alaska have shown promising results. Overall, UBI has the potential to revolutionize the way we think about work and welfare, and I believe it's an idea worth exploring. By providing a basic income, we can create a more just and prosperous society for all.",977
235,109D8D4A91FC,a topic of personal interest,1260,"Standardized testing is an outdated method of evaluating student intelligence. It only measures rote memorization, not critical thinking or creativity. Many students excel in non-academic areas, such as art or music, but struggle with tests. This narrow focus leads to stressed students and inaccurate representations of intelligence. As a result, alternative assessment methods, like project-based evaluations, should be implemented to provide a more comprehensive understanding of student abilities.",501
236,E433745B3F87,a topic of personal interest,2944,"The implementation of standardized testing has sparked a heated debate. While proponents argue it ensures accountability, I firmly believe it stifles creativity and promotes a culture of rote memorization. Standardized tests prioritize multiple-choice questions over critical thinking, leading to a narrow focus on test preparation rather than holistic education. This approach can result in student burnout and decreased motivation. Furthermore, it perpetuates inequalities, as students from disadvantaged backgrounds often lack access to test preparation resources. By abolishing standardized testing, we can foster a more inclusive and engaging educational environment that encourages students to explore and learn.",718
237,0230A077F5B6,the value of education,2965,"Education is the backbone of a successful and prosperous society. Despite its importance, some argue that it's unnecessary in today's world. However, I firmly believe that education holds immense value. It not only provides individuals with a sense of personal fulfillment but also equips them with the skills and knowledge required to navigate an ever-evolving world. Educated individuals are more likely to secure better job opportunities, earn higher salaries, and contribute to their communities in meaningful ways. Furthermore, education fosters critical thinking, problem-solving, and creativity, allowing individuals to adapt to new situations and challenges. It also promotes social mobility, reduces poverty, and enhances overall well-being. In conclusion, education is an invaluable investment in one's future, and its benefits extend far beyond personal gain, ultimately contributing to a more informed, tolerant, and progressive society. By prioritizing education, we can create a brighter future for ourselves and future generations.",1046
238,CD81F6CCE819,what it takes to achieve success,3481,"Achieving success is a multifaceted concept that necessitates more than just innate talent or luck. Rather, it requires a combination of dedication, perseverance, and strategic planning. Many individuals believe that success is solely based on natural ability, but this narrow perspective overlooks the crucial role that hard work and deliberate effort play in attaining excellence. To truly succeed, one must be willing to invest time and energy into developing their skills, learning from failures, and adapting to challenges. Furthermore, a growth mindset and resilience are essential in overcoming obstacles and staying motivated. While some may argue that luck or circumstance can contribute to success, it is the intentional and consistent actions of an individual that ultimately determine their achievements. By adopting a disciplined and growth-oriented approach, individuals can unlock their full potential and achieve lasting success.",945
239,9145AB74E1DA,the value of education,2291,"The value of education is a highly debated topic, with some arguing it's overrated. However, education is essential for individuals, communities, and society as a whole. It provides individuals with the skills, knowledge, and critical thinking to secure better job opportunities and higher salaries. Education also promotes social mobility, allowing people to break the cycle of poverty. Furthermore, educated individuals are more likely to participate in their communities, vote, and engage in civic activities, leading to a more informed and active citizenry. Additionally, education has been linked to improved health outcomes, reduced crime rates, and increased economic growth. While some may argue that online resources and vocational training can replace traditional education, these alternatives lack the structure, support, and socialization that formal education provides. Therefore, investing in education is crucial for creating a more prosperous, equitable, and enlightened society.",995
240,3F20E4B1AA0D,the value of education,4148,"The value of education is a topic of ongoing debate, with some arguing that it is no longer a guarantee of success. However, I firmly believe that education remains a vital component of personal and societal growth. Education not only provides individuals with the knowledge and skills necessary to secure employment, but it also fosters critical thinking, problem-solving, and creativity. 

Furthermore, education has been shown to have a positive impact on economic growth, with countries that invest heavily in education experiencing higher GDP per capita. Additionally, education has been linked to improved health outcomes, reduced crime rates, and increased civic engagement. In contrast, a lack of education can lead to poverty, unemployment, and social inequality.

Despite the rising cost of tuition and the proliferation of online learning platforms, traditional education still offers a unique and valuable experience. Interacting with peers and professors in a classroom setting allows for the development of important social skills, such as communication, teamwork, and time management. Moreover, traditional education provides access to resources, such as libraries, laboratories, and career counseling, that may not be available online.

In conclusion, while some may argue that education is no longer a guarantee of success, I firmly believe that it remains a vital component of personal and societal growth. By investing in education, individuals can acquire the knowledge, skills, and social abilities necessary to succeed in an increasingly complex and competitive world. Ultimately, education is essential for creating a more informed, productive, and equitable society.",1690
241,0F7900292BB6,the value of education,2228,"Education is often undervalued in today's society, but it holds immense significance. It not only enhances individual knowledge and skills but also contributes to the betterment of the community. Educated individuals are more likely to secure well-paying jobs, reducing poverty and crime rates. Moreover, education fosters critical thinking, allowing individuals to make informed decisions and actively participate in the democratic process. Investing in education yields long-term benefits, as educated individuals drive innovation and economic growth. Despite this, many are denied access to quality education due to financial constraints or socioeconomic status. Governments and institutions must prioritize education, ensuring equal opportunities for all. By doing so, we can create a more informed, productive, and equitable society. Education is a fundamental right, not a privilege, and it's time we recognize its value and make it accessible to everyone.",962
242,101576652D3B,a topic of personal interest,2818,"The implementation of a four-day workweek has been a topic of interest in recent years. Proponents argue that it increases productivity and improves work-life balance. With an extra day off, employees can recharge and attend to personal matters, leading to increased job satisfaction. Additionally, a reduced workweek can result in significant cost savings for employers, as they would incur lower overhead costs. However, critics argue that a four-day workweek may negatively impact certain industries, such as healthcare and customer service. Nevertheless, I firmly believe that the benefits of a four-day workweek outweigh the drawbacks, and it is an idea that should be seriously considered by employers. By adopting a shorter workweek, we can create a healthier and more productive workforce, which would have a positive impact on the overall economy. Ultimately, it is essential to weigh the pros and cons and consider the potential long-term benefits of a four-day workweek.",981
243,9872487371ED,a topic of personal interest,1434,"The shift to plant-based diets is a vital step in mitigating climate change. Animal agriculture is a significant contributor to greenhouse gas emissions, deforestation, and water pollution. In contrast, plant-based diets reduce emissions by up to 50% and require less land and water. Furthermore, adopting a plant-based lifestyle promotes food security, improves public health, and supports sustainable agriculture. With the world's population projected to reach 9 billion by 2050, a collective shift towards plant-based diets is essential to ensure a sustainable future.",571
244,62EA3F855DB2,a topic of personal interest,1548,"Standardized testing is a contentious topic. While some argue it provides a fair assessment of students, I firmly believe it's a flawed system. The high-stakes nature of these tests can lead to significant stress and anxiety for students, often negatively impacting their performance. Furthermore, these tests only measure a narrow range of skills, neglecting crucial aspects like creativity and critical thinking. Additionally, biases in test questions can unfairly disadvantage certain groups of students, making it an unequal playing field. By placing too much emphasis on standardized testing, we risk stifling students' natural curiosity and love for learning. It's time to rethink our approach to assessment and prioritize a more holistic and inclusive education system.",776
245,F99B20789DD7,the value of education,2060,"The value of education is often underestimated, but it is the foundation upon which individuals and societies thrive. Education empowers people with knowledge, critical thinking, and problem-solving skills, enabling them to make informed decisions and navigate the complexities of life. It fosters personal growth, social mobility, and economic development, ultimately leading to a more equitable and prosperous world. Those who argue that education is not essential are mistaken, as it is the key to unlocking human potential and driving progress. By investing in education, we can break cycles of poverty, promote tolerance and understanding, and create a more just and enlightened society. Therefore, education is not only a fundamental right, but a vital investment in our collective future.",795
246,036042533396,what it takes to achieve success,3090,"Achieving success is often misconstrued as solely relying on innate talent or luck. However, this notion is far from the truth. Success is the culmination of hard work, dedication, and perseverance. It requires a willingness to learn, adapt, and overcome obstacles. Thomas Edison's famous quote, ""I have not failed, I've just found 10,000 ways that won't work,"" exemplifies the mindset necessary for success. Furthermore, success is not solely defined by individual achievement, but also by the positive impact one has on others. By combining passion, resilience, and a growth mindset, individuals can unlock their full potential and achieve true success. Ultimately, success is a journey, not a destination, and it demands continuous effort and improvement.",758
247,5630E056A0DB,a topic of personal interest,2184,"The incorporation of climate change education in schools is a debated topic. I firmly believe it should be a mandatory part of the curriculum. By educating students about climate change, we can raise a generation of environmentally conscious individuals. This knowledge is crucial in today's world, as the effects of climate change are evident and alarming. Early education can inspire students to take action, fostering a sense of responsibility towards the planet. Critics argue that climate change is a controversial topic, but I counter that it is a scientific fact. By teaching climate change, we are not indoctrinating students, but rather providing them with essential knowledge to navigate their future. It is our responsibility to prepare the next generation to tackle this global issue, and education is key.",818
248,9CE077EDCC85,a topic of personal interest,1449,"Social media companies should prioritize user privacy. The constant collection of personal data has led to numerous privacy violations and security breaches. By prioritizing profit over user protection, these companies compromise our trust and security. Governments must intervene with stricter regulations to safeguard our online presence. The consequences of inaction are dire, and the onus is on social media companies to respect user autonomy and confidentiality.",467
249,CE6A2E382FBE,a topic of personal interest,1584,"Climate change mitigation requires immediate attention. Human activities, particularly burning fossil fuels, release massive amounts of carbon dioxide, leading to devastating consequences. Rising temperatures cause melting glaciers, sea-level rise, and extreme weather events. Transitioning to renewable energy sources, such as solar and wind power, is crucial to reduce our reliance on fossil fuels. Governments and corporations must invest in sustainable technologies, increasing energy efficiency and promoting eco-friendly policies. Individual actions, like reducing meat consumption and using public transport, also play a vital role. We must act now to prevent catastrophic climate change and ensure a livable future.",723
250,172F67E7FBBC,a topic of personal interest,1281,"Standardized testing is outdated. It creates unnecessary stress and doesn't accurately measure intelligence. Many students are poor test-takers, yet excel in other areas. Alternative assessments, such as project-based evaluations, can provide a more comprehensive understanding of a student's abilities. By abandoning traditional testing methods, we can promote a more inclusive and effective education system.",410
251,AC6348A7ECB4,the value of education,2561,"The value of education is a widely debated topic, with some arguing that it is not essential for success. However, I strongly believe that education is crucial for personal and societal growth. Education provides individuals with knowledge, skills, and critical thinking abilities that enable them to make informed decisions and contribute to their communities. It also promotes social mobility, reduces poverty, and fosters economic growth. Furthermore, education empowers individuals to think critically and challenge societal norms, leading to a more enlightened and progressive society. While some may argue that successful individuals have achieved success without formal education, these cases are exceptions rather than the rule. In reality, education provides a foundation for success, and its benefits far outweigh the costs. Therefore, investing in education is essential for creating a brighter future for individuals and society as a whole. By prioritizing education, we can create a more informed, productive, and equitable world. Ultimately, education is the key to unlocking human potential and driving positive change.",1134
252,29905A8482BC,the value of education,1934,"The value of education is often debated, but its importance cannot be overstated. Education provides individuals with the skills and knowledge necessary to succeed in life. It opens doors to better job opportunities, higher salaries, and improved social mobility. Moreover, education fosters critical thinking, problem-solving, and creativity, essential skills for navigating today's complex world. Without education, individuals are limited in their career choices and may struggle to make ends meet. Furthermore, education has a profound impact on society, as it leads to a more informed and engaged citizenry, better equipped to participate in the democratic process. Investing in education is crucial for personal and societal growth, and its benefits far outweigh the costs. In conclusion, education is a vital component of a prosperous and equitable society, and its value should not be underestimated.",908
253,C7E050E7D5F0,the value of education,2957,"The value of education is a widely debated topic, with some arguing it's overemphasized and others believing it's essential. In my opinion, education is invaluable. It not only provides individuals with knowledge and skills but also empowers them to make informed decisions. Educated individuals are more likely to secure better job opportunities, earn higher salaries, and contribute to their communities. Furthermore, education promotes critical thinking, problem-solving, and creativity, all of which are essential for personal and professional growth. While some may argue that education is costly and time-consuming, I believe the benefits far outweigh the costs. In fact, studies have shown that investing in education leads to significant economic growth and improved societal outcomes. Moreover, education has the power to break cycles of poverty and inequality, providing opportunities for marginalized groups to succeed. Overall, the value of education cannot be overstated, and it's essential that we continue to prioritize and invest in education to create a more informed, equitable, and prosperous society. By doing so, we can unlock the full potential of individuals and drive positive change.",1208
254,50611B996992,a topic of personal interest,2437,"The implementation of standardized testing in schools has become a contentious issue. While proponents argue that it provides an objective measure of student performance, I firmly believe that it hinders the educational experience. Standardized tests solely assess rote memorization, neglecting crucial skills like creativity and critical thinking. This leads to a narrow, test-centric curriculum, where students are taught to regurgitate information rather than engage in meaningful learning. Furthermore, the pressure to perform well on these tests can be overwhelming, causing undue stress and anxiety for students. This, in turn, can have long-term effects on their mental health and overall well-being. Rather than relying on standardized tests, educators should focus on developing more holistic assessments that value diverse learning styles and promote a love of learning. By doing so, we can create a more inclusive and effective education system that prepares students for success in all aspects of life.",1014
255,C4086056BD37,the value of education,1185,"Education is invaluable, as it empowers individuals and societies. It fosters critical thinking, creativity, and problem-solving skills, leading to personal and economic growth. By investing in education, we invest in our future, breaking cycles of poverty and inequality. It is our responsibility to prioritize education, ensuring accessible and quality learning for all, and shaping a more informed and prosperous world.",422
256,49F54A35F6F3,the value of education,1848,"Education is invaluable in today's society, despite some arguing it's overvalued. It fosters critical thinking, creativity, and problem-solving skills. Moreover, education boosts economic growth, reduces poverty, and promotes social mobility. It empowers individuals to make informed decisions, challenge social norms, and drive innovation. Furthermore, education promotes tolerance, understanding, and empathy, essential for a harmonious and progressive society. Investing in education yields long-term benefits, both personally and societally. Therefore, prioritizing education is crucial for a better future.",611
257,782678016796,the value of education,1414,"Education is invaluable, providing individuals with knowledge and skills to succeed. It fosters critical thinking, creativity, and problem-solving, leading to personal growth and societal progress. Despite its costs, education yields long-term benefits, such as increased employability and higher earning potential. It empowers people to make informed decisions, contributing to a more enlightened and equitable society. By investing in education, we invest in our future, promoting innovation and prosperity.",509
258,EC64EE12DBB4,the value of education,2237,"The value of education is often disputed, but its importance cannot be overstated. Education is the backbone of a functioning society, providing individuals with the skills and knowledge necessary to succeed. It fosters critical thinking, creativity, and problem-solving, allowing people to makes informed decisions. Without education, societies would stagnate, and innovation would cease. Education also breaks cycles of poverty and promotes social mobility. While some argue that education is too expensive or time-consuming, the benefits far outweigh the costs. Investing in education yields long-term economic growth, improved health, and a more equitable distribution of resources. In conclusion, education is invaluable, and its importance should not be underestimated. It is the key to unlocking human potential and driving progress.",840
259,5AAD796F4D6B,the importance of having a positive attitude,1254,"Having a positive attitude is crucial for success. It helps build resilience, boosts confidence, and fosters meaningful relationships. A positive mindset allows individuals to approach challenges with optimism, leading to increased productivity and better problem-solving skills. Furthermore, it improves mental and physical health, reducing stress and anxiety. By adopting a positive attitude, individuals can overcome obstacles, achieve their goals, and live a fulfilling life.",479
260,3CED6DDF77BE,the value of education,3273,"The value of education is often debated, with some arguing it's overemphasized. However, I firmly believe that education is essential for individuals and society. It not only provides knowledge and skills, but also fosters critical thinking, creativity, and problem-solving abilities. Education empowers individuals to make informed decisions, think critically, and contribute to their communities. Furthermore, studies have shown that educated individuals are more likely to secure better-paying jobs, have improved health outcomes, and participate in civic engagement. In contrast, a lack of education can lead to poverty, unemployment, and social inequality. Therefore, investing in education is crucial for promoting economic growth, social mobility, and overall well-being. By prioritizing education, we can create a more informed, skilled, and compassionate society. As such, education should be recognized as a fundamental right, accessible to all, and supported by governments and individuals alike. Ultimately, the value of education lies in its ability to transform lives and shape a brighter future.",1110
261,4F158CCF45AC,the value of education,1416,"Education is invaluable, as it empowers individuals and societies. It fosters critical thinking, problem-solving, and creativity. Without education, people are limited in their potential and opportunities. Education breaks cycles of poverty, promotes equality, and drives economic growth. It is essential for personal and societal development, and its value should not be underestimated.",387
262,F45967CEFA55,what it takes to achieve success,2644,"The concept of success is often debated, with many attributing it to innate talent or luck. However, I firmly believe that success is the result of dedication, resilience, and intentional effort. Achieving success requires a well-defined goal, a clear plan, and a willingness to put in the hard work necessary to bring it to fruition. 

It also demands perseverance in the face of obstacles and criticism. Many successful individuals have experienced setbacks and failures, but it is their ability to learn from these mistakes and continue striving towards their objectives that ultimately leads to their success. 

Additionally, having a growth mindset and being open to learning and self-improvement are essential for achieving success. This involves seeking out new opportunities, taking calculated risks, and being adaptable in an ever-changing environment. 

In conclusion, success is not solely the result of natural ability or chance, but rather the outcome of deliberate effort, determination, and a willingness to learn and adapt. By adopting these qualities, individuals can set themselves on the path to achieving their goals and realizing their full potential.",1172
263,9DE684107A66,what it takes to achieve success,1743,"Achieving success requires a combination of hard work, dedication, and persistence. While some argue that innate talent is the key to success, I firmly believe that it is the effort one puts in that ultimately leads to achievement. Thomas Edison's famous quote, ""Genius is 1% inspiration and 99% perspiration,"" highlights the importance of perseverance and diligence. Furthermore, numerous examples of successful individuals, such as J.K. Rowling and Stephen King, demonstrate that success is often the result of tireless effort and determination. By adopting a growth mindset and being willing to learn from failures, individuals can overcome obstacles and achieve their goals, making hard work and perseverance the ultimate drivers of success.",745
264,B3B9D116021C,what it takes to achieve success,3107,"The concept of success is often debated, with many attributing it to luck or innate talent. However, true success stems from a combination of hard work, determination, and strategic planning. Setting clear goals and creating a roadmap to achieve them is essential, as it provides direction and motivation. Additionally, embracing failure as a learning opportunity and persevering through challenges is crucial. Many successful individuals, such as Thomas Edison and J.K. Rowling, faced numerous setbacks before achieving their goals. Their stories demonstrate that success is not solely dependent on talent or luck, but rather on persistence and a willingness to learn from mistakes. By adopting a growth mindset and putting in the effort required to develop skills and expertise, anyone can achieve success. Ultimately, success is within reach for those who are willing to put in the time and dedication required to achieve their goals.",937
265,22FDAB421C71,a topic of personal interest,1968,"The implementation of standardized testing in schools has been a contentious topic. While some argue it provides an objective measure of student performance, I firmly believe it stifles creativity and hinders individual growth. Standardized tests only assess a narrow range of skills, neglecting essential life skills like critical thinking, problem-solving, and collaboration. By placing such a high emphasis on testing, we inadvertently create a culture of teaching to the test, where educators focus on rote memorization rather than fostering curiosity and passion for learning. This approach not only fails to prepare students for the complexities of the real world but also contributes to increased student stress and anxiety. As a result, I strongly advocate for a more holistic approach to education, one that values creativity, diversity, and individuality, and prepares students to thrive in an ever-changing world. By abandoning our reliance on standardized testing, we can unlock a more innovative and inclusive education system that truly supports the unique needs and talents of each student.",1105
266,C41E40F2D803,the value of education,2327,"The value of education is often debated, but its importance cannot be overstated. Education provides individuals with the knowledge, skills, and critical thinking abilities necessary to succeed in life. It opens doors to better job opportunities, higher salaries, and improved socio-economic status. Moreover, education fosters personal growth, independence, and self-awareness, allowing individuals to make informed decisions and contribute positively to society. In contrast, a lack of education can lead to limited opportunities, increased poverty, and social inequality. Therefore, investing in education is crucial for both personal and societal development, and governments should prioritize funding for educational institutions to ensure that everyone has access to quality education. By doing so, we can create a more informed, productive, and equitable society. Education is key to unlocking individual and collective potential.",937
267,69C15737269C,a topic of personal interest,1327,"Climate change necessitates immediate attention. Rising temperatures and catastrophic natural disasters warrant urgent action. Governments and individuals must prioritize renewable energy, reducing fossil fuel reliance. Investing in solar and wind power can significantly decrease carbon emissions, mitigating the devastating impacts of climate change. It's imperative we act now to protect the planet's future.",411
268,FAC16838327F,the value of education,1597,"The value of education is often debated, but it is unequivocally essential for personal and societal growth. Education provides individuals with critical thinking skills, enabling them to make informed decisions and navigate complex situations. Moreover, it fosters empathy, tolerance, and cultural understanding, promoting a more harmonious and inclusive society. Education also empowers people to secure better job opportunities, thereby enhancing economic stability and reducing poverty. Furthermore, it encourages innovation, driving technological advancements and improving overall quality of life. Investing in education is crucial, as it yields long-term benefits for individuals, communities, and nations, ultimately leading to a more enlightened and prosperous world.",776
269,4D35A86F4929,a topic of personal interest,1795,"The implementation of a universal basic income (UBI) is a pressing issue that warrants serious consideration. As automation replaces jobs, UBI can provide financial security, fostering a more equitable society. Critics argue it's too costly, but I counter that the benefits outweigh the costs. UBI can alleviate poverty, reduce stress, and encourage entrepreneurship. It's time to rethink traditional welfare systems and invest in a future where everyone has a basic level of economic stability. By implementing UBI, we can ensure a more prosperous and just society for all. It's a crucial step towards a brighter future.",621
270,6B425FA21020,a topic of personal interest,1602,"The implementation of universal basic income (UBI) is a highly debated topic. I firmly believe that UBI is essential for addressing poverty and inequality in our society. By providing every citizen with a guaranteed minimum income, UBI ensures that basic needs are met, regardless of employment status. This, in turn, fosters a sense of security and stability, allowing individuals to pursue meaningful work and contribute to their communities. Critics argue that UBI is too costly, but I counter that the benefits far outweigh the costs, including reduced poverty, improved health, and increased economic mobility.",615
271,D293D510A140,the value of education,4941,"The value of education is a topic of paramount importance in today's society. While some may argue that education is not essential for success, I firmly believe that it is the key to unlocking an individual's true potential. Education not only provides individuals with the knowledge and skills necessary to secure better-paying jobs, but it also fosters critical thinking, creativity, and problem-solving skills.

A well-educated population is better equipped to contribute to the economy, drive innovation, and develop solutions to complex societal problems. Moreover, education has been shown to have a positive correlation with lower crime rates, improved health outcomes, and increased civic engagement. Despite these benefits, some argue that the rising cost of education makes it inaccessible to many. However, I would counter that the long-term benefits of education far outweigh the short-term costs.

Investing in education is an investment in the future, and it is essential that we prioritize it. By doing so, we can empower individuals, drive economic growth, and create a more just and equitable society. In conclusion, the value of education cannot be overstated, and it is our collective responsibility to ensure that it is accessible and affordable for all. Ultimately, education is the key to unlocking a brighter future, and it is an investment that will yield returns for generations to come.",1412
272,E853D5DD528D,a topic of personal interest,2290,"The implementation of universal basic income (UBI) is a highly debated topic. I firmly believe that UBI is essential for reducing poverty and income inequality. By providing every citizen with a guaranteed minimum income, UBI ensures that basic needs are met, allowing individuals to focus on personal growth and development. Critics argue that UBI is costly and ineffective, but I counter that it can be funded through redistribution of existing social welfare funds and increased taxation on the wealthy. UBI has been successfully tested in several countries, demonstrating its potential to alleviate poverty and stimulate local economies. As the world grapples with the challenges of automation and job displacement, UBI is a vital step towards creating a more equitable and sustainable society.",798
273,E19E1BEB08EA,the importance of friendship and relationships,6014,"The significance of friendship and relationships in our lives cannot be overstated. While some may argue that individual success and achievements are the key to happiness, I firmly believe that it is the connections we make with others that truly bring fulfillment and joy. Friendships and relationships provide us with a sense of belonging, emotional support, and a network of people who can offer guidance and encouragement.

Having close friends and relationships can have a profound impact on our mental and physical health. Studies have shown that people with strong social connections tend to have lower rates of depression, anxiety, and other mental health issues. They also tend to have stronger immune systems, lower blood pressure, and a reduced risk of chronic diseases. This is because friendships and relationships can help to reduce stress, increase feelings of happiness and well-being, and provide a sense of purpose and meaning in life.

Moreover, friendships and relationships can also play a crucial role in our personal and professional development. Having a supportive network of friends and colleagues can help us to build confidence, develop new skills, and pursue our goals and aspirations. They can offer valuable advice, provide new perspectives, and help us to learn from our mistakes. In the workplace, having strong relationships with colleagues can lead to greater job satisfaction, increased productivity, and a more positive work environment.

On the other hand, lacking close friendships and relationships can have negative consequences. People who are isolated or lonely are more likely to experience depression, anxiety, and other mental health issues. They may also struggle with feelings of disconnection and purposelessness, which can lead to a range of negative outcomes, including poor physical health, substance abuse, and decreased cognitive function.

Some may argue that in today's fast-paced, technology-driven world, friendships and relationships are no longer as important as they once were. They may claim that social media and other digital platforms can provide all the social connection we need. However, I would counter that while technology can certainly facilitate communication and connection, it is no substitute for in-person, face-to-face interaction. There is something uniquely special about sharing experiences, laughter, and tears with others in person, and this cannot be replicated through a screen.

In conclusion, the importance of friendship and relationships in our lives cannot be overstated. They provide us with emotional support, a sense of belonging, and a network of people who can offer guidance and encouragement. They are essential for our mental and physical health, personal and professional development, and overall well-being. As we navigate the challenges and complexities of modern life, it is more important than ever to prioritize and nurture our friendships and relationships. By doing so, we can build stronger, more resilient communities, and lead happier, healthier, and more fulfilling lives.",3082
274,C5E4E48AB704,the value of education,2742,"The value of education is often debated, but it remains the foundation of societal growth and development. Critics argue that the rising costs of education outweigh its benefits, but this perspective overlooks the long-term advantages. Education empowers individuals with critical thinking, problem-solving, and communication skills, making them more competitive in the job market and better equipped to adapt to an ever-changing world. Furthermore, educated individuals are more likely to participate in their communities, contribute to economic growth, and make informed decisions. In contrast, a lack of education can lead to poverty, unemployment, and social inequality. Therefore, investing in education is crucial for building a more prosperous, equitable, and enlightened society. By prioritizing education, we can unlock individual potential, foster innovation, and drive progress. Ultimately, the value of education lies in its ability to transform lives and shape a brighter future.",992
275,BE4764F7BFF1,the value of education,3920,"The value of education is a topic of ongoing debate, with some arguing that its benefits are overstated. However, I firmly believe that education is crucial for personal and societal development. Not only does it provide individuals with the skills and knowledge necessary to secure better-paying jobs, but it also fosters critical thinking, problem-solving, and creativity. 

Education has a direct impact on one's socio-economic status, with studies showing that educated individuals are more likely to break the cycle of poverty and contribute to their communities. Furthermore, education promotes social mobility, allowing people to improve their living standards and participate in the decision-making process.

In addition, education plays a vital role in shaping informed citizens who can actively engage in the democratic process. It enables individuals to make informed decisions, evaluate information critically, and develop a sense of responsibility towards their community.

While some may argue that online resources and self-directed learning can replace traditional education, I disagree. The structure, guidance, and social interaction provided by formal education are essential for personal growth and development. Moreover, education provides a foundation for lifelong learning, empowering individuals to adapt to an ever-changing world.

In conclusion, the value of education cannot be overstated. It is a vital investment in individuals and society, with far-reaching benefits that extend beyond personal gain. As such, it is essential that we prioritize education and strive to make it accessible to all, regardless of socio-economic background or geographical location.",1691
276,2568B64DB374,the value of education,1248,"Education is invaluable for personal and societal growth. It equips individuals with critical thinking skills, fosters innovation, and promotes social mobility. Despite its costs, education's benefits far outweigh the expenses, leading to better job opportunities and economic stability.",287
277,3F2941C11D95,the value of education,2788,"The value of education is often debated, but its significance cannot be overstated. Education empowers individuals with knowledge, skills, and critical thinking, enabling them to make informed decisions and contribute to society. It breaks the cycle of poverty, fosters economic growth, and promotes social mobility. Moreover, education cultivates empathy, tolerance, and open-mindedness, essential for harmonious coexistence. Despite its numerous benefits, some argue that education is expensive and inaccessible to many. However, investing in education yields long-term returns, as skilled workers drive innovation and economic progress. Furthermore, education is a fundamental human right, essential for personal growth and development. Governments and institutions must prioritize education, making it accessible and affordable for all. By doing so, we can create a more enlightened, equitable, and prosperous society. Education is not a luxury, but a necessity, and its value should be recognized and cherished.",1016
278,44D395C2AD83,the value of education,2409,"The importance of education cannot be overstated. It is the foundation upon which individuals, communities, and societies are built. Education has the power to transform lives, fostering personal growth, and promoting social mobility. Through education, individuals gain knowledge, critical thinking skills, and problem-solving abilities, enabling them to navigate the complexities of the world. Furthermore, education has a profound impact on economic development, as educated individuals are more likely to secure better-paying jobs, innovate, and contribute to their communities. Critics may argue that education is expensive and inaccessible to many, but investing in education yields long-term benefits, including reduced poverty and crime rates. Ultimately, education is a vital investment in human capital, and its value should not be underestimated.",857
279,12920189F7BB,the value of education,1981,"The value of education is a highly debated topic, with some arguing that it's overemphasized in today's society. However, I firmly believe that education is the key to unlocking one's potential and securing a successful future. Not only does it provide individuals with the knowledge and skills necessary to succeed in their chosen careers, but it also fosters critical thinking, creativity, and problem-solving abilities.

Education empowers people to make informed decisions, think independently, and become active participants in their communities. It breaks down social and economic barriers, providing opportunities for individuals from disadvantaged backgrounds to climb the social ladder. Furthermore, educated individuals are more likely to be economically stable, contributing to the overall prosperity of their countries.

In conclusion, education is not just a fundamental right, but a vital investment in one's future. It has the power to transform lives, communities, and societies as a whole. Rather than questioning its value, we should be working to improve access to quality education, ensuring that everyone has the opportunity to reach their full potential. By doing so, we can create a more informed, innovative, and prosperous world for generations to come. Education is, and will always be, the key to unlocking a brighter future.",1352
280,C996AAF4ADF6,a topic of personal interest,2661,"The Implementation of Veganism in Schools. 
Veganism is a lifestyle that has gained significant attention, yet schools still prioritize animal-based meals. Implementing veganism in schools can have numerous benefits for students, the environment, and the economy. 
A vegan diet reduces the risk of chronic diseases, such as heart disease and obesity, which are prevalent among children. Additionally, animal agriculture is a significant contributor to greenhouse gas emissions, deforestation, and water pollution. By adopting veganism, schools can promote sustainability and reduce their carbon footprint.
Moreover, veganism can promote food equality, as plant-based meals are often more affordable than animal-based ones. This can be particularly beneficial for low-income students who rely on school meals.
In conclusion, implementing veganism in schools is a forward-thinking approach that can have a lasting impact on future generations.",941
281,E501D2D7FC83,a topic of personal interest,1097,"Climate change necessitates immediate action. Rising temperatures and associated disasters, such as hurricanes and wildfires, imperil our planet. Human activities like deforestation and pollution exacerbate the issue. We must adopt renewable energy sources and reduce emissions to mitigate the effects. Inaction will have devastating consequences, making swift reform essential.",378
282,BA5DC45B0E3F,a topic of personal interest,2206,"The implementation of veganism is a crucial step towards a sustainable future. Animal agriculture is a leading cause of greenhouse gas emissions, deforestation, and water pollution. A vegan diet reduces an individual's carbon footprint by up to 50%. 

Moreover, animal farming is a significant contributor to animal cruelty, with millions of animals being raised and slaughtered in inhumane conditions every year. Veganism promotes compassion and empathy towards all living beings. 

While some argue that a vegan diet is restrictive and lacks essential nutrients, this is a misconception. A well-planned vegan diet can provide all the necessary nutrients for optimal health. 

In conclusion, adopting a vegan lifestyle is essential for mitigating climate change, promoting animal welfare, and improving human health. It is our moral obligation to make conscious choices about the food we eat and the impact it has on the world.",928
283,32E2949B0C66,the value of education,5999,"The importance of education is a topic of great debate, with some arguing that it is no longer a valuable investment in today's economy. However, I firmly believe that education remains a crucial aspect of personal and societal development. Not only does it provide individuals with a sense of purpose and direction, but it also equips them with the skills and knowledge necessary to succeed in their chosen careers.

Education has long been recognized as a key driver of economic growth and social mobility. It enables individuals to acquire new skills, think critically, and solve complex problems, making them more competitive in the job market. Moreover, education has been shown to have a positive impact on health, with studies indicating that educated individuals are more likely to make informed decisions about their health and wellbeing.

Furthermore, education plays a vital role in promoting social cohesion and reducing inequality. By providing individuals with access to quality education, we can help to bridge the gap between different socio-economic groups and promote social mobility. This, in turn, can help to reduce poverty and inequality, and create a more just and equitable society.

Some may argue that the rising cost of education makes it an unaffordable luxury for many individuals. However, I would counter that the benefits of education far outweigh the costs. While it is true that the cost of tuition fees and living expenses can be prohibitively expensive, there are many affordable options available, such as online courses and vocational training programs. Additionally, many governments and organizations offer scholarships and financial aid to help make education more accessible to all.

In conclusion, education is a vital investment in our future, and its value cannot be overstated. It provides individuals with the skills, knowledge, and critical thinking abilities necessary to succeed in today's fast-paced and rapidly changing world. By prioritizing education, we can promote economic growth, reduce inequality, and create a more just and equitable society. As such, I firmly believe that education is an essential aspect of personal and societal development, and it is an investment that we cannot afford to neglect.",2262
284,E1D1EFCFD8CD,the importance of having a positive attitude,1873,"Having a positive attitude is crucial in today's fast-paced world. It not only enhances our mental well-being but also improves our relationships and overall quality of life. A positive mindset allows us to approach challenges with confidence and resilience, leading to greater success and happiness. In contrast, a negative attitude can lead to stress, anxiety, and a pessimistic outlook. By adopting a positive attitude, we can overcome obstacles, build stronger connections with others, and achieve our goals. It is essential to cultivate a positive attitude through practices such as gratitude, mindfulness, and self-care. By doing so, we can lead a more fulfilling and purposeful life.",690
285,85D3E5A1D64E,a topic of personal interest,1827,"Standardized testing is a highly debated topic. I firmly believe that it should be eliminated due to its limitations in measuring a student's true potential. These tests only assess a narrow range of skills, neglecting creativity and critical thinking. Furthermore, they create undue stress and anxiety for students, often resulting in a negative impact on their mental health. The high-stakes environment surrounding these tests also leads to teaching methods that focus solely on test preparation, rather than providing a well-rounded education. By abolishing standardized testing, we can foster a more inclusive and holistic approach to learning, allowing students to explore and develop their unique strengths and interests.",728
286,7C08DA95AE9A,the value of education,2424,"Education is invaluable in today's society, as it empowers individuals with knowledge and skills. Many argue that its value lies in securing better job opportunities and higher salaries. However, its significance extends far beyond this. Education fosters critical thinking, problem-solving, and creativity, enabling individuals to make informed decisions and contribute to their communities. It also promotes social mobility, breaks cycles of poverty, and cultivates a more informed and engaged citizenry. By investing in education, we invest in the future of our societies, driving progress and innovation.",608
287,447221C3FA00,what it takes to achieve success,2421,"Achieving success requires a combination of hard work, dedication, and perseverance. Many believe that natural talent or luck are the primary factors, but this is a misconception. While talent can provide an initial advantage, it is the effort and resilience that ultimately lead to success. Thomas Edison's famous quote, ""Genius is 1% inspiration and 99% perspiration,"" highlights the importance of persistence. Additionally, successful individuals often set clear goals, develop a growth mindset, and learn from their failures. By adopting these traits, anyone can overcome obstacles and achieve their objectives, demonstrating that success is within reach for those willing to put in the effort.",698
288,A4F11F4A76AE,the value of education,2033,"The importance of education cannot be overstated. It is the foundation upon which individuals and societies are built, providing numerous benefits that can have a lasting impact. Education not only enhances career prospects and earning potential, but also fosters personal growth, critical thinking, and social mobility. It promotes cultural understanding, tolerance, and empathy, breaking down barriers and fostering a more harmonious world. Furthermore, educated individuals are better equipped to make informed decisions, contributing to a more informed and engaged citizenry. Despite the costs, investing in education yields significant returns, driving economic growth and development. Therefore, education should be prioritized and accessible to all, as it is a vital component of a prosperous and equitable society.",822
289,FF8A189E3BE4,a topic of personal interest,874,"Standardized testing is outdated. It stifles creativity and prioritizes rote memorization over critical thinking. This approach to education fails to prepare students for real-world problems, instead promoting a culture of test-taking and anxiety. It's time to reevaluate our assessment methods and focus on skills that truly matter.",333
290,B385E5EE33B9,a topic of personal interest,2476,"The implementation of universal basic income (UBI) is a highly debated topic. Proponents argue that UBI would alleviate poverty, stimulate economic growth, and reduce inequality. Opponents claim it would be too costly and ineffective. I firmly believe that UBI is essential in today's society. With automation replacing jobs, UBI would provide a safety net for workers. Additionally, it would give people the freedom to pursue their passions, leading to innovation and creativity. While it may seem costly, the benefits outweigh the costs. Implementing UBI would require a redistribution of existing social welfare funds, making it more efficient. It's time to consider UBI as a viable solution to poverty and inequality, rather than dismissing it as a utopian dream.",767
291,15968BD9B40A,the value of education,2303,"The value of education is often debated, but its importance cannot be overstated. Education provides individuals with the knowledge, skills, and critical thinking abilities necessary to succeed in life. It opens doors to better job opportunities, higher salaries, and improved social mobility. Furthermore, education fosters personal growth, independence, and self-awareness. It also promotes societal development by increasing civic engagement, reducing poverty, and improving public health. Critics argue that education is too expensive or that it does not guarantee success. However, the benefits of education far outweigh the costs. Invest in education, and you invest in a brighter future.",694
292,888A04678CCA,the value of education,1344,"Education is invaluable, providing individuals with the skills and knowledge necessary to succeed. It fosters critical thinking, problem-solving, and emotional intelligence. Without education, societies stagnate and economies falter. Investing in education yields long-term benefits, including improved health, increased productivity, and social mobility. It is the foundation upon which prosperous nations are built, and its importance cannot be overstated.",458
293,AE83E9155405,the value of education,2287,"Education is invaluable in today's society. It not only enhances cognitive abilities but also fosters critical thinking, problem-solving, and communication skills. By acquiring knowledge, individuals can make informed decisions, contributing to personal and societal growth. However, some argue that the rising costs of education outweigh its benefits. Nevertheless, the long-term advantages of education, including increased earning potential and improved health, far surpass the initial investment. Furthermore, education promotes social mobility, bridging the gap between socioeconomic classes. In conclusion, education is essential for individual and societal development, and its value should not be underestimated.",720
294,0A8B8F282E45,what it takes to achieve success,2373,"To achieve success, hard work and dedication are essential. Many believe that talent or luck are the primary factors, but this is a misconception. Success is the result of persistent effort and a willingness to learn from failures. It requires setting goals, creating a plan, and persevering through obstacles. Those who attribute their success to luck or talent often overlook the countless hours of work and sacrifice that went into achieving their goals. In reality, success is a continuous process of learning, adapting, and pushing oneself to improve. By adopting a growth mindset and putting in the necessary effort, anyone can achieve success, regardless of their background or circumstances. Ultimately, success is not just about achieving a goal, but about the journey itself, and the person one becomes in the process.",828
295,EAE70CCAFC13,a topic of personal interest,2069,"The implementation of a four-day workweek has sparked intense debate. I firmly believe it's beneficial, as it boosts productivity and work-life balance. With an extra day off, employees can recharge and attend to personal matters, leading to increased job satisfaction and reduced burnout. Additionally, a shorter workweek can help reduce carbon emissions and promote environmental sustainability. While some may argue it reduces hours and subsequently pay, many companies have successfully implemented compressed schedules without reducing pay or productivity. In fact, Microsoft Japan saw a 23% increase in productivity after adopting a four-day workweek. It's time for the traditional five-day workweek to evolve, embracing a modern and efficient approach to work. This change would have a positive impact on employees, the environment, and the economy, making it a wise decision for the future.",898
296,5E49CEB56FB3,the value of education,952,"Education is invaluable, as it empowers individuals and societies. It fosters critical thinking, problem-solving, and innovation, driving economic growth and social progress. By acquiring knowledge and skills, people can make informed decisions, adapt to change, and improve their lives. Investing in education yields long-term benefits, including reduced poverty and inequality. Therefore, education is essential for personal and collective advancement, and its value cannot be overstated.",490
297,8C34447FF21C,a topic of personal interest,1574,Climate change is a pressing issue. Rising temperatures are causing extreme weather events and devastating ecosystems. Humans have a responsibility to reduce carbon emissions and transition to renewable energy sources. Investing in solar and wind power can create jobs and stimulate local economies. It is crucial that governments and individuals take immediate action to mitigate the effects of climate change and ensure a sustainable future for generations to come.,467
298,130CA439835B,the value of education,2866,"The value of education is often debated, but it remains an essential aspect of personal and societal development. Education provides individuals with the skills, knowledge, and critical thinking necessary to succeed in their chosen careers. It also fosters social mobility, allowing people to break free from the constraints of their socio-economic backgrounds. Furthermore, education promotes civic engagement, as informed citizens are better equipped to participate in the democratic process. Some argue that the cost of education outweighs its benefits, but this perspective neglects the long-term advantages of investing in human capital. In reality, the benefits of education far exceed the costs, as it leads to increased productivity, economic growth, and a more informed, empathetic society. Ultimately, education is a fundamental right that should be accessible to all, regardless of economic or social status. By prioritizing education, we can create a more just, equitable, and prosperous world.",1006
299,C7CE778367F6,a topic of personal interest,3453,"The incorporation of veganism in school meal programs has become a contentious issue. As a long-time advocate for animal rights and environmental sustainability, I firmly believe that vegan options should be a staple in school cafeterias. Firstly, a well-planned vegan diet provides numerous health benefits, such as reduced risk of heart disease and obesity. 

Furthermore, animal agriculture is a significant contributor to greenhouse gas emissions, with around 14.5% of global emissions attributed to livestock. By adopting vegan meal options, schools can play a crucial role in reducing their carbon footprint. 

Additionally, incorporating veganism in school meal programs can foster empathy and compassion among students, promoting a culture of kindness towards all living beings. Some may argue that vegan options are too expensive or restrictive, but with careful planning, schools can provide nutritious and tasty vegan meals that cater to diverse tastes and dietary needs. 

It is our responsibility to ensure that future generations are equipped with the knowledge and values necessary to create a more sustainable and compassionate world. By integrating veganism into school meal programs, we can take a significant step towards achieving this goal. Overall, the benefits of veganism in schools far outweigh any perceived drawbacks, making it a crucial aspect of creating a more environmentally conscious and empathetic society.",1440
300,2B62F285FD21,the value of education,1900,"The value of education is undeniable. While some argue that experience and skills are more valuable, I firmly believe that education provides a solid foundation for success. It not only enhances cognitive abilities but also instills critical thinking, problem-solving, and communication skills. Education exposes individuals to diverse perspectives, fostering empathy and understanding. Furthermore, it opens doors to better job opportunities, higher salaries, and improved socio-economic status. Without education, societies would stagnate, and innovation would cease. Therefore, investing in education is crucial for personal and societal growth, and its value should not be underestimated.",692
301,D464E294DDB4,a topic of personal interest,1585,"Standardized testing is a flawed system. It creates unnecessary stress for students, limiting their ability to showcase their knowledge. These tests only measure a narrow range of skills, neglecting creativity and critical thinking. They also perpetuate inequality, as those with access to test preparation resources have an unfair advantage. By moving away from standardized testing, we can foster a more well-rounded education, allowing students to demonstrate their knowledge in more meaningful ways. This would lead to a more inclusive and effective education system.",571
302,F7CBE1D11BF8,what it takes to achieve success,3291,"Achieving success is often misconstrued as solely dependent on innate talent or luck. However, this oversimplification neglects the crucial role of dedication and persistence. While natural ability can provide a foundation, it is the relentless effort and perseverance that ultimately yield success. Thomas Edison's famous quote, "" Genius is 1% inspiration and 99% perspiration,"" aptly encapsulates this idea. Successful individuals, such as entrepreneurs and athletes, often attribute their accomplishments to tireless work ethic and unwavering commitment. Furthermore, embracing failure as a learning opportunity and adapting to challenges is essential. It is through this process that individuals develop the resilience and strategic thinking necessary to overcome obstacles and reach their goals. In conclusion, success is not solely the result of talent or chance, but rather the culmination of hard work, perseverance, and a willingness to learn from failure.",965
303,94131A88E955,the value of education,2554,"The value of education is often debated, but its importance cannot be overstated. Education provides individuals with the skills and knowledge necessary to succeed in life. It fosters critical thinking, problem-solving, and creativity, allowing people to make informed decisions and contribute to their communities. Furthermore, education has been proven to increase earning potential, reduce poverty, and improve overall well-being. Despite this, some argue that education is not essential, citing examples of successful individuals who have achieved success without formal education. However, these cases are exceptions rather than the rule. In reality, education is the key to unlocking opportunities and achieving long-term success. By investing in education, we are investing in the future of our society, and it is essential that we prioritize it. Education is the foundation upon which individuals, communities, and societies are built, and its value should not be underestimated.",987
304,616C3D5795E8,the value of education,880,"Education is a vital component of societal growth, fostering critical thinking and innovation. It empowers individuals, bridges socio-economic gaps, and fuels economic development. Investing in education yields long-term benefits, including improved health and civic engagement.",278
305,ED74D2C2403B,the value of education,3022,"The value of education is often debated, with some arguing it's overemphasized. However, I firmly believe that education is invaluable. It not only provides individuals with knowledge and skills, but also empowers them to make informed decisions and critically think. Education opens doors to better job opportunities, higher salaries, and improved socioeconomic status. Furthermore, it enables people to actively participate in their communities, fostering a more informed and engaged citizenry. By investing in education, we're not only investing in individuals, but also in the collective future of society. In conclusion, education is essential for personal growth, economic development, and societal progress, making it an indispensable aspect of modern life.",764
306,BFAEA615906C,what it takes to achieve success,2078,"Achieving success requires a combination of hard work, dedication, and perseverance. Some argue that natural talent is the key to success, but I disagree. While talent can be beneficial, it is not the sole determining factor. Many successful individuals have achieved their goals through sheer determination and effort. Thomas Edison, for example, is famously known for saying ""genius is 1% inspiration and 99% perspiration."" This quote highlights the importance of hard work and persistence in achieving success. Furthermore, success is often the result of learning from failures and using them as opportunities for growth. By adopting a growth mindset and being willing to put in the effort, anyone can achieve their goals and attain success.",744
307,60AEEA05E1A9,the value of education,1106,"Education is invaluable, as it empowers individuals and fosters social mobility. It enhances critical thinking, problem-solving, and communication skills, leading to better career opportunities and economic growth. Moreover, education promotes tolerance, understanding, and civic engagement, contributing to a more informed and compassionate society. Investing in education is essential for personal and societal progress.",422
308,F7DB1032DFAC,a topic of personal interest,2164,"The implementation of standardized testing in schools is a highly debated topic. While some argue that it provides a fair and objective assessment of student knowledge, I firmly believe that it has a negative impact on the education system. Standardized tests create a high-stress environment, leading to anxiety and decreased motivation among students. Furthermore, they prioritize rote memorization over critical thinking and creativity, resulting in a narrow and limited curriculum. This approach to education can have long-term consequences, stifling innovation and hindering students' ability to succeed in an ever-changing world. By abandoning standardized testing, we can foster a more inclusive and dynamic learning environment that encourages students to explore, create, and grow.",790
309,5077C09B20DC,a topic of personal interest,2835,"The implementation of universal basic income (UBI) is a topic of great interest to me. I firmly believe that UBI is essential for reducing poverty and income inequality. By providing every citizen with a guaranteed minimum income, governments can ensure that everyone has access to basic necessities like food, shelter, and healthcare. This, in turn, can lead to improved health, education, and overall well-being. Critics argue that UBI is too costly and may reduce the incentive to work. However, studies have shown that UBI can actually increase entrepreneurship and creativity, as people are freed from the burden of making ends meet. Additionally, with the rise of automation, UBI can serve as a safety net for workers who lose their jobs due to technological advancements. Overall, I strongly advocate for the implementation of UBI as a vital step towards creating a more equitable and just society. It's time for governments to take action and make UBI a reality.",970
310,28C8F048A469,a topic of personal interest,2058,"The use of standardized testing in education is a highly debated topic. I firmly believe that these tests are detrimental to students' learning experiences. They create immense stress and pressure, often leading to anxiety and decreased motivation. Furthermore, standardized tests only measure a narrow range of skills, neglecting important aspects like creativity and critical thinking. This can result in a narrow curriculum, where teachers focus solely on test preparation rather than providing a well-rounded education. Additionally, these tests can be biased, favoring students from affluent backgrounds who have had greater access to test preparation resources. Ultimately, the over-reliance on standardized testing can stifle students' natural curiosity and love for learning, which is essential for their future success.",828
311,C5B351564A3F,the value of education,3574,"The value of education is often debated, but its importance cannot be overstated. Education provides individuals with the knowledge, skills, and critical thinking abilities necessary to succeed in life. It opens doors to better job opportunities, higher salaries, and improved socioeconomic status. Moreover, education enables individuals to make informed decisions, think critically, and solve problems effectively. It also fosters personal growth, autonomy, and independence, allowing individuals to reach their full potential.

Furthermore, education has a positive impact on society as a whole. It promotes social mobility, reduces poverty and inequality, and fosters a more informed and engaged citizenry. Educated individuals are more likely to participate in the democratic process, engage in community service, and contribute to the betterment of society. In addition, education has been shown to have a positive correlation with improved health outcomes, reduced crime rates, and increased economic growth.

Despite these benefits, some argue that the cost of education is too high, and that alternative paths, such as vocational training or online courses, can provide similar benefits at a lower cost. However, while these alternatives have their value, they cannot replace the comprehensive education and socialization that occurs in a traditional educational setting. The value of education lies not only in the knowledge and skills it imparts, but also in the social and emotional development that occurs through interactions with peers, teachers, and mentors. Overall, the value of education is undeniable, and it is essential that we continue to prioritize and invest in education to ensure the future success and prosperity of individuals and society.",1768
312,F758E275C993,the importance of having a positive attitude,2310,"A positive attitude is crucial for success and well-being. It enables individuals to approach challenges with confidence, leading to increased resilience and productivity. A positive mindset also boosts mental health, as it reduces stress and anxiety. Moreover, it fosters stronger relationships, as people are more likely to be drawn to those with a optimistic outlook. Conversely, a negative attitude can hinder growth and happiness. Therefore, cultivating a positive attitude is essential for achieving personal and professional goals, and ultimately, living a fulfilling life. By adopting a positive mindset, individuals can unlock their full potential and thrive in all aspects of life.",691
313,AB6284069E18,the value of education,3001,"The value of education is often debated, with some arguing that it's not worth the investment. However, I firmly believe that education is the key to unlocking a person's full potential and is essential for personal and societal growth. Education not only provides individuals with knowledge and skills, but also enables them to think critically, solve problems, and make informed decisions. It opens doors to better job opportunities, higher salaries, and improved economic stability. Moreover, education has a positive impact on health, as studies have shown that educated individuals tend to make healthier lifestyle choices. Furthermore, education promotes social mobility, reduces poverty and inequality, and fosters a more informed and engaged citizenry. Investing in education is crucial for the development of a country, as it leads to a more skilled and productive workforce, which in turn drives innovation and economic growth. While some may argue that education is expensive, I counter that the long-term benefits far outweigh the costs. By prioritizing education, we can create a more just and equitable society, where everyone has the opportunity to succeed and reach their full potential. Therefore, it is imperative that we recognize the value of education and continue to invest in it, for the betterment of individuals and society as a whole. Education is the foundation upon which a prosperous and enlightened society is built, and it is our responsibility to ensure that it remains a priority.",1513
314,0CFDDC1CF75A,the value of education,848,"Education is invaluable, providing individuals with knowledge, critical thinking, and problem-solving skills. It fosters personal growth, social mobility, and economic prosperity. By investing in education, we cultivate a more informed, empathetic, and innovative society, ultimately driving progress and improving lives.",321
315,6C045F130B28,the importance of having a positive attitude,2463,"Having a positive attitude is crucial in today's fast-paced world. It not only enhances our mental well-being but also improves our relationships and overall quality of life. A positive attitude helps us approach challenges with confidence, resilience, and creativity. It enables us to cope with stress, anxiety, and adversity, leading to better physical and mental health. Furthermore, a positive attitude is contagious, influencing those around us and creating a supportive environment. In contrast, a negative attitude can lead to stagnation, pessimism, and unhappiness. Therefore, cultivating a positive attitude is essential for personal growth, success, and happiness. By choosing to focus on the good, we can transform our lives and the lives of those around us. So, let us embrace positivity and reap its numerous benefits.",831
316,FE60E597467E,the importance of having a positive attitude,3421,"Having a positive attitude is crucial in today's fast-paced world. A positive mindset not only boosts one's mental health but also enhances their overall well-being. It allows individuals to approach challenges with confidence and resilience, leading to greater success in their personal and professional lives. A negative attitude, on the other hand, can lead to stagnation and a lack of motivation. By adopting a positive attitude, individuals can navigate life's obstacles more effectively, build stronger relationships, and achieve their goals. Furthermore, a positive attitude is contagious, inspiring others to do the same. In conclusion, cultivating a positive attitude is essential for a fulfilling and successful life, and it is up to individuals to make a conscious effort to do so.",792
317,79098D096CB8,a topic of personal interest,815,"Climate change is a pressing issue. Human activities, such as burning fossil fuels and deforestation, release excessive greenhouse gases, contributing to rising temperatures. This results in devastating natural disasters, like hurricanes and wildfires. Immediate action is necessary to reduce emissions and transition to renewable energy sources. Governments and individuals must work together to mitigate climate change's catastrophic effects and ensure a sustainable future.",476
318,747E3560442E,a topic of personal interest,1472,"Standardized testing is a flawed system. It creates unnecessary stress for students and does not accurately reflect their abilities. These tests only measure a narrow range of skills, neglecting important qualities like creativity and critical thinking. Additionally, they disproportionately affect disadvantaged students, who may not have had equal access to test preparation resources. By placing so much emphasis on standardized testing, we are doing a disservice to students and undermining the true purpose of education. Alternative assessment methods, such as project-based evaluations, would provide a more comprehensive and fair measure of student learning.",665
319,6B850987631D,the value of education,1378,"Education is invaluable, as it empowers individuals with knowledge and critical thinking skills. It fosters personal growth, increases employability, and boosts economic productivity. Without education, societies would lack innovation and progress. Investing in education is crucial for a nation's development and prosperity. It reduces poverty, inequality, and crime, while promoting social mobility and civic engagement. Therefore, education should be a top priority for individuals, governments, and societies.",513
320,0E3C1F059C31,the impact of technology on society,2395,"The impact of technology on society is a highly debated topic. While some argue that technology has improved our lives, others claim it has created more problems. On one hand, technology has increased accessibility to information, connected people globally, and improved healthcare. However, excessive technology use has led to social isolation, decreased attention span, and increased cyberbullying. Furthermore, technology has also created job insecurity and widened the gap between the rich and the poor. In conclusion, technology is a double-edged sword, and its impact on society depends on how we utilize it. If used responsibly, technology can be a powerful tool for progress, but if abused, it can have devastating consequences. Therefore, it is essential to strike a balance between technology use and human interaction to create a more harmonious and equitable society.",879
321,00D281524375,the impact of technology on society,1075,"The impact of technology on society is a double-edged sword. While it has increased efficiency and connectivity, it also perpetuates social isolation and addiction. As people increasingly rely on screens for interaction, face-to-face communication suffers. Furthermore, technology exacerbates income inequality by replacing jobs with automation. However, it also provides access to education and resources, bridging the knowledge gap. Ultimately, technology's effects on society are multifaceted, and responsible usage is crucial to mitigate its negative consequences.",568
322,1736153EF81F,a topic of personal interest,2249,"As a passionate advocate for environmental conservation, I firmly believe that single-use plastics should be banned worldwide. The devastating impact of plastic waste on our ecosystems is undeniable, with millions of tons of plastic polluting our oceans and harming marine life. The use of single-use plastics, such as water bottles and bags, is a significant contributor to this problem. By banning these items, governments can promote sustainable alternatives and reduce plastic waste. Furthermore, the production of single-use plastics requires massive amounts of fossil fuels, exacerbating climate change. In conclusion, a global ban on single-use plastics is a crucial step towards protecting our planet and preserving its natural resources for future generations. It is our responsibility to take action and implement sustainable practices to mitigate the harmful effects of plastic waste.",895
323,E5F1CCC31762,the importance of having a positive attitude,2653,"Having a positive attitude is essential in today's fast-paced world. It not only improves one's mental health but also fosters a sense of resilience. A positive attitude allows individuals to approach challenges with confidence and optimism, leading to increased productivity and better decision-making. Additionally, a positive outlook can lead to stronger relationships and a more supportive social network. By maintaining a positive attitude, individuals can navigate life's obstacles with greater ease and achieve their goals more effectively. Overall, a positive attitude is crucial for achieving success and overall well-being, making it a vital trait to cultivate in daily life.",685
324,3137C16C109D,a topic of personal interest,1622,"Standardized testing is a contentious topic in education. While proponents argue it measures student knowledge, I firmly believe it hinders creativity and critical thinking. Tests like the SAT and ACT only assess a narrow range of skills, neglecting important aspects of intelligence. They also create undue stress, affecting mental health. Alternative assessments, such as project-based evaluations, can provide a more comprehensive picture of a student's abilities, fostering innovation and problem-solving skills. By abandoning standardized testing, we can create a more inclusive, effective education system that values diverse talents. It's time to rethink our approach to student evaluation.",697
325,51BAD5699073,a topic of personal interest,3548,"The implementation of vegan diets in schools has become a highly debated topic.  Many argue that veganism is a personal choice and should not be forced upon children. However, I firmly believe that incorporating vegan options into school meals is essential for the well-being of students and the environment. 

A well-planned vegan diet provides numerous health benefits, including reduced risk of heart disease and obesity. Vegan meals tend to be high in fiber and low in saturated fat, which can improve digestion and boost energy levels. Moreover, veganism promotes sustainability by reducing greenhouse gas emissions and conserving water. Animal agriculture is a significant contributor to environmental degradation, and by adopting vegan diets, we can significantly mitigate its impact.

Incorporating vegan options into school meals can also promote diversity and inclusivity. Many students follow a vegan diet due to cultural, religious, or personal reasons, and providing vegan options can make them feel included and valued. Furthermore, exposing children to a variety of plant-based foods can help them develop healthy eating habits and a more open-minded approach to food.

Some may argue that vegan diets are protein-deficient and lack essential nutrients. However, with proper planning, vegan diets can be nutritionally balanced and provide all the necessary nutrients for growth and development. Many plant-based foods, such as beans, lentils, and tofu, are rich in protein and can be easily incorporated into school meals.

In conclusion, incorporating vegan options into school meals is a crucial step towards promoting the health, well-being, and sustainability of students. By providing vegan options, schools can cater to diverse dietary needs, promote healthy eating habits, and contribute to a more environmentally friendly future.",1852
326,CB7F46E1BDF6,the importance of having a positive attitude,1125,"Having a positive attitude is crucial for achieving success and overall well-being. It allows individuals to approach challenges with confidence and resilience, fostering growth and productivity. A positive mindset also improves mental health, reducing stress and anxiety. By adopting a positive attitude, one can overcome obstacles, build stronger relationships, and lead a more fulfilling life.",396
327,33E7F1C7E399,the importance of friendship and relationships,2268,"The importance of friendship and relationships in our lives cannot be overstated. While some may argue that personal achievements and career success are the keys to happiness, I firmly believe that meaningful connections with others are the foundation upon which a fulfilling life is built. Friends provide emotional support, encourage personal growth, and offer a sense of belonging. They help us navigate life's challenges and celebrate its triumphs. In contrast, a life without strong relationships can lead to feelings of isolation and loneliness. By investing in friendships and nurturing our relationships, we can cultivate a sense of purpose, increase our self-esteem, and develop a stronger, more resilient sense of self. Ultimately, friendships and relationships are essential to our well-being and happiness, making them a vital component of a life well-lived.",870
328,F711DAD6AA51,what it takes to achieve success,1735,"Achieving success requires dedication and perseverance. Many believe it's solely about innate talent, but I argue it's the culmination of hard work, strategic planning, and resilience. Successful individuals set SMART goals, prioritize tasks, and adapt to overcome obstacles. With persistence and a growth mindset, anyone can unlock their potential and achieve their objectives, making success attainable for those willing to put in the effort.",444
329,90526CA48E47,a topic of personal interest,2506,"Standardized testing has been a long-standing debate in education. I firmly believe that it hinders a student's ability to learn, as it creates unnecessary stress and pressure to perform. Many students experience anxiety, leading to poor performance, which can unfairly impact college admissions and future opportunities. Furthermore, these tests do not account for individual learning styles or creative thinking, instead focusing on rote memorization. This narrow approach stifles innovation and creativity. Alternative assessment methods, such as project-based evaluations and competency-based progression, would provide a more comprehensive understanding of a student's abilities. By abandoning standardized testing, we can create a more inclusive and effective educational system that values diverse skills and promotes a lifelong love of learning.",853
330,D35A126B4379,a topic of personal interest,2159,"The implementation of vegan diets in schools has sparked intense debate. As someone who is passionate about animal welfare and environmental sustainability, I firmly believe that vegan options should be mandatory in school cafeterias. 

A well-planned vegan diet provides numerous health benefits, including reduced risk of heart disease and obesity. Moreover, animal agriculture is a significant contributor to greenhouse gas emissions, deforestation, and water pollution. By adopting vegan diets, schools can play a crucial role in promoting sustainability and reducing their carbon footprint.

Furthermore, schools have a responsibility to educate students about the impact of their food choices on the environment and animal welfare. By providing vegan options, schools can encourage students to think critically about their food choices and develop empathy for animals. 

Opponents argue that vegan diets are restrictive and may not provide adequate nutrition. However, with proper planning, vegan diets can be nutritionally balanced and provide all the necessary nutrients for growth and development. 

In conclusion, incorporating vegan options in school cafeterias is a step in the right direction towards promoting sustainability, animal welfare, and student health. It is our responsibility to ensure that future generations are equipped with the knowledge and skills to make informed choices about their diet and its impact on the planet.",1449
331,EF455BB07922,a topic of personal interest,1206,"Standardized testing should be abolished. It creates undue stress and doesn't accurately reflect intelligence. Alternative assessments, such as project-based evaluations, can provide a more comprehensive understanding of a student's abilities. This approach promotes creativity and critical thinking, better preparing students for real-world challenges. By ditching standardized tests, we can foster a more inclusive and effective education system.",448
332,524CD617574D,what it takes to achieve success,3722,"Achieving success is often perceived as a product of innate talent or luck. However, this notion is far from the truth. The key to attaining success lies in dedication, perseverance, and a well-crafted strategy. Thomas Edison once said, ""Genius is 1% inspiration and 99% perspiration."" This quote underlines the importance of hard work and persistence in overcoming obstacles and staying committed to one's goals.

While natural ability can undoubtedly provide an initial advantage, it is the relentless pursuit of improvement and the willingness to learn from failure that ultimately set successful individuals apart. J.K. Rowling, for instance, was a single mother living on welfare when she began writing the Harry Potter series. Her success was not solely due to her talent, but also the result of her tireless efforts to hone her craft and persist through numerous rejections.

Furthermore, a well-thought-out plan and a keen understanding of one's strengths and weaknesses are essential in achieving success. This involves setting realistic goals, seeking guidance from mentors, and being adaptable in the face of changing circumstances. The story of Steve Jobs, who transformed Apple into a global powerhouse, exemplifies the value of strategic planning and innovative thinking.

In conclusion, success is not solely dependent on talent or luck, but rather the result of a combination of hard work, perseverance, and strategic planning. By embracing these qualities and being willing to learn from failure, individuals can overcome obstacles and achieve their goals, regardless of their background or circumstances. Ultimately, it is the persistence and determination of the human spirit that truly drives success.",1721
333,11598C88FBA4,what it takes to achieve success,1546,"Achieving success is often attributed to innate talent, but this perspective is misguided. Hard work, dedication, and perseverance are the true keys to success. Many successful individuals have overcome obstacles and failures to reach their goals. Thomas Edison, for example, failed over 1,000 times before inventing the light bulb. Success is not solely dependent on talent, but on the willingness to learn, adapt, and push through challenges. With persistence and the right mindset, anyone can achieve success, regardless of their background or natural ability. Ultimately, it is the effort and determination that one puts in that truly matters, not just their innate talent.",677
334,0D382343F3D7,a topic of personal interest,2650,"The implementation of veganism is a crucial step towards mitigating climate change. Many argue that a vegan lifestyle is too restrictive, but I firmly believe that the benefits outweigh the drawbacks. Animal agriculture is a significant contributor to greenhouse gas emissions, deforestation, and water pollution. 

By adopting a plant-based diet, individuals can significantly reduce their carbon footprint. Furthermore, veganism promotes sustainable agriculture, conserving water and land resources. Opponents argue that veganism is expensive and inaccessible, but with the rising demand for plant-based products, prices are decreasing. 

Additionally, a well-planned vegan diet can provide all necessary nutrients, dispelling the myth that it is unhealthy. It is our responsibility to take action against climate change, and adopting veganism is a simple yet effective way to make a difference. We owe it to ourselves, future generations, and the planet to consider the impact of our food choices. By choosing veganism, we can create a more sustainable future.",1063
335,80DD7EE85BF7,the value of education,1469,"Education is invaluable, as it fosters personal growth, critical thinking, and societal progress. It empowers individuals with knowledge, skills, and adaptability, enabling them to navigate complex challenges. Moreover, educated individuals contribute to economic development, innovation, and cultural enrichment. Despite its costs, education yields long-term benefits, making it a vital investment in human capital. Critics may argue that education is expensive, but its rewards far outweigh the expenses, leading to a more informed, tolerant, and prosperous society. Ultimately, education is essential for individual and collective advancement.",646
336,4E443B00DBFA,a topic of personal interest,1810,"Standardized tests are a flawed measure of intelligence. They only assess a narrow range of skills, neglecting creativity and critical thinking. This leads to undue stress and teaching to the test, rather than fostering a love of learning. Moreover, these tests perpetuate inequality, as those with greater resources can afford pricey test prep. It's time to reconsider our reliance on standardized tests and adopt more holistic assessments that allow students to showcase their unique strengths and talents. By doing so, we can create a more inclusive and effective education system.",584
337,E2456BDC6648,the value of education,2945,"The value of education is a topic of ongoing debate, with some arguing that it is not essential in today's society. However, I strongly disagree. Education provides individuals with the knowledge, skills, and critical thinking necessary to succeed in their careers and personal lives. It enables people to make informed decisions, solve complex problems, and adapt to new situations. 

Moreover, education has numerous economic benefits, as it increases individual earnings and reduces poverty rates. In fact, studies have shown that every dollar invested in education generates a significant return in terms of economic growth and societal development. Additionally, education promotes social mobility, allowing people to break the cycle of poverty and improve their socio-economic status.

Education also plays a vital role in fostering a sense of social responsibility and civic engagement. It encourages individuals to participate in their communities, engage in public discourse, and contribute to the betterment of society. Furthermore, education helps to promote tolerance, understanding, and empathy, which are essential for building a harmonious and inclusive society.

In conclusion, the value of education cannot be overstated. It is the key to unlocking individual potential, driving economic growth, and fostering a more compassionate and informed society. As such, it is imperative that we prioritize education and ensure that everyone has access to quality educational opportunities, regardless of their background or socio-economic status. By doing so, we can create a brighter future for ourselves and for generations to come.",1643
338,AE178808D4FB,a topic of personal interest,2951,"The implementation of a universal basic income (UBI) is a topic that has garnered significant attention in recent years. As automation and artificial intelligence continue to displace human workers, many experts argue that a UBI is essential for ensuring economic security. I firmly believe that UBI is a necessary investment in our collective future.

Proponents of UBI argue that it would alleviate poverty and provide a safety net for the most vulnerable members of society. With a guaranteed income, individuals would be empowered to pursue meaningful work and creative endeavors, rather than simply taking any job for the sake of a paycheck. This, in turn, would lead to increased innovation and entrepreneurship.

Furthermore, UBI would help to address income inequality, a pressing issue in many countries. By providing a basic level of economic support, UBI would help to reduce the wealth gap and promote social mobility. Additionally, UBI would simplify welfare systems, reducing bureaucracy and administrative costs.

Despite the potential benefits, some critics argue that UBI is too expensive and would be difficult to implement. However, I argue that the costs of not implementing UBI would far outweigh the costs of implementation. By investing in UBI, we would be investing in human capital, promoting economic growth, and reducing poverty and inequality. Ultimately, UBI is a moral and economic imperative that would have far-reaching benefits for individuals and society as a whole.",1500
339,883C1EF358F6,a topic of personal interest,1419,"Standardized testing is a contentious issue. While proponents argue it ensures academic equality, I firmly believe it stifles creativity and fails to accurately measure intelligence. The one-size-fits-all approach neglects individual learning styles, leading to unnecessary stress and anxiety. By abolishing these tests, we can foster a more holistic education system, encouraging critical thinking and innovation. This, in turn, will produce well-rounded individuals, better equipped to succeed in an ever-evolving world.",522
340,EEB58B11D40C,a topic of personal interest,954,"Standardized testing is unnecessary and counterproductive. It creates undue stress on students, stifles creativity, and fails to accurately measure intelligence. Alternative assessment methods, such as project-based evaluations, better prepare students for real-world applications and promote deeper learning. By abolishing standardized testing, we can foster a more inclusive and effective education system.",408
341,64EB91C84A32,the value of education,1988,"The value of education is often debated, with some arguing it's a waste of time and money. However, I firmly believe that education is invaluable. It not only provides individuals with knowledge and skills, but also empowers them to make informed decisions and contribute to society. Education opens doors to better career opportunities, higher salaries, and improved socio-economic status. It also fosters critical thinking, problem-solving, and creativity, essential skills for personal and professional growth. Moreover, education promotes social mobility, reduces poverty and inequality, and enhances overall well-being. In conclusion, education is a vital investment in one's future, and its benefits far outweigh the costs. By prioritizing education, we can create a more informed, productive, and prosperous society.",823
342,E47A7E497F78,a topic of personal interest,1136,"Standardized testing is an outdated concept. It promotes rote memorization over critical thinking and creativity. By forcing students to conform to a narrow definition of intelligence, we stifle innovation and progress. It's time to rethink our approach to education and prioritize individuality.",296
343,EA8BE9778AA9,a topic of personal interest,2687,"The implementation of universal basic income (UBI) has been a contentious topic. I firmly believe that UBI is essential, as it would guarantee every citizen a minimum standard of living. With automation replacing jobs, UBI would provide a financial safety net, reducing poverty and stress. Additionally, it would stimulate local economies, as people would have more disposable income to spend. Critics argue that UBI is unaffordable, but I counter that the benefits, such as improved health and education, outweigh the costs. By investing in UBI, we can create a more equitable society.",586
344,D80ED2446C0E,the value of education,1181,"Education is invaluable, as it empowers individuals and fosters personal growth. It enhances critical thinking, problem-solving, and adaptability. By acquiring knowledge and skills, individuals can secure better job opportunities and higher salaries. Education also promotes social mobility, breaks cycles of poverty, and enriches communities. It is essential for a country's development and prosperity, as an educated population drives innovation and progress. Therefore, investing in education is crucial for a brighter future.",529
345,BFB1E692333A,the importance of having a positive attitude,2841,"Having a positive attitude is essential in today's fast-paced world. It not only boosts our mental health but also enhances our overall well-being. A positive mindset allows us to approach challenges with confidence and resilience, leading to greater success in both personal and professional lives. Negative thoughts, on the other hand, can lead to stress, anxiety, and a pessimistic outlook. By adopting a positive attitude, we can cultivate meaningful relationships, achieve our goals, and live a happier, more fulfilling life. It's time to shift our focus towards the importance of positivity and make a conscious effort to spread joy and optimism.",652
346,10D5A47D0859,the importance of having a positive attitude,1868,"Having a positive attitude is crucial in navigating life's challenges. It enhances resilience, boosts confidence, and fosters strong relationships. A positive mindset allows individuals to approach problems with optimism, leading to innovative solutions. Conversely, a negative attitude can lead to stagnation and hinder personal growth. By embracing positivity, we can cultivate a supportive environment, improve mental health, and increase overall well-being. This, in turn, can lead to greater success and a more fulfilling life. Therefore, adopting a positive attitude is essential for achieving personal and professional goals.",632
347,1FAC31F5C8DC,the importance of having a positive attitude,1713,"Having a positive attitude is crucial for achieving success and overall well-being. It allows individuals to approach challenges with confidence and resilience, leading to improved mental health and increased productivity. A positive attitude also fosters stronger relationships and better communication skills, as it promotes empathy and understanding. Furthermore, it enables individuals to focus on solutions rather than problems, leading to increased creativity and innovation. By adopting a positive attitude, individuals can overcome obstacles, build stronger relationships, and achieve their goals, ultimately leading to a more fulfilling life.",651
348,82CCCAD3BA5B,a topic of personal interest,957,"The implementation of universal basic income (UBI) is essential. With rising inequality and automation, UBI can alleviate poverty and provide financial security. By guaranteeing a minimum income, individuals can pursue meaningful work rather than just any job for a paycheck. It's time to prioritize human well-being over profits and adopt UBI as a vital social safety net.",373
349,DB0A595A4723,a topic of personal interest,1010,"Standardized testing is unfair. It pressures students and doesn't account for individual learning styles. Alternative assessments, like project-based evaluations, would better measure academic abilities and reduce stress, providing a more accurate representation of a student's knowledge and skills.",299
350,CF4E6D77F514,the value of education,1716,"Education is the foundation of a prosperous society. It empowers individuals with knowledge, skills, and critical thinking, enabling them to make informed decisions and contribute to their communities. Despite its importance, some argue that education is unnecessary in today's digital age, where information is readily available online. However, this notion is misguided, as education provides a structured learning environment that fosters creativity, problem-solving, and collaboration. It also promotes social mobility, reduces poverty, and drives economic growth. Moreover, education helps individuals develop emotional intelligence, empathy, and cultural awareness, essential for a harmonious and inclusive society. In conclusion, education is indispensable, and its value extends far beyond personal gain, benefiting society as a whole.",843
351,D77456B25F73,a topic of personal interest,1246,"Standardized testing hinders academic growth. It creates undue stress, stifles creativity, and fails to account for individual learning styles. Furthermore, it narrows curriculum focus to test prep, neglecting essential subjects like arts and physical education. This one-size-fits-all approach does a disservice to students, educators, and the future workforce.",362
352,7AF7DC456D3C,a topic of personal interest,1196,"Standardized testing is a flawed approach to education. It creates unnecessary stress and fails to accurately measure intelligence or potential. Many students, despite being knowledgeable, struggle with test-taking due to anxiety or learning disabilities. Moreover, it narrows curriculum, as teachers focus on test preparation rather than overall learning. Alternative assessments, such as project-based evaluations, can provide a more comprehensive understanding of a student's abilities.",489
353,343A80DD6FB3,the impact of technology on society,2273,"The impact of technology on society is a highly debated topic. While some argue it has improved our lives, others claim it has led to social isolation and decreased face-to-face interaction. I believe technology has had a net positive effect. It has revolutionized communication, enabling global connectivity and access to information. However, excessive screen time can have negative consequences. Moderation is key. By leveraging technology's benefits while maintaining a balance, we can harness its potential to enhance our lives and promote social progress. Ultimately, technology is a tool, and its impact depends on how we choose to use it.",646
354,22F16C83DE10,a topic of personal interest,3264,"The implementation of universal basic income (UBI) has been a topic of debate in recent years. I firmly believe that UBI is essential for a more equitable society. With the rise of automation, many jobs are at risk of being replaced, leaving millions without a steady income. UBI would provide a safety net, ensuring that everyone's basic needs are met. It would also give people the freedom to pursue their passions, rather than just taking any job for the sake of a paycheck. Additionally, UBI would simplify welfare systems, reducing bureaucracy and administrative costs. Some argue that UBI is too expensive, but I counter that the benefits outweigh the costs. By investing in UBI, we can create a more stable and prosperous society for all.",745
355,D7B9BEAEE50E,the value of education,2135,"The value of education is often debated, with some arguing it's a privilege rather than a necessity. However, education is essential for personal and societal growth. It empowers individuals with knowledge, critical thinking, and problem-solving skills, enabling them to make informed decisions and contribute to their communities. Education also fosters economic growth, reduces poverty, and promotes social mobility. It's a key driver of innovation, as educated individuals are more likely to pursue careers in science, technology, and entrepreneurship. Furthermore, education promotes social cohesion, tolerance, and understanding, leading to a more harmonious and peaceful society. In conclusion, education is invaluable, and its importance cannot be overstated. It's a fundamental right that should be accessible to all, regardless of socioeconomic background or geographical location.",890
356,6D9728CB8711,the value of education,3422,"The value of education is a highly debated topic. Many argue that it is unnecessary, citing successful individuals who have achieved success without formal education. However, I strongly disagree. Education provides individuals with the knowledge, skills, and critical thinking necessary to succeed in their chosen careers. It enables them to make informed decisions, solve complex problems, and adapt to an ever-changing world. Furthermore, education has numerous long-term benefits, including increased earning potential, improved health outcomes, and greater social mobility. It also promotes personal growth, empathy, and understanding, allowing individuals to become active and engaged citizens. Without education, individuals are limited in their ability to reach their full potential and contribute to society. In conclusion, education is essential for individuals, communities, and societies to thrive, and its value cannot be overstated. It is the key to unlocking a brighter future and creating a more equitable and just world.",1037
357,053ACB9DFE74,a topic of personal interest,1327,"Standardized testing is a hindrance to education. It creates undue stress, limiting students' creativity and critical thinking. By focusing on test preparation, schools neglect vital skills like problem-solving and collaboration. This narrow approach to learning stifles innovation and fails to prepare students for real-world challenges, ultimately harming their future success.",379
358,7033DB6BA12E,the value of education,2723,"The value of education is often debated, but it is undeniable that it is essential for personal and societal growth. Education empowers individuals with knowledge, critical thinking, and problem-solving skills, enabling them to make informed decisions and contribute to their communities. It also fosters economic development, as educated individuals are more likely to secure better-paying jobs and stimulate innovation. Furthermore, education promotes social mobility, allowing people to break free from the constraints of their socioeconomic background. Despite the costs associated with education, it is a worthwhile investment, as it yields long-term benefits for individuals, societies, and the global economy. In conclusion, education is a vital component of a prosperous and equitable society, and its value should not be underestimated.",845
359,03D00899C901,the importance of having a positive attitude,2830,"Having a positive attitude is crucial in today's fast-paced world. A positive mindset enables individuals to tackle challenges with confidence, leading to greater success and resilience. It fosters a growth mentality, allowing people to learn from failures and view obstacles as opportunities for growth. In contrast, a negative attitude can lead to stagnation and a lack of motivation. A positive attitude also promotes better mental and physical health, as it reduces stress and anxiety. Furthermore, it enhances relationships and overall well-being. By adopting a positive attitude, individuals can unlock their full potential and live a more fulfilling life. Ultimately, a positive attitude is essential for achieving success and happiness, and it is up to each individual to choose their mindset and reap the rewards. With a positive attitude, anyone can overcome adversity and thrive in all aspects of life.",913
360,EA970C38817C,a topic of personal interest,5839,"The debate about climate change has been ongoing for years, with some arguing that it's a natural phenomenon and others claiming it's a result of human activity. As someone who's passionate about environmental conservation, I firmly believe that climate change is caused by human actions and that we must take immediate action to mitigate its effects.

The evidence is overwhelming: rising global temperatures, melting polar ice caps, and extreme weather events are all clear indicators of climate change. However, it's not just a natural phenomenon, but rather the result of human activities such as burning fossil fuels, deforestation, and pollution. The burning of fossil fuels releases massive amounts of carbon dioxide into the atmosphere, which contributes to the greenhouse effect and global warming. Deforestation, on the other hand, destroys the very forests that absorb carbon dioxide and produce oxygen.

Despite the overwhelming evidence, there are still many who deny the role of human activity in climate change. They argue that climate change is a natural cycle and that human actions have no significant impact. However, this argument is flawed and ignores the scientific consensus. The vast majority of climate scientists agree that human activities are the primary cause of climate change.

So, what can we do to mitigate the effects of climate change? Firstly, we must transition to renewable energy sources such as solar and wind power. This will reduce our reliance on fossil fuels and decrease carbon emissions. Secondly, we must protect and restore our forests, which are crucial in absorbing carbon dioxide and producing oxygen. Finally, we must adopt sustainable practices in our daily lives, such as reducing waste, using public transport, and consuming locally sourced products.

In conclusion, climate change is a pressing issue that requires immediate attention and action. The evidence is clear: human activities are the primary cause of climate change, and we must take responsibility for our actions. By transitioning to renewable energy, protecting our forests, and adopting sustainable practices, we can mitigate the effects of climate change and create a sustainable future for generations to come. It's time to take action and make a difference. We owe it to ourselves, our children, and the planet to act now and ensure a sustainable future.",2378
361,0E03218FDD2F,the value of education,2867,"The value of education is a topic of ongoing debate. While some argue that its benefits are overstated, I firmly believe that education is the key to a prosperous and enlightened society. It not only enhances individual knowledge and skills but also fosters critical thinking, creativity, and problem-solving abilities. Educated individuals are better equipped to make informed decisions, contributing to a more informed and engaged citizenry. Furthermore, education has been shown to have a positive impact on economic growth, as educated workers are more productive and innovative. Additionally, education promotes social mobility, allowing individuals to break free from the constraints of their socio-economic background. It also plays a crucial role in shaping cultural and social norms, promoting tolerance, empathy, and understanding. In conclusion, the value of education cannot be overstated, and it is essential that we continue to prioritize and invest in education to build a brighter future for all.",1012
362,5985EA6F171A,the value of education,2494,"The value of education is a topic of ongoing debate. Some argue that it's a luxury, while others see it as a necessity. I firmly believe that education is invaluable. It not only imparts knowledge, but also fosters critical thinking, problem-solving, and decision-making skills. Educated individuals are more likely to secure better jobs, earn higher salaries, and contribute to their communities. Furthermore, education promotes social mobility, reduces poverty, and increases economic growth. It also enables individuals to make informed decisions, participate in the democratic process, and adapt to a rapidly changing world. In conclusion, education is essential for personal and societal development, and its value cannot be overstated.",741
363,424005E31A04,the importance of having a positive attitude,5997,"Having a positive attitude is a crucial aspect of life that plays a significant role in determining one's overall well-being and success. While some may argue that attitude is not a significant factor, I firmly believe that adopting a positive mindset can have a profound impact on our lives. 

A positive attitude not only helps us navigate through life's challenges with greater ease but also enables us to capitalize on opportunities that come our way. When we approach situations with optimism, we are more likely to take risks, try new things, and push beyond our comfort zones. This, in turn, can lead to personal growth, increased confidence, and a greater sense of fulfillment. 

Moreover, a positive attitude has been shown to have numerous physical and mental health benefits. Studies have consistently demonstrated that individuals who maintain a positive outlook tend to have lower stress levels, stronger immune systems, and a reduced risk of chronic diseases. This is because a positive attitude helps to reduce the production of stress hormones, such as cortisol, which can have devastating effects on our overall health. 

In addition to the personal benefits, having a positive attitude can also have a profound impact on our relationships and the world around us. When we approach others with a positive and optimistic mindset, we are more likely to build strong, meaningful relationships and create a positive social environment. This, in turn, can lead to increased collaboration, improved communication, and a greater sense of community. 

In conclusion, having a positive attitude is essential for achieving success, maintaining good physical and mental health, and building strong relationships. By adopting a positive mindset, we can unlock our full potential, navigate life's challenges with greater ease, and make a positive impact on the world around us. It is, therefore, essential that we prioritize the cultivation of a positive attitude and make it an integral part of our daily lives.",2016
364,5DD1954E47A8,the value of education,2715,"The value of education is often debated, but its significance cannot be overstated. Education is the foundation upon which individuals, communities, and societies are built. It empowers people with knowledge, skills, and critical thinking, enabling them to make informed decisions and contribute to the economy. Without education, individuals are limited in their career prospects and earning potential. Furthermore, education promotes social mobility, reduces poverty, and fosters a more informed and engaged citizenry. Despite its numerous benefits, some argue that education is too costly or that vocational training is sufficient. However, while vocational training has its place, a well-rounded education provides a broader range of opportunities and a more adaptable workforce. In conclusion, education is a vital investment in personal and societal development, and its value should not be underestimated. By prioritizing education, we can create a more equitable, prosperous, and enlightened world.",1006
365,FA145FA7B678,a topic of personal interest,3445,"The implementation of a universal basic income (UBI) has been a topic of debate in recent years. As someone who is passionate about social welfare, I strongly believe that UBI is a necessary step towards creating a more equitable society. By providing every citizen with a guaranteed minimum income, regardless of their employment status, UBI can help alleviate poverty and reduce income inequality. Many argue that UBI is too costly and would be ineffective, but I disagree. In Finland, a two-year UBI experiment showed promising results, with participants reporting better well-being and life satisfaction. Additionally, UBI can also stimulate economic growth by putting more money in the pockets of consumers, who are then more likely to spend and invest in their communities. While some may argue that UBI would reduce the incentive to work, I believe that it would actually allow people to pursue meaningful and creative work, rather than just taking any job for the sake of a paycheck. Furthermore, with the rise of automation and AI, UBI can serve as a safety net for workers who lose their jobs due to technological advancements. Overall, I firmly believe that UBI is a vital component of a progressive and compassionate society, and its implementation would have a profoundly positive impact on the lives of millions of people. By providing a basic level of economic security, UBI can empower individuals to reach their full potential and contribute to the betterment of society.",1488
366,0ACB3F8B9DF8,a topic of personal interest,1137,"Climate change is a pressing issue that requires immediate attention. Human activities, such as burning fossil fuels and deforestation, are significantly contributing to the increase in global temperatures. This, in turn, is causing devastating natural disasters, such as hurricanes and wildfires. It is imperative that we transition to renewable energy sources and adopt sustainable practices to mitigate the effects of climate change.",436
367,B9B71CEE162B,a topic of personal interest,3912,"The Implementation of Universal Basic Income: A Solution to Poverty. 
As technology advances, job displacement is becoming a pressing issue. To combat this, I firmly believe that Universal Basic Income (UBI) is the solution. UBI is a guaranteed minimum income provided to all citizens, regardless of employment status. 
By providing a safety net, UBI allows individuals to pursue meaningful work, rather than just taking any job for financial stability. This, in turn, can lead to increased innovation, creativity, and entrepreneurship. 
Moreover, UBI can help alleviate poverty, as it ensures that everyone's basic needs are met. This can have a positive impact on mental and physical health, as well as education and social mobility. 
Additionally, UBI can simplify welfare systems, reducing bureaucracy and administrative costs. It can also help to address income inequality, promoting a more equitable distribution of wealth. 
While some argue that UBI is too expensive or impractical, I believe that the benefits far outweigh the costs. In fact, several pilot programs have shown promising results, with improvements in well-being, trust, and life satisfaction. 
In conclusion, UBI is a necessary step towards creating a more just and equitable society. It has the potential to revolutionize the way we work and live, and I strongly advocate for its implementation.",1370
368,FA63EE28501A,what it takes to achieve success,2047,"Achieving success is often attributed to hard work and determination. However, this oversimplifies the complexities involved. Success also requires opportunity, resources, and a supportive environment. Those born into privilege often have a head start, with access to quality education and networking opportunities. In contrast, individuals from disadvantaged backgrounds face significant barriers, making it more challenging to succeed. Furthermore, mental and physical well-being are crucial, as burnout and stress can hinder progress. A balanced approach, combining hard work with self-care and a willingness to adapt, is essential for achieving success. Ultimately, success is not solely the result of individual effort, but also depends on a combination of factors, including circumstance, support, and opportunity.",820
369,16B45E8AA9F3,a topic of personal interest,1615,"Standardized testing is a outdated practice that hinders students' creativity and individuality. It only measures a narrow range of skills, neglecting important qualities like critical thinking and problem-solving. This one-size-fits-all approach leads to undue stress and anxiety, causing many students to feel like they're being forced into a mold that doesn't fit. By abolishing standardized testing, we can foster a more well-rounded and inclusive education system that values diversity and promotes genuine learning.",521
370,134937CE445C,a topic of personal interest,1973,"The implementation of a four-day workweek has been a topic of interest in recent years. Implementing this schedule can lead to increased productivity and better work-life balance. A shorter workweek allows for more free time, resulting in improved overall well-being and reduced burnout. Additionally, it can lead to cost savings for employers and a reduced carbon footprint. Critics argue that it may not be suitable for all industries, but with the rise of remote work, many jobs can be adapted to a compressed schedule. Furthermore, countries such as Iceland have successfully implemented a four-day workweek, resulting in improved worker satisfaction and productivity. Overall, adopting a four-day workweek can have numerous benefits for employees, employers, and the environment. It is time for companies and governments to reconsider the traditional five-day workweek and adopt a more modern and flexible approach. By doing so, we can create a better work environment and improve the quality of life for many individuals.",1027
371,EF1CF9E844F7,the value of education,2326,"The value of education is often debated, but its importance cannot be overstated. Education is the foundation upon which individuals and societies are built, providing the knowledge, skills, and critical thinking necessary for success. It breaks the cycle of poverty, fosters personal growth, and promotes social mobility. Without education, individuals are limited in their career options and earning potential, perpetuating inequality. Furthermore, educated individuals are more likely to make informed decisions, participate in their communities, and contribute to the economy. As such, investing in education is crucial for creating a more prosperous, equitable, and enlightened society. By prioritizing education, we can unlock human potential, drive innovation, and build a brighter future for all. Ultimately, education is a fundamental right, essential for individual and collective progress.",900
372,9EB5AA842FEF,the value of education,1923,"The value of education is a widely debated topic. Many argue that education is vital for personal and societal growth, while others claim it is overvalued. I firmly believe that education is essential. It not only enhances individual knowledge and skills but also fosters critical thinking, creativity, and problem-solving abilities. Educated individuals are more likely to contribute positively to their communities, promoting social mobility and economic development. Furthermore, education empowers people to make informed decisions, participate in the democratic process, and adapt to an ever-changing world. In conclusion, education is a fundamental right that should be accessible to all, as it has the power to transform lives and societies. By investing in education, we invest in our collective future.",811
373,E6CF2D3B4FA2,a topic of personal interest,4529,"The implementation of universal basic income (UBI) has sparked intense debate in recent years. As someone who is passionate about social welfare and economic equality, I strongly believe that UBI is a vital step towards creating a more just and equitable society. 

One of the primary advantages of UBI is its potential to eradicate poverty. By providing every citizen with a guaranteed minimum income, individuals would be able to meet their basic needs, such as food, shelter, and healthcare. This, in turn, would have a profound impact on mental and physical health, as people would no longer have to live in constant stress and anxiety about making ends meet.

Another significant benefit of UBI is its ability to promote economic freedom. With a safety net in place, people would be more likely to take risks and pursue their passions, rather than being forced into unfulfilling jobs solely for financial stability. This would lead to a more creative and innovative society, as individuals would be able to explore their interests and talents without fear of financial repercussions.

Furthermore, UBI would also help to address the issue of income inequality. By providing a basic income to all citizens, regardless of their employment status, UBI would help to reduce the wealth gap between the rich and the poor. This, in turn, would lead to a more cohesive and harmonious society, as individuals would no longer feel disenfranchised and marginalized.

However, some critics argue that UBI is too expensive and would be unsustainable in the long run. They claim that it would require significant tax increases, which would stifle economic growth and lead to a decrease in competitiveness. However, I would counter that the costs of implementing UBI would be far outweighed by the benefits. For example, a study by the Economic Security Project found that UBI could actually lead to a significant increase in economic activity, as people would have more disposable income to spend and invest.

In conclusion, the implementation of universal basic income is a vital step towards creating a more just and equitable society. By providing every citizen with a guaranteed minimum income, UBI would help to eradicate poverty, promote economic freedom, and address income inequality. While there may be concerns about the cost and sustainability of UBI, I firmly believe that the benefits would far outweigh the costs. As we move forward in an increasingly automated and uncertain world, it is imperative that we consider the potential of UBI to create a brighter, more secure future for all.",2592
374,24E7F271035B,a topic of personal interest,1950,"The Implementation of Veganism in Schools: A Necessity for a Sustainable Future. 

As the world grapples with climate change, animal welfare, and human health, it has become imperative to integrate veganism into our school systems. By offering plant-based options and educating students about their benefits, we can significantly reduce greenhouse gas emissions and promote compassion. 

Moreover, a well-planned vegan diet provides all necessary nutrients, boosting students' energy and focus. It also helps combat obesity, a growing concern among children. 

However, some argue that veganism is restrictive and may lead to nutrient deficiencies. This is a misconception, as a balanced vegan diet can be easily achieved with proper planning. 

Incorporating veganism in schools is a crucial step towards creating a sustainable and healthy environment for future generations. It's time for schools to take the lead and promote a lifestyle that prioritizes the well-being of our planet and its inhabitants. By doing so, we can empower students to make informed choices and become responsible citizens of the world.",1114
375,BB0157B70CA5,the value of education,3045,"The value of education is often a topic of debate, with some arguing that it is not as important as other factors such as social connections or natural ability. However, I firmly believe that education is the key to unlocking one's potential and achieving success. Through education, individuals can acquire knowledge, develop critical thinking skills, and gain a deeper understanding of the world around them. This, in turn, enables them to make informed decisions, solve complex problems, and contribute meaningfully to society. Furthermore, education has been shown to have a positive correlation with higher earning potential, better health outcomes, and greater civic engagement. Moreover, education is essential for promoting social mobility and reducing inequality, as it provides individuals from disadvantaged backgrounds with the opportunity to break the cycle of poverty and improve their socio-economic status. In conclusion, the value of education cannot be overstated, and it is essential that we prioritize and invest in education to ensure that individuals have access to quality educational opportunities. By doing so, we can empower future generations to reach their full potential and create a more informed, equitable, and prosperous society. Education is the foundation upon which we build our futures, and it is crucial that we recognize its importance and work to promote it.",1398
376,CDCE16D2C836,the value of education,2413,"The value of education is often debated, but its significance cannot be overstated. Education provides individuals with the knowledge, skills, and critical thinking necessary to succeed in life. It breaks cycles of poverty, fosters personal growth, and promotes social mobility. Moreover, educated individuals contribute to a more informed and engaged citizenry, driving social progress and innovation. While some argue that education is too costly or that alternative paths to success exist, the data overwhelmingly supports the long-term benefits of education. Investing in education yields higher earnings, improved health, and increased civic participation. It is our collective responsibility to prioritize education, ensuring that future generations have the tools to thrive in an increasingly complex world. By doing so, we can create a more just, equitable, and prosperous society for all.",897
377,450A7F9AC54A,a topic of personal interest,2340,"The implementation of standardized testing in schools has become a contentious issue. I firmly believe that these exams hinder students' academic growth and should be abolished. Standardized tests only measure a narrow range of skills, neglecting creativity and critical thinking. They also create undue stress, leading to anxiety and decreased motivation. Furthermore, these tests often disproportionately affect underprivileged students, exacerbating existing educational disparities. By eliminating standardized testing, we can foster a more inclusive and innovative learning environment, allowing students to explore and develop a broader range of skills. This, in turn, will better prepare them for an ever-changing world.",727
378,E98862049B2E,a topic of personal interest,1315,"Standardized tests are overvalued in college admissions. They create undue stress and often favor those with means to afford prep courses. A more holistic approach, considering extracurriculars and personal statements, would provide a more accurate representation of a student's potential.",289
379,0AFEC3CC53B5,a topic of personal interest,3025,"The Importance of Standardized Education Reform. Standardized education has long been a topic of debate, with some arguing it stifles creativity and others claiming it ensures equal opportunities. I firmly believe that standardized education reform is essential for the modern world. By implementing a unified curriculum, we can guarantee that all students receive the same quality education, regardless of their socio-economic background or geographical location. This not only bridges the knowledge gap but also provides equal opportunities for all. Moreover, standardized education prepares students for the competitive job market, where they must adhere to set standards and protocols. Critics argue that standardized education is rigid and restricts creativity, but I counter that it provides a solid foundation for students to build upon. By mastering the basics, students can then explore their creative interests and passions. Ultimately, standardized education reform is crucial for creating a well-equipped and knowledgeable workforce, capable of driving innovation and progress in our ever-evolving world.",1116
380,E8E60E149B48,a topic of personal interest,1476,"Standardized testing is a flawed system. It creates undue stress, narrowing curriculum and teaching methods. Students are forced to memorize and regurgitate information, rather than think critically and solve problems. This approach can lead to a lack of creativity and deeper understanding of subjects. Moreover, it perpetuates inequality, as some students have better access to test preparation resources. A more holistic approach to education, focusing on project-based learning and individualized assessments, would better prepare students for the real world.",563
381,3D3C80EF2AAA,a topic of personal interest,1074,"Climate change is a pressing issue. Rising temperatures and sea levels are devastating ecosystems, displacing communities, and jeopardizing food security. Despite overwhelming evidence, some deny its existence or severity. It's crucial we acknowledge the reality of climate change and take action to reduce carbon emissions, invest in renewable energy, and promote sustainable practices to protect our planet's future. Immediate action is necessary to mitigate its effects and ensure a livable world for generations to come.",524
382,DAF9AC30424E,the value of education,906,"Education is invaluable, as it empowers individuals and societies. It fosters critical thinking, problem-solving, and innovation. Without education, progress stagnates. Investing in education yields long-term benefits, including economic growth and social equality. It's essential for personal and collective development, and its importance cannot be overstated.",362
383,B86530090737,a topic of personal interest,4543,"The Benefits of Standardized Testing: A Necessary Evil. Standardized testing has been a topic of debate for years, with many arguing that it is an outdated and ineffective way of measuring intelligence. However, I firmly believe that standardized testing is a necessary tool for evaluating student knowledge and comparing educational institutions. 

One of the primary benefits of standardized testing is that it provides a level playing field for students from different backgrounds and socioeconomic statuses. By administering the same test to all students, we can ensure that everyone has an equal opportunity to demonstrate their knowledge and skills, regardless of their zip code or family income. 

Furthermore, standardized testing allows for the comparison of educational institutions and helps to identify areas that need improvement. By analyzing test scores, educators and policymakers can identify which schools are exceling and which ones are struggling, and allocate resources accordingly. 

Another argument against standardized testing is that it causes undue stress and anxiety for students. While it is true that test-taking can be a high-pressure experience, I believe that this stress can be mitigated by proper preparation and support. 

In conclusion, while standardized testing may have its drawbacks, I believe that its benefits far outweigh its limitations. By providing a level playing field, allowing for the comparison of educational institutions, and promoting academic accountability, standardized testing plays a crucial role in ensuring that students are prepared for success in college and beyond.",1630
384,8B4A210026AD,the importance of friendship and relationships,2059,"Friendship and relationships are essential components of a fulfilling life. They provide emotional support, companionship, and a sense of belonging. Humans are social creatures, and meaningful connections with others are vital to our well-being. Without strong relationships, we risk feeling isolated and alone. Friendships, in particular, offer a unique bond, built on trust, mutual respect, and shared experiences. They help us develop empathy, communication skills, and emotional intelligence. Moreover, having close friends can improve our mental and physical health, boost self-esteem, and increase happiness. In contrast, a lack of meaningful relationships can lead to depression, anxiety, and a decreased quality of life. Therefore, nurturing and prioritizing friendships and relationships is crucial for our overall well-being and life satisfaction. By investing in these connections, we can lead richer, more meaningful lives, and build a stronger, more supportive community.",984
385,25FA30699A04,the value of education,3415,"The value of education is often debated, with some arguing it's overvalued and others claiming it's essential. I firmly believe education is invaluable. It not only provides individuals with knowledge and skills, but also fosters critical thinking, creativity, and problem-solving abilities. Educated individuals are more likely to secure better job opportunities, earn higher salaries, and contribute positively to their communities. Moreover, education promotes social mobility, reduces poverty, and increases economic growth. It also empowers individuals to make informed decisions, think independently, and become active participants in their societies. Despite the rising costs of tuition fees and student debt, the benefits of education far outweigh the drawbacks. Governments and institutions must prioritize accessible and affordable education to ensure everyone has the opportunity to attain their full potential. By investing in education, we invest in the future of our societies and the well-being of our planet. Ultimately, education is the key to unlocking human potential and creating a more enlightened, equitable, and prosperous world.",1152
386,1F3620A2965E,the value of education,2287,"Education is often undervalued in today's society, but its worth cannot be overstated. Not only does it provide individuals with the skills and knowledge necessary to succeed in their careers, but it also fosters critical thinking, creativity, and problem-solving abilities. Educated individuals are more likely to contribute to their communities, participate in the democratic process, and make informed decisions about their health and well-being. Furthermore, education has been shown to have a positive impact on economic growth, reducing poverty and income inequality. Despite this, many argue that the cost of education is too high, or that it is not necessary for success. However, the benefits of education far outweigh the costs, and it is essential that we continue to invest in our educational systems to ensure a bright and prosperous future for generations to come. By prioritizing education, we can create a more informed, productive, and equitable society.",971
387,CA347336D930,what it takes to achieve success,1948,"Achieving success requires more than just talent and luck. It demands dedication, perseverance, and a willingness to learn from failure. Many believe that success is solely reserved for the gifted, but this mindset is misguided. Hard work and resilience are the keys to unlocking one's full potential. By embracing challenges and persisting through obstacles, individuals can develop the skills and character necessary to achieve greatness. Ultimately, success is not just about reaching a destination, but about the journey and the person you become along the way. With persistence and determination, anyone can overcome adversity and achieve their goals, making success attainable for all.",691
388,FB5F33FEC99F,the value of education,3161,"The value of education is a subject of ongoing debate, but its importance cannot be overstated. Education is the foundation upon which societies are built, and it plays a crucial role in shaping individuals and communities. It not only provides individuals with the skills and knowledge necessary to succeed in their careers, but also promotes critical thinking, problem-solving, and creativity.

Moreover, education has a profound impact on social mobility, as it enables individuals to break free from the constraints of their socioeconomic backgrounds and achieve their full potential. It also fosters empathy, tolerance, and understanding, which are essential for building harmonious and inclusive communities.

Despite its numerous benefits, some argue that education is not as valuable as it once was, citing the rising costs of tuition and the availability of alternative learning pathways. However, this argument is misguided, as education remains the key to unlocking individual and societal potential. It is the responsibility of governments and institutions to ensure that education is accessible and affordable for all, rather than devaluing its importance.

In conclusion, the value of education is undeniable, and it is essential that we continue to prioritize and invest in it. By doing so, we can create a more informed, equitable, and prosperous society for all. Education is the key to unlocking a brighter future, and it is our responsibility to ensure that it remains a cornerstone of our societies.",1519
389,E0209F1D5DF6,a topic of personal interest,1181,"Standardized testing is flawed. It fails to account for individual learning styles and creates undue stress. Many students excel in non-test environments, but bomb on exams. This leads to inaccurate representations of intelligence and potential. Moreover, it fosters a culture of rote memorization over critical thinking and creativity. Alternative assessments, like project-based evaluations, would better gauge student understanding and aptitude.",448
390,9523FBA791BE,the value of education,2317,"The value of education is often debated, but its significance cannot be overstated. Education is the foundation of a prosperous and enlightened society. It not only enhances individual knowledge and skills, but also fosters critical thinking, creativity, and problem-solving abilities. Education empowers people to make informed decisions, challenge social norms, and contribute to the betterment of their communities. Moreover, it is a powerful tool for breaking cycles of poverty and promoting social mobility. Despite the costs, investing in education is essential for personal and societal growth, as it yields long-term benefits and improves overall quality of life. By prioritizing education, we can create a more informed, tolerant, and innovative world.",761
391,3DFE1FE3FCE8,what it takes to achieve success,2293,"Achieving success requires a multifaceted approach. While many believe talent is the key to success, it is actually a combination of hard work, dedication, and perseverance that leads to achievement. Intelligence and ability can only take you so far, as Thomas Edison's famous quote highlights: ""Genius is 1% inspiration and 99% perspiration."" Without the drive to put in effort and overcome obstacles, natural talent will often go to waste. Furthermore, a growth mindset, as coined by Carol Dweck, is essential, allowing individuals to view challenges as opportunities for growth rather than threats to ego. By embracing this mindset and putting in the necessary work, individuals can unlock their full potential and achieve true success.",739
392,126555810C31,a topic of personal interest,1453,"Standardized testing should be abolished. It creates undue stress on students and doesn't accurately measure intelligence. Many students are excellent learners, but poor test-takers. Additionally, these tests can be culturally biased and don't account for different learning styles. By eliminating standardized testing, we can foster a more inclusive and supportive education system, allowing students to thrive in their own way. This approach will lead to a more well-rounded and creative generation, unencumbered by the constraints of standardized testing.",558
393,F074C2FEC1AF,the impact of technology on society,1422,"The rapid advancement of technology has significantly impacted society. While some argue it has improved our lives, others claim it has negative consequences. On one hand, technology has increased accessibility to information and connected people globally. However, excessive screen time has led to decreased attention span and social isolation. Furthermore, job automation has resulted in unemployment, exacerbating economic disparities. Ultimately, technology's impact on society is a double-edged sword, and its effects must be carefully considered to mitigate its negative consequences and maximize its benefits.",616
394,A79D997C4B42,the value of education,3288,"The importance of education cannot be overstated. While some argue that it is a costly and time-consuming endeavor, I firmly believe that it is the key to unlocking individual and societal potential. Education provides individuals with the knowledge, skills, and critical thinking abilities necessary to succeed in their chosen careers and make informed decisions. It also fosters personal growth, broadens perspectives, and promotes social mobility. Furthermore, an educated population is better equipped to address global challenges, such as poverty, inequality, and climate change. Investing in education is essential for creating a more informed, productive, and prosperous society. By prioritizing education, we can empower individuals, drive innovation, and build a brighter future for all. Education is not just a personal benefit, but a societal imperative.",865
395,EA04020F5ECD,a topic of personal interest,4114,"The implementation of standardized testing in schools has been a topic of debate for years. On one hand, proponents argue that standardized tests provide a fair and objective measure of student performance, allowing for comparisons between schools and districts. However, I firmly believe that standardized testing has a detrimental impact on the education system. 

These tests create a high-stress environment, leading to anxiety and burnout among students. The pressure to perform well can be overwhelming, causing students to focus solely on test preparation rather than actual learning. This narrow focus on test-taking skills can result in a lack of creativity, critical thinking, and problem-solving abilities. 

Furthermore, standardized tests often fail to account for individual learning styles and abilities. Students with disabilities or language barriers may be at a significant disadvantage, as the tests are not designed to accommodate their needs. This can lead to inaccurate representations of their knowledge and abilities. 

Additionally, the emphasis on standardized testing can lead to a teach-to-the-test approach, where educators prioritize test preparation over providing a well-rounded education. This can result in a lack of emphasis on important subjects such as art, music, and physical education, which are essential for a student's overall development. 

In conclusion, while standardized tests may provide some benefits, the negative consequences far outweigh the advantages. It is time to reevaluate the role of standardized testing in our education system and consider alternative methods of assessment that prioritize student learning and well-being. By doing so, we can create a more inclusive and supportive learning environment that allows students to thrive and reach their full potential.",1827
396,23958A3106EA,a topic of personal interest,3796,"The Implementation of Standardized Testing in Schools: A Flawed System. 

Standardized testing has been a cornerstone of the education system for decades, yet it is a fundamentally flawed approach to measuring student intelligence. Proponents argue that it provides a level playing field, allowing for fair comparisons between students from different backgrounds. However, this is far from the truth.

In reality, standardized testing often favors those from affluent backgrounds, who have had greater access to test preparation resources. This creates an uneven playing field, where students from disadvantaged backgrounds are at a significant disadvantage. Furthermore, the high-stakes nature of these tests can lead to teaching to the test, rather than providing a well-rounded education. 

The pressure to perform well on these tests can also have a negative impact on student mental health. The stress and anxiety caused by the high-stakes testing environment can lead to burnout and a lack of motivation. This is not an effective way to encourage a love of learning in students. It is time to reevaluate the role of standardized testing in our education system and consider more holistic approaches to measuring student intelligence.",1239
397,9B3F1EFA8AAB,a topic of personal interest,2784,"The implementation of a universal healthcare system is a topic of great personal interest to me. As the US continues to struggle with rising healthcare costs and limited accessibility, it is imperative that we adopt a system that prioritizes the health and well-being of all citizens. A universal system would not only alleviate the financial burden on individuals and families but also improve overall health outcomes. Opponents argue that such a system would be too costly, but the long-term benefits far outweigh the initial investment. With a universal healthcare system, everyone would have access to necessary medical care, reducing the risk of untreated illnesses and associated complications. This, in turn, would lead to a healthier and more productive workforce, ultimately boosting the economy. It is our moral obligation to ensure that every individual has access to quality healthcare, regardless of their socioeconomic status. By adopting a universal healthcare system, we can create a more equitable and just society, where everyone has the opportunity to thrive.",1078
398,B067F0CBE15C,a topic of personal interest,4050,"The Implementation of Standardized Education: A Misguided Approach. 

Standardized education has been a topic of debate among educators and policymakers. Proponents argue it ensures fairness and equality, but I firmly disagree. This approach stifles creativity, as students are forced to conform to a narrow curriculum, suppressing individuality and innovative thinking.

Moreover, standardized testing can be culturally biased, disadvantageing students from diverse backgrounds. It also leads to teaching methods that focus solely on test preparation, neglecting essential skills like critical thinking and problem-solving.

By abandoning standardized education, we can foster a more inclusive and dynamic learning environment that allows students to explore their passions and develop unique strengths. This, in turn, will produce well-rounded individuals who are better equipped to thrive in an ever-changing world.",918
399,3AD5BFDC11E4,what it takes to achieve success,1803,"Achieving success requires more than just talent or luck. It demands dedication, perseverance, and a well-thought-out strategy. Many believe that natural ability is the key to success, but this notion is misguided. While talent can provide a foundation, it is the effort and hard work that one puts in that ultimately leads to achievement. A strong work ethic, resilience in the face of obstacles, and a willingness to learn and adapt are essential for overcoming challenges and staying on the path to success. Furthermore, setting clear goals and priorities helps to maintain focus and direction, allowing individuals to navigate obstacles and make progress towards their objectives. Ultimately, success is not just about being gifted, but about being committed to putting in the time and effort required to excel.",815
400,14AC534FFE42,a topic of personal interest,2720,"Standardized testing has become a cornerstone of modern education, but its limitations and drawbacks make it an outdated practice. Proponents argue that standardized tests provide an objective measure of student performance, allowing for comparison across different schools and districts. However, this narrow focus on test scores can lead to a teaching-to-the-test approach, stifling creativity and critical thinking in the classroom.

Moreover, standardized tests fail to account for the diversity of learning styles and abilities, putting certain students at a disadvantage. Students with learning disabilities or English language learners may struggle to demonstrate their knowledge and skills in a timed, multiple-choice format. Furthermore, the high-stakes nature of these tests can create undue stress and anxiety for students, negatively impacting their mental health and well-being.

Rather than relying on standardized tests, educators should focus on developing a more holistic approach to assessment, one that incorporates project-based evaluations, peer review, and self-assessment. This approach would allow students to showcase their knowledge and skills in a more authentic and meaningful way, while also promoting creativity, critical thinking, and collaboration. By moving away from standardized testing, we can create a more inclusive and supportive learning environment that truly prepares students for success in the 21st century.",1451
401,E083802BEB79,the value of education,1957,"The value of education is often debated, but it remains an essential component of personal and societal development. Education empowers individuals with knowledge, critical thinking, and problem-solving skills, allowing them to navigate complex issues and make informed decisions. It also fosters social mobility, reduces poverty, and promotes economic growth. Despite the rising costs of higher education, the benefits far outweigh the financial burdens. Investing in education yields long-term returns, such as increased earning potential and improved health outcomes. Therefore, it is crucial that we prioritize education, making it accessible and affordable for all, to create a more informed, productive, and equitable society. By doing so, we can ensure a brighter future for generations to come.",802
402,D8934CA35801,a topic of personal interest,1121,"The shift to online learning is detrimental to students. While proponents argue it's convenient, I firmly believe it lacks the social interaction and hands-on experience traditional classrooms provide. Face-to-face interactions with peers and instructors are essential for emotional intelligence and critical thinking development. Furthermore, online learning often relies on self-motivation, which can be challenging for many students, leading to decreased engagement and lower academic performance.",500
403,2B9FE67B7465,the value of education,3437,"The value of education is a topic of ongoing debate. While some argue that education is not essential, I firmly believe that it is crucial for individuals and society as a whole. Education provides numerous benefits, including improved career prospects, increased earning potential, and enhanced critical thinking skills. It also promotes social mobility, allowing individuals to break free from the constraints of their socio-economic background. Furthermore, education fosters informed decision-making, enabling individuals to make wise choices about their health, finances, and relationships. In addition, education has a positive impact on the economy, as educated individuals contribute to innovation, entrepreneurship, and productivity. It is essential to invest in education, as it has a ripple effect on the entire community, leading to a more informed, tolerant, and prosperous society. Ultimately, education is the key to unlocking individual and collective potential, and its value should not be underestimated. By prioritizing education, we can create a brighter future for ourselves and future generations.",1119
404,1B4C8AD95EB5,a topic of personal interest,1934,"The implementation of standardized testing in education has been a topic of debate for years. While some argue that it provides a fair and objective measure of student knowledge, I firmly believe that it is a flawed system. Standardized tests only measure a narrow range of skills, often prioritizing rote memorization over critical thinking and creativity. This can lead to a teaching-to-the-test approach, where educators focus on preparing students for the exam rather than providing a well-rounded education. Furthermore, these tests can be culturally biased, putting certain students at a disadvantage. The stress and anxiety caused by high-stakes testing can also have negative effects on students' mental health. By moving away from standardized testing, we can create a more inclusive and nurturing learning environment that allows students to thrive. This approach would prioritize individualized learning, creativity, and emotional intelligence, ultimately leading to better academic outcomes and more well-rounded students. By abandoning standardized testing, we can create a more equitable education system.",1119
405,CAA2C4C4E79C,a topic of personal interest,1367,"Standardized testing is a flawed system. It creates undue stress and doesn't account for individual learning styles. Many students excel in hands-on environments, yet are forced to conform to a multiple-choice format. Additionally, these tests often favor those with greater access to resources, exacerbating existing inequalities. We should focus on more holistic evaluations that assess a student's overall growth and understanding.",434
406,16005A45A20A,the value of education,5449,"The value of education is a highly debated topic in today's society. While some argue that education is not as crucial as it once was, I firmly believe that education remains essential for individuals and society as a whole. Education not only provides individuals with knowledge and skills, but it also empowers them to make informed decisions, think critically, and become active participants in their communities.

A well-educated individual is better equipped to navigate the complexities of the modern world, adapt to new technologies, and respond to the ever-changing demands of the job market. Education also fosters personal growth, allowing individuals to explore their interests, develop their passions, and cultivate a sense of purpose. Moreover, educated individuals are more likely to be engaged citizens, participating in the democratic process, and contributing to the betterment of their communities.

In addition, education has numerous economic benefits. Educated individuals are more likely to secure better-paying jobs, which in turn, can lead to increased economic mobility and a higher standard of living. According to the Bureau of Labor Statistics, workers with a bachelor's degree typically earn about 60% more than those with only a high school diploma. Furthermore, education can also lead to increased productivity, innovation, and entrepreneurship, driving economic growth and development.

Despite these benefits, some argue that the rising cost of education and the availability of alternative learning pathways, such as online courses and vocational training, have diminished the value of traditional education. However, I would counter that while these alternatives may provide some benefits, they cannot replace the comprehensive and immersive experience that traditional education provides. Traditional education offers a structured learning environment, access to resources and mentors, and opportunities for socialization and networking, all of which are essential for personal and professional development.

In conclusion, the value of education cannot be overstated. Education is essential for individual and societal progress, providing individuals with the knowledge, skills, and critical thinking abilities necessary to succeed in an increasingly complex and interconnected world. While alternative learning pathways may have their benefits, traditional education remains the most effective way to achieve these outcomes. Therefore, it is imperative that we continue to prioritize and invest in education, ensuring that all individuals have access to quality educational opportunities and can reach their full potential. By doing so, we can create a more informed, engaged, and prosperous society, where education is valued and recognized as the foundation for a brighter future.",2821
407,87694700310E,a topic of personal interest,2663,"The implementation of standard uniforms in schools has sparked debate. While some argue it restricts personal expression, I firmly believe uniforms have a positive impact. By wearing the same attire, students from different socio-economic backgrounds are on an equal footing, reducing bullying and social conflicts. Additionally, uniforms promote discipline and focus on academic performance rather than clothing choices. They also ease the financial burden on families, as parents no longer need to constantly buy trendy clothes. Furthermore, uniforms prepare students for professional environments, where dress codes are often strict. Overall, the benefits of school uniforms outweigh the drawbacks, and they should be adopted in all educational institutions to foster a more inclusive and productive learning environment.",824
408,95FD6DF25420,a topic of personal interest,3321,"The implementation of universal basic income (UBI) has been a topic of interest in recent years. Proponents argue that UBI would alleviate poverty and provide financial security. However, opponents claim that it would be too costly and inefficient. I firmly believe that UBI is necessary for a more equitable society. With automation replacing jobs, UBI would provide a safety net for those who lose their employment. Additionally, it would allow people to pursue their passions, rather than just taking any job for financial stability. While it may seem costly, the benefits of UBI, such as reduced poverty and increased economic mobility, would far outweigh the costs. Furthermore, it would simplify welfare systems and reduce bureaucracy. By providing a basic income, we can ensure that everyone has access to basic needs, regardless of their employment status. This would lead to a more stable and prosperous society. Therefore, I strongly advocate for the implementation of UBI to create a more just and equitable world. It's time for us to reassess our economic systems and prioritize human well-being over profit. By doing so, we can build a brighter future for all. UBI is not just a utopian dream, but a necessary step towards a more compassionate and sustainable society.",1281
409,8D734AF72931,a topic of personal interest,1674,"Standardized tests, like the SAT, are unnecessary and should be abolished. They create stress, are biased, and don't accurately measure intelligence. Many colleges are now test-optional, recognizing that a student's grades and extracurriculars are better indicators of success. Standardized tests only serve to widen the achievement gap, favoring those who can afford test prep. It's time to move beyond this outdated system and focus on more holistic assessments of student abilities. By doing so, we can create a fairer and more inclusive education system.",558
410,4E29345CF8A9,the value of education,1265,"Education is invaluable, as it empowers individuals with knowledge, critical thinking, and problem-solving skills. It fosters personal growth, independence, and improved socio-economic status. Moreover, educated individuals contribute to a nation's development, driving innovation and progress. Opponents may argue that education is costly, but the long-term benefits outweigh the costs. Investing in education yields a higher return, enhancing overall quality of life and societal well-being. Therefore, education is essential for individual and societal advancement.",568
411,2286BCFF86EB,a topic of personal interest,3618,"The implementation of standardized testing in schools has been a long-standing debate. While some argue that it provides a fair and objective measure of student performance, I firmly believe that it is a flawed and outdated system. Standardized tests only assess a narrow range of skills, neglecting important aspects such as creativity, critical thinking, and problem-solving. This leads to a teaching method that prioritizes rote memorization over meaningful learning, stifling students' natural curiosity and enthusiasm for knowledge.

Moreover, standardized tests often create undue stress and anxiety for students, which can have severe consequences on their mental health and well-being. The pressure to perform well can be overwhelming, leading to a culture of competition rather than collaboration and mutual support. Additionally, these tests can be culturally and socio-economically biased, disadvantaging students from marginalized backgrounds and perpetuating existing inequalities.

It is time to move away from a one-size-fits-all approach to education and embrace a more holistic and inclusive model that values diversity and individuality. By abandoning standardized testing, we can create a more nurturing and supportive learning environment that fosters creativity, critical thinking, and emotional intelligence. This, in turn, will enable students to develop into well-rounded and empathetic individuals, equipped to thrive in an ever-changing world. Ultimately, it is our responsibility to prioritize the needs and well-being of our students, rather than conforming to an outdated and ineffective system.",1624
412,22D02123C65D,what it takes to achieve success,1027,"Achieving success requires a combination of hard work, determination, and resilience. Many believe that innate talent or luck are the primary factors, but I argue that dedication and perseverance are the true keys to success. Through persistence and continuous learning, individuals can overcome obstacles and reach their goals, regardless of their natural abilities.",367
413,ADDFE045FED1,a topic of personal interest,2468,"Standardized testing has been a long-standing practice in the education system. However, I firmly believe that it's time to rethink this approach. Not only does it create immense stress and anxiety for students, but it also fails to accurately measure their intelligence and abilities. The high-stakes nature of these tests leads to a narrow focus on test preparation, resulting in a limited and superficial education. Moreover, it disproportionately affects disadvantaged students who may not have access to the same resources as their more affluent peers. By abolishing standardized testing, we can promote a more holistic and inclusive education system that values creativity, critical thinking, and individuality. This, in turn, will lead to a more well-rounded and prepared generation of students. Ultimately, it's crucial that we reexamine our priorities and move away from a one-size-fits-all approach to education.",922
414,A1DE235AFFC8,a topic of personal interest,2273,"The implementation of a universal basic income (UBI) has sparked intense debate. As someone who believes in the importance of financial security, I argue that UBI is a necessary step towards a more equitable society. By providing every citizen with a guaranteed minimum income, UBI would alleviate poverty and allow individuals to pursue meaningful work rather than just any job for financial stability. Critics argue that UBI is too costly, but I counter that the benefits of a UBI, including reduced poverty and increased economic mobility, far outweigh the costs. Furthermore, a UBI would also stimulate local economies and promote entrepreneurship. Ultimately, UBI is not a handout, but a vital investment in human potential and a key to unlocking a more prosperous future for all.",785
415,32A1DC59F4EF,a topic of personal interest,1690,"The implementation of universal basic income (UBI) is a topic of great personal interest to me. I firmly believe that UBI is essential for reducing poverty and income inequality. By providing every citizen with a guaranteed minimum income, governments can ensure that everyone has access to basic necessities like food, shelter, and healthcare. This, in turn, can boost economic growth, reduce crime, and improve overall well-being. Critics argue that UBI is too expensive and may reduce the incentive to work. However, I counter that UBI can be funded through a combination of taxes and redistribution of existing social welfare funds. Moreover, numerous pilot studies have shown that UBI does not significantly reduce workforce participation. In fact, it can enable people to pursue meaningful work and entrepreneurship, leading to increased innovation and productivity. Overall, I strongly advocate for the implementation of UBI as a vital step towards creating a more equitable and prosperous society.",1005
416,3498E7E2DAB6,what it takes to achieve success,5933,"Achieving success is a multifaceted concept that has been debated by scholars, entrepreneurs, and thought leaders for centuries. While some argue that success is solely dependent on hard work and determination, others claim that it is a result of luck, privilege, or a combination of factors. In this essay, I will argue that achieving success requires a delicate balance of hard work, strategic planning, and a supportive environment.

First and foremost, hard work is a crucial element in achieving success. Thomas Edison's famous quote, ""Genius is 1% inspiration and 99% perspiration,"" highlights the importance of dedication and effort in achieving one's goals. Many successful individuals, such as entrepreneurs, athletes, and artists, have spent countless hours honing their craft, overcoming obstacles, and persevering through setbacks. However, hard work alone is not enough. Strategic planning and goal-setting are also essential in achieving success. Setting clear objectives, prioritizing tasks, and allocating resources effectively can help individuals stay focused and motivated, even in the face of adversity.

Moreover, a supportive environment plays a significant role in facilitating success. Having a strong network of mentors, peers, and family members can provide individuals with invaluable guidance, encouragement, and resources. Additionally, access to quality education, healthcare, and technology can also contribute to an individual's ability to succeed. For instance, a study by the Harvard Business Review found that employees who had a supportive supervisor and a positive work environment were more likely to be engaged, motivated, and successful in their careers.

However, some may argue that success is solely dependent on luck or privilege. They may point to examples of individuals who have achieved success without putting in much effort or who have been born into wealthy or influential families. While it is true that luck and privilege can play a role in achieving success, I would argue that these factors are not the primary drivers of success. Many successful individuals have overcome significant obstacles, such as poverty, racism, or disability, to achieve their goals. Their stories demonstrate that success is not solely dependent on external factors, but rather on an individual's ability to work hard, plan strategically, and adapt to their environment.

In conclusion, achieving success requires a combination of hard work, strategic planning, and a supportive environment. While luck and privilege may play a role in some cases, they are not the primary drivers of success. By emphasizing the importance of dedication, goal-setting, and support, we can create a more inclusive and equitable society that provides opportunities for individuals from all backgrounds to achieve their full potential. Ultimately, success is within reach for anyone who is willing to put in the effort, stay focused, and adapt to their environment.",2977
417,93575D076743,the value of education,680,"Education is invaluable, providing individuals with knowledge, critical thinking, and problem-solving skills. It fosters personal growth, empowerment, and socio-economic mobility, breaking cycles of poverty. By investing in education, we invest in our collective future.",270
418,98D8723E86D0,the value of education,2384,"Education is often undervalued in today's society, but its importance cannot be overstated. Not only does it provide individuals with a sense of personal fulfillment, but it also has a profound impact on economic growth and development. Educated individuals are more likely to secure better-paying jobs, which in turn boosts the economy. Furthermore, education has been shown to decrease poverty rates and increase social mobility. Despite this, many countries lack access to quality education, hindering their potential for growth. Investing in education is essential for the future, as it empowers individuals and societies to reach their full potential. By prioritizing education, we can create a more informed, skilled, and prosperous world. It is our responsibility to recognize the value of education and make it a priority.",830
419,70D93EF3CE5F,the importance of having a positive attitude,2993,"Having a positive attitude is essential in life as it directly impacts one's well-being and success. A positive mindset enables individuals to tackle challenges with confidence, leading to increased productivity and achievement. It also fosters healthy relationships, as a positive attitude is infectious and attracts like-minded people. In contrast, a negative attitude can lead to stagnation and isolation. Furthermore, research has shown that positivity can boost the immune system, reducing stress and anxiety. Therefore, cultivating a positive attitude is crucial for a fulfilling life, and it is the individual's responsibility to make a conscious effort to maintain a positive outlook, despite life's obstacles. By doing so, they can unlock their full potential and lead a happier, more successful life. Embracing positivity is a choice, and it is essential to make this choice to achieve overall well-being.",915
420,6712BD512DB7,what it takes to achieve success,3472,"The notion that success is solely dependent on talent or luck is a misconception. Achieving success requires a combination of hard work, dedication, and perseverance. While natural ability can provide a foundation, it is the effort and persistence one puts in that ultimately leads to accomplishment. Many successful individuals, such as entrepreneurs and athletes, can attest to the countless hours of practice and sacrifice that went into their achievements. Furthermore, resilience in the face of failure is essential, as it allows one to learn from mistakes and continue striving towards their goals. In contrast, relying solely on talent or luck can lead to complacency and stagnation. By adopting a growth mindset and putting in the necessary effort, individuals can unlock their full potential and achieve success. Ultimately, it is the culmination of these factors that enables one to reach their goals and attain success.",930
421,6A0DE6BCFA73,the impact of technology on society,2945,"The impact of technology on society is a highly debated topic. While some argue that it has improved our lives, others claim that it has led to social isolation and decreased face-to-face interactions. I firmly believe that technology has had a negative impact on society. The over-reliance on smartphones and social media has led to a decline in deep, meaningful relationships and an increase in mental health issues such as anxiety and depression. Furthermore, the constant stream of information has created a culture of instant gratification, where people expect quick answers and lack patience. Additionally, technology has also led to job displacement and decreased attention span. In conclusion, while technology has its benefits, its negative effects on society cannot be ignored. We must find a balance between technology use and human interaction to mitigate its harmful effects and create a healthier, more connected society.",935
422,F84E5DEFC874,a topic of personal interest,3860,"As a long-time advocate for environmental conservation, I strongly believe that the implementation of a global tax on single-use plastics is crucial in reducing pollution and promoting sustainable practices. The staggering amount of plastic waste in our oceans and landfills is a stark reminder of our reckless consumption habits. However, some argue that such a tax would disproportionately affect low-income communities who rely on affordable plastics for their daily needs.

While this concern is valid, I counter that the benefits of a global plastic tax far outweigh the potential drawbacks. For instance, the revenue generated from the tax could be used to invest in alternative, eco-friendly packaging solutions and provide subsidies for low-income families to access these alternatives. Moreover, the environmental and health costs associated with plastic pollution, including the ingestion of microplastics and the destruction of marine ecosystems, already disproportionately affect vulnerable communities.

By implementing a global plastic tax, we can create a level playing field that incentivizes companies to adopt sustainable practices and encourages consumers to make environmentally conscious choices. This, in turn, can lead to a significant reduction in plastic waste and a more circular economy. Ultimately, the fight against plastic pollution requires a collective effort and a willingness to make difficult choices. I firmly believe that a global tax on single-use plastics is a necessary step towards a more sustainable future.",1549
423,BFEA2E7F1486,a topic of personal interest,3204,"The implementation of a four-day workweek has sparked intense debate in recent years. As someone who values work-life balance, I strongly advocate for this revolutionary concept. A four-day workweek would significantly reduce burnout, increase productivity, and improve overall job satisfaction. With an extra day off, employees can recharge, pursue hobbies, and attend to personal matters, leading to a healthier and more motivated workforce. Additionally, a shorter workweek would result in reduced commuting time, lower carbon emissions, and increased flexibility for working parents and caregivers. While some may argue that a four-day workweek would lead to decreased productivity or compromised work quality, numerous studies have shown that with proper planning and management, a shorter workweek can actually lead to increased efficiency and focus. It's time for businesses to adapt to the changing needs of their employees and the environment, and embracing a four-day workweek is a step in the right direction.",1020
424,82618B162AAC,a topic of personal interest,890,"Standardized testing is an outdated practice that stifles creativity and individuality. It prioritizes rote memorization over critical thinking and problem-solving skills. By abolishing these tests, we can foster a more well-rounded education system that values unique perspectives and talents, ultimately better preparing students for real-world challenges.",358
425,D3B45F8759E3,a topic of personal interest,2216,"The implementation of universal basic income (UBI) is a contentious topic. Proponents argue it can alleviate poverty and provide financial security. Opponents claim it's unaffordable and discourages work. I firmly believe UBI is necessary, as it can help mitigate the widening wealth gap and provide a safety net for vulnerable individuals. With automation replacing jobs, UBI can ensure everyone's basic needs are met, allowing them to pursue meaningful work. While concerns about affordability are valid, a modest UBI can be funded through a combination of taxes and redistribution of existing social welfare funds. By providing a foundation for economic stability, UBI can foster a more equitable society.",708
426,BF5D1465DFFC,the value of education,2673,"The importance of education cannot be overstated. It is the foundation of a successful and prosperous society. Through education, individuals acquire knowledge, skills, and critical thinking abilities that enable them to make informed decisions and contribute positively to their communities. Education also fosters personal growth, self-awareness, and emotional intelligence, leading to a more empathetic and tolerant society. Furthermore, education has a direct impact on economic development, as a well-educated workforce is more innovative, productive, and competitive. Investing in education is essential for creating a better future, and it is our collective responsibility to prioritize and support it. By doing so, we can empower individuals, strengthen our economies, and build a brighter future for generations to come. Education is a fundamental human right, and it is our duty to ensure that everyone has access to quality education, regardless of their background or socioeconomic status.",1001
427,9054912D1EA7,a topic of personal interest,1490,"Standardized testing is a contentious topic in education. While some argue it provides a fair assessment of students' knowledge, I firmly believe it has a detrimental impact on their overall educational experience. The high-stakes nature of these exams leads to undue stress and anxiety, causing some students to underperform. Furthermore, it fosters a culture of rote memorization rather than critical thinking and creativity. By eliminating standardized testing, we can create a more inclusive and holistic learning environment that allows students to thrive and reach their full potential.",592
428,D9469EFAE287,the impact of technology on society,2045,"The impact of technology on society is a double-edged sword. On one hand, it has revolutionized communication, education, and healthcare, making life more convenient and accessible. However, excessive screen time and social media have led to social isolation, decreased attention span, and increased mental health issues. Moreover, technological advancements have also exacerbated income inequality, as those with access to technology have a significant advantage over those without. Ultimately, it is crucial to strike a balance between the benefits and drawbacks of technology to ensure a more equitable and harmonious society.",629
429,EBEFF43F46EE,a topic of personal interest,4538,"The implementation of a universal basic income (UBI) has been a topic of interest in recent years. As technology advances and jobs become automated, it is crucial that we consider the future of work and the potential consequences on our economy and society. Implementing a UBI would provide every citizen with a guaranteed minimum income, regardless of their employment status. 

This concept has both supporters and critics, with some arguing that it would reduce poverty and inequality, while others claim it would be too costly and inefficient. I firmly believe that implementing a UBI is essential for our society's progress. Firstly, it would provide a safety net for individuals who have lost their jobs due to automation, allowing them to maintain a basic standard of living. 

Additionally, a UBI would give people the financial security to pursue their passions and interests, rather than just taking any job for the sake of a paycheck. This could lead to increased innovation, creativity, and entrepreneurship, as individuals are more likely to take risks and invest in themselves. 

Furthermore, a UBI would simplify the existing welfare system, reducing bureaucracy and administrative costs. It would also provide an opportunity to re-evaluate our current tax system and potentially introduce a more progressive tax structure. 

In conclusion, implementing a universal basic income is a vital step towards creating a more equitable and sustainable society. While there are valid concerns about the practicalities of implementation, I believe that the benefits of a UBI far outweigh the costs. It is time for us to rethink our approach to work and income, and to prioritize the well-being of all citizens.",1716
430,81FB30DE2618,a topic of personal interest,1002,"Climate change is a pressing issue. Human activities, such as burning fossil fuels and deforestation, release massive amounts of greenhouse gases, leading to rising temperatures and catastrophic consequences. It's imperative that we shift to renewable energy sources and adopt sustainable practices to mitigate its effects.",323
431,6B3B3CB54EB9,a topic of personal interest,2233,"The implementation of a four-day workweek is a highly debated topic. Proponents argue that it boosts productivity, as a shorter week allows for more focused work and reduces burnout. Additionally, it can help the environment by decreasing commute times and energy consumption. However, critics argue that it may negatively impact businesses, particularly those in the service industry. Despite the concerns, numerous companies that have adopted a four-day workweek have seen significant improvements in employee satisfaction and productivity. With the world shifting towards a more sustainable and employee-centric approach, adopting a four-day workweek is a step in the right direction.",687
432,82DE4E49CC52,a topic of personal interest,2081,"Standardized testing has become a cornerstone of modern education, but its effectiveness is debatable. Proponents argue that these tests provide a universal measuring stick for student performance. However, this perspective is narrow-minded, as it neglects the diverse learning styles and abilities of students. Standardized tests often prioritize rote memorization over critical thinking and creativity, stifling innovation and imagination. Furthermore, these tests can be culturally biased, disproportionately affecting students from underrepresented backgrounds. By relying heavily on standardized testing, we risk overlooking the unique strengths and talents of individual students, ultimately hindering their academic and personal growth. It's time to reassess our education system and consider more holistic approaches to assessment.",839
433,04ACA7EB3994,a topic of personal interest,6040,"The implementation of universal basic income (UBI) has been a topic of interest in recent years. UBI is a guaranteed minimum income provided by the government to all citizens, regardless of their employment status. Many argue that UBI is unnecessary, as it could reduce the motivation to work and increase taxes. However, I strongly believe that UBI is essential in today's society.

Firstly, UBI provides a safety net for vulnerable populations, such as the elderly, disabled, and those living in poverty. It ensures that everyone has access to basic necessities like food, shelter, and healthcare, which is a fundamental human right. Moreover, UBI can help alleviate poverty and income inequality, which are major concerns in many countries.

Another significant advantage of UBI is that it promotes entrepreneurship and creativity. When people have a basic income guarantee, they are more likely to take risks and pursue their passions, rather than just taking any job for the sake of a paycheck. This can lead to innovation and economic growth, as people are more likely to start their own businesses and create new products and services.

Furthermore, UBI can help reduce stress and anxiety, which are major contributors to mental health problems. When people have a stable income, they are less likely to experience financial stress, which can have a positive impact on their mental and physical health. Additionally, UBI can give people the freedom to pursue education and personal development, which can lead to better job prospects and a more fulfilling life.

In conclusion, UBI is a necessary component of a fair and equitable society. It provides a safety net for vulnerable populations, promotes entrepreneurship and creativity, and reduces stress and anxiety. While some may argue that UBI is too expensive or impractical, I believe that the benefits far outweigh the costs. As we move forward in an increasingly automated world, UBI can help ensure that everyone has access to the resources they need to thrive.",2026
434,05ACEDBB9CB4,the value of education,1847,"The value of education is often underestimated, but it is a crucial aspect of personal and societal development. Education empowers individuals with knowledge, critical thinking, and problem-solving skills, allowing them to make informed decisions and contribute to their communities. It fosters economic growth, reduces poverty, and promotes social mobility. Without education, individuals are limited in their career prospects and earning potential, perpetuating cycles of poverty. Investing in education is essential for a society's progress and prosperity. By prioritizing education, we can create a more informed, skilled, and productive workforce, leading to a brighter future for all.",691
435,A2C232F3D92C,a topic of personal interest,2313,"The implementation of universal healthcare is a pressing concern. Many argue that it's unaffordable, but I firmly believe that the benefits outweigh the costs. Every individual deserves access to quality medical care, regardless of socio-economic status. The current system often leaves the most vulnerable populations without necessary treatment, exacerbating existing health disparities. A universal healthcare system would alleviate financial burdens on families and promote overall well-being, ultimately leading to a healthier, more productive society. It's our moral obligation to ensure that everyone has access to medical care, and the benefits to society as a whole make it an investment worth making.",710
436,F834F75D0E3C,the value of education,2681,"The value of education is often debated, but its importance cannot be overstated. Education provides individuals with the skills and knowledge necessary to succeed in their chosen careers and navigate the complexities of modern life. It also fosters critical thinking, problem-solving, and creativity, allowing individuals to adapt to an ever-changing world. Moreover, education promotes social mobility, reduces poverty and inequality, and empowers individuals to make informed decisions about their health, finances, and personal relationships. Those who argue that education is not essential often cite the examples of successful individuals who dropped out of school, but these cases are exceptions rather than the rule. In reality, studies have consistently shown that educated individuals earn higher salaries, have better job prospects, and contribute more to their communities. Therefore, investing in education is crucial for personal and societal development, and it is essential that we prioritize education to create a more informed, productive, and equitable society. By doing so, we can unlock the full potential of individuals and create a brighter future for all.",1179
437,3E500A5390C1,the importance of having a positive attitude,967,"Having a positive attitude is crucial for a fulfilling life. It boosts resilience, enhances relationships, and increases productivity. A positive mindset helps individuals navigate challenges, fostering personal growth and well-being. By adopting a optimistic outlook, one can cultivate a more joyful and meaningful existence, ultimately leading to a better quality of life.",374
438,9E817DB62497,the importance of friendship and relationships,1717,"Friendship and relationships are the foundation of a happy and fulfilling life. They provide emotional support, a sense of belonging, and opportunities for personal growth. Without meaningful connections, individuals can feel isolated and unfulfilled. Research has shown that people with strong social connections tend to be healthier, both physically and mentally. Friendships also foster empathy, trust, and communication skills, essential for navigating life's challenges. By prioritizing friendships and relationships, individuals can build a support network, gain new perspectives, and develop a stronger sense of purpose. Investing in relationships can lead to a more satisfying and purposeful life, making it essential to nurture and cultivate friendships.",763
439,7270750C775E,the value of education,2226,"Education is the backbone of a society, and its value cannot be overstated. It empowers individuals with knowledge, critical thinking, and problem-solving skills, enabling them to navigate the complexities of the world. Without education, individuals are left in the dark, unable to make informed decisions or contribute to the betterment of their communities. Moreover, education has a direct correlation with economic growth, as educated individuals are more likely to secure better-paying jobs and stimulate innovation. Critics may argue that education is costly, but the long-term benefits far outweigh the initial investment. In fact, studies have shown that every dollar spent on education generates a substantial return in terms of economic growth and societal development. Therefore, it is imperative that we prioritize education and make it accessible to all, regardless of socio-economic backgrounds or geographical locations. By doing so, we can create a more enlightened, productive, and prosperous society. Ultimately, the value of education lies in its ability to transform lives and shape a brighter future for generations to come.",1146
440,6F0330A6C504,a topic of personal interest,3621,"The implementation of standardized testing in schools has been a contentious issue for years. While proponents argue that it provides a fair and objective measure of student knowledge, I firmly believe that it does more harm than good. Standardized tests create a culture of rote memorization, stifling creativity and critical thinking. They also perpetuate inequality, as students from disadvantaged backgrounds often lack access to test preparation resources. Furthermore, the emphasis on testing leads to teaching methods that prioritize test-taking strategies over genuine learning. This results in students who are poorly equipped to tackle real-world problems, as they have been conditioned to regurgitate facts rather than think critically. Instead of relying on standardized tests, we should focus on more holistic assessments that encourage creativity, problem-solving, and collaboration. By doing so, we can foster a more well-rounded and innovative generation of learners.",983
441,3766B7A3A5E0,a topic of personal interest,2353,"Standardized testing has been a long-debated topic in the education sector. Many argue that it provides a fair and objective way to measure student performance. However, I strongly disagree. These tests only measure a student's ability to recall information, rather than their critical thinking and problem-solving skills. They also create immense stress and anxiety, which can have a negative impact on a student's mental health. Furthermore, standardized testing can be culturally biased, favoring students from affluent backgrounds who have had greater access to test preparation resources. This disparity can lead to unfair opportunities and hinder social mobility. By moving away from standardized testing, we can create a more inclusive and holistic education system that values individuality and creativity.",814
442,4EE0B81B9133,the value of education,2162,"The value of education is often debated, but it is paramount for personal and societal growth. Education empowers individuals with knowledge, skills, and critical thinking, enabling them to make informed decisions and contribute to their communities. It fosters innovation, economic development, and social mobility, breaking cycles of poverty and inequality. Furthermore, education promotes cultural understanding, tolerance, and global citizenship, leading to a more harmonious and peaceful world. Without education, individuals and societies are hindered, unable to reach their full potential. Therefore, investing in education is essential, as it yields long-term benefits for individuals, communities, and the world at large.",730
443,8EEA38B2E6CD,the importance of having a positive attitude,2464,"Having a positive attitude is crucial in today's fast-paced world. It not only affects one's mental health, but also their relationships and overall well-being. A positive attitude allows individuals to approach challenges with confidence and resilience, leading to increased productivity and success. Moreover, it fosters a supportive and encouraging environment, promoting healthy relationships and a strong sense of community. In contrast, a negative attitude can lead to isolation, stress, and decreased motivation. By adopting a positive mindset, individuals can overcome obstacles, achieve their goals, and live a more fulfilling life. This, in turn, can have a ripple effect, inspiring others to do the same. Therefore, cultivating a positive attitude is essential for personal and professional growth, and should be a top priority for individuals seeking to live a happy and successful life.",899
444,6B479AF72202,a topic of personal interest,1883,"The implementation of universal basic income (UBI) is a highly debated topic. I firmly believe that UBI is essential for a fair and equitable society. With the rise of automation, many jobs are at risk of being replaced, leaving countless individuals without a steady income. UBI would provide a safety net, ensuring that everyone's basic needs are met. It would also stimulate economic growth, as people would have more disposable income to spend. Additionally, UBI would reduce poverty and income inequality, allowing individuals to pursue their passions rather than just taking any job for the sake of a paycheck. Critics argue that UBI is too expensive, but I believe the benefits far outweigh the costs. Implementing UBI would require a redistribution of wealth, but it would ultimately lead to a more prosperous and equal society. By providing a foundation for all citizens, UBI would foster a sense of security and dignity, allowing people to thrive and reach their full potential.",988
445,F530741D2297,a topic of personal interest,3885,"The implementation of a four-day workweek has been a topic of debate in recent years. I firmly believe that adopting a four-day workweek is the way forward. A shorter workweek would not only improve work-life balance but also increase productivity. With an extra day off, employees can recharge and attend to personal matters, leading to better mental and physical health. Additionally, a four-day workweek would result in significant environmental benefits, as reduced commuting time would lead to lower carbon emissions. Companies such as Amazon and Microsoft have already seen positive results from implementing a shorter workweek. However, some argue that a four-day workweek would negatively impact businesses, particularly those in the service industry. I counter that with proper planning and scheduling, businesses can adapt and even thrive with a shorter workweek. A four-day workweek would also attract top talent and reduce turnover rates, as employees would be more satisfied with their jobs. Overall, the benefits of a four-day workweek far outweigh the drawbacks, and I strongly advocate for its implementation.",1125
446,A8BB150F53AB,the value of education,2615,"The value of education is often debated, with some arguing it's no longer relevant in today's society. However, I firmly believe that education is essential for personal and societal growth. It not only provides individuals with knowledge and skills but also fosters critical thinking, creativity, and problem-solving abilities. Educated individuals are more likely to secure better-paying jobs, contributing to their family's financial stability and overall well-being. Moreover, education promotes social mobility, empowering people to break the cycle of poverty and inequality. It also plays a crucial role in shaping informed citizens, who can participate in democratic processes and make informed decisions. Despite the rising costs of education, I argue that the benefits far outweigh the drawbacks. Governments and institutions must prioritize education, making it accessible and affordable for all. By doing so, we can create a more enlightened, compassionate, and prosperous society. Education is the key to unlocking human potential, and it's our responsibility to ensure everyone has access to it.",1108
447,C4A874260D21,a topic of personal interest,2757,"Standardized testing is a widely debated topic, and I firmly believe it should be abolished. The high-stakes exams cause undue stress on students, narrowing their educational experience to mere test preparation. This emphasis on rote memorization stifles creativity and critical thinking, essential skills for success in the real world. Moreover, standardized tests are often biased, favoring students from affluent backgrounds who have had greater access to test preparation resources. This perpetuates educational inequality, as underprivileged students are disproportionately disadvantaged. By eliminating standardized testing, we can foster a more well-rounded education, focusing on individualized learning and promoting a love for knowledge, rather than mere test-taking skills.",784
448,CFA41112FF1B,the value of education,1552,"Education is the cornerstone of society, fostering intellectual growth and personal development. It enables individuals to acquire knowledge, critical thinking, and problem-solving skills, leading to better career opportunities and economic stability. Despite its importance, some argue that education is not a guarantor of success. However, education provides a foundation for informed decision-making, civic engagement, and social mobility. It empowers individuals to navigate complex issues, think critically, and adapt to changing environments. In conclusion, education is a vital investment in one's future, and its value cannot be overstated.",648
449,F91EFD0443E6,the impact of technology on society,2534,"The impact of technology on society is a contentious issue. While some argue that technology has improved our lives, others claim that it has detrimental effects. I firmly believe that technology has a net positive impact on society. It has increased accessibility to information, connecting people worldwide and facilitating global communication. Additionally, technology has revolutionized healthcare, education, and commerce, making these services more efficient and accessible. However, opponents argue that technology has contributed to social isolation, decreased attention span, and job displacement. Nevertheless, I contend that these negative consequences can be mitigated through responsible technology use and regulation. Ultimately, technology has the potential to greatly benefit society, and its advantages outweigh its disadvantages. By embracing technology and addressing its negative consequences, we can create a more connected, informed, and prosperous world.",978
450,28494A144B1A,a topic of personal interest,2954,"The implementation of standardized testing in schools has been a contentious issue for years. While some argue that it provides a benchmark for student performance, I firmly believe that it hinders the educational process. Standardized tests only measure a narrow range of skills, neglecting creativity, critical thinking, and problem-solving abilities. They also create a high-stress environment, leading to anxiety and decreased motivation among students. Furthermore, the emphasis on testing narrows the curriculum, causing teachers to focus on test preparation rather than providing a well-rounded education. To truly improve education, we should prioritize hands-on learning experiences, project-based assessments, and competency-based progression. By doing so, we can foster a more engaging and inclusive learning environment that prepares students for success in the 21st century.",887
451,ADF1112226F4,a topic of personal interest,1566,"Standardized testing is a controversial topic in education. Many argue that it's a fair and efficient way to assess students' knowledge. However, I strongly disagree. Standardized tests are often biased, pitting students from different socio-economic backgrounds against each other. They also fail to account for individual learning styles, leading to undue stress and anxiety. Furthermore, the emphasis on testing detracts from critical thinking, creativity, and problem-solving skills. It's time to reconsider the role of standardized testing in our education system and focus on more holistic approaches to assessment.",621
452,68E75FD12673,a topic of personal interest,2350,"The implementation of a four-day workweek has been a topic of debate in recent years. While some argue it would lead to decreased productivity, I firmly believe it would have numerous benefits for employees, employers, and the environment. A shorter workweek would allow for better work-life balance, reducing stress and increasing job satisfaction. This, in turn, would lead to increased productivity and reduced turnover rates. Additionally, a four-day workweek would result in significant environmental benefits, such as reduced carbon emissions from commuting. With the advancement of technology, many jobs can be done remotely, making it easier to adopt a shorter workweek. Overall, adopting a four-day workweek would be a win-win for all parties involved.",761
453,095E153640F7,a topic of personal interest,2732,"The implementation of universal basic income (UBI) has been a topic of interest in recent years. I firmly believe that UBI is essential for creating a more equitable and secure society. By providing every citizen with a guaranteed minimum income, regardless of employment status, UBI can help alleviate poverty and reduce income inequality. Opponents argue that UBI is too costly and may reduce the incentive to work. However, numerous studies have shown that UBI can actually increase productivity and entrepreneurship, as individuals are more likely to take risks and pursue their passions when they have a financial safety net. Furthermore, UBI can help mitigate the negative consequences of automation and AI, which are increasingly displacing jobs. With the rise of the gig economy and unstable employment, UBI is more necessary than ever. It's time for governments to invest in the well-being of their citizens and implement UBI as a fundamental human right. By doing so, we can create a more just and prosperous society for all.",1035
454,16DEF72E220A,the value of education,3183,"The value of education is a topic of immense importance in today's society. While some argue that education is not essential for success, I firmly believe that it is the key to unlocking one's true potential. Education provides individuals with the knowledge, skills, and critical thinking abilities necessary to navigate the complexities of the modern world. It opens doors to better job opportunities, higher salaries, and greater social mobility. Furthermore, education fosters personal growth, empowers individuals to make informed decisions, and promotes social cohesion. In contrast, a lack of education can lead to poverty, inequality, and social unrest. Therefore, investing in education is crucial for individuals, communities, and societies to thrive. By prioritizing education, we can create a more informed, tolerant, and prosperous world. Ultimately, the value of education lies in its ability to transform lives and shape a better future.",952
455,8AD96DB8DD9F,the value of education,2206,"The value of education is often debated, but it remains a vital component of personal and societal growth. Education not only provides individuals with knowledge and skills, but also fosters critical thinking, problem-solving, and creativity. It empowers people to make informed decisions, participate in the economy, and contribute to their communities. Without education, individuals are limited in their career opportunities and social mobility. Moreover, education has a positive impact on economic growth, reducing poverty and inequality. It is the key to unlocking human potential and driving innovation. Therefore, investing in education is essential for a prosperous and equitable future.",696
456,1649A2246587,the value of education,2703,"The value of education is a highly debated topic. While some argue that it's overvalued, I firmly believe that it's essential for individual and societal growth. Education provides critical thinking skills, problem-solving abilities, and knowledge, empowering individuals to make informed decisions and contribute to their communities. It also fosters personal development, independence, and social mobility, leading to improved economic outcomes and a higher quality of life. Moreover, education has a positive impact on healthcare, as educated individuals are more likely to adopt healthy habits and make informed decisions about their well-being. Overall, education is invaluable, and investing in it is crucial for creating a prosperous and enlightened society. By prioritizing education, we can bridge the gap between social classes, promote equality, and create a brighter future for generations to come.",910
457,A0D37DDFBE96,a topic of personal interest,2944,"The implementation of universal basic income (UBI) has been a topic of interest for years. I firmly believe that UBI is essential for a more equitable society. With the rise of automation, many jobs are at risk of being replaced, leaving individuals without a steady income. UBI would provide a safety net, ensuring that everyone's basic needs are met. Additionally, it would give people the freedom to pursue their passions, rather than just taking any job for the sake of a paycheck. This, in turn, could lead to increased innovation and creativity. Critics argue that UBI is too costly, but I counter that the benefits outweigh the costs. By reducing poverty and inequality, UBI could lead to significant savings in healthcare and social services. Furthermore, UBI could be funded through a combination of taxes and redistribution of existing social welfare funds. Implementing UBI would require a significant shift in our societal values, but it is a necessary step towards creating a more just and equitable world. By providing a basic income guarantee, we can ensure that everyone has access to the resources they need to thrive.",1135
458,DE0F5C13960F,the value of education,1993,"The value of education is a widely debated topic, with some arguing it's no longer a vital component of success. However, I firmly believe that education remains indispensable in today's society. Not only does it provide individuals with the necessary skills and knowledge to secure better job opportunities, but it also fosters critical thinking, creativity, and problem-solving abilities. Education empowers people to make informed decisions, think independently, and become active participants in their communities. Moreover, it has a profound impact on personal growth, allowing individuals to develop a sense of purpose and direction. In contrast, the absence of education can lead to limited career options, reduced earning potential, and a lack of social mobility. As such, investing in education is crucial for individuals, communities, and societies as a whole, as it has the potential to break cycles of poverty, promote economic growth, and create a more informed and engaged citizenry. By prioritizing education, we can create a brighter future for generations to come.",1081
459,F7E78C064324,a topic of personal interest,957,"Standardized testing is a flawed evaluation method, stifling creativity and promoting rote memorization. It fails to accurately assess individual strengths and weaknesses, instead relying on a one-size-fits-all approach. This leads to undue stress and anxiety for students, ultimately affecting their mental health and well-being.",330
460,683A4FE3661C,a topic of personal interest,2084,"The implementation of universal basic income (UBI) is a highly debated topic. I firmly believe that UBI is essential for a more equitable society. By providing every citizen with a guaranteed minimum income, it ensures that everyone's basic needs are met, regardless of their employment status. This, in turn, reduces poverty and income inequality. Opponents argue that UBI is too costly, but I counter that the benefits far outweigh the costs. UBI can actually stimulate economic growth by increasing consumer spending and reducing the burden on social welfare systems. Additionally, it allows people to pursue their passions, rather than just taking any job for the sake of a paycheck. This can lead to a more innovative and creative society. Overall, UBI is a necessary step towards creating a more just and prosperous society, and I strongly advocate for its implementation.",878
461,209A6BC99DB9,a topic of personal interest,2622,"The implementation of universal basic income (UBI) has sparked intense debate. Proponents argue it guarantees a safety net, alleviates poverty, and stimulates economic growth. However, critics contend it's unaffordable and discourages work. I firmly believe UBI is essential in today's society. With automation replacing jobs, UBI provides a vital lifeline, ensuring everyone's basic needs are met. It also gives people the freedom to pursue meaningful work, rather than just taking any job for financial reasons. Additionally, UBI simplifies welfare systems, reducing bureaucracy and administrative costs. While funding UBI may require increased taxes or redistribution of existing social welfare funds, the benefits far outweigh the costs. By providing a foundation for economic security, UBI can have a profound impact on reducing poverty, inequality, and social unrest. Ultimately, UBI is not only a moral imperative but also a sound economic strategy for creating a more equitable and prosperous society.",1009
462,E56D7CC27444,a topic of personal interest,3374,"Standardized testing has become a staple in modern education, but its effectiveness is a topic of debate. While some argue that it provides a fair and objective measure of student knowledge, others claim that it stifles creativity and promotes rote memorization. I firmly believe that standardized testing has outlived its usefulness and should be abolished. The high-stakes nature of these tests can be extremely stressful for students, leading to anxiety and a narrow focus on test preparation rather than actual learning. Furthermore, the tests often fail to account for individual learning styles and abilities, resulting in inaccurate assessments of student intelligence. By eliminating standardized testing, we can foster a more inclusive and engaging educational environment that values critical thinking and creativity over mere test-taking skills. This shift would allow students to explore and learn at their own pace, rather than being forced into a rigid and outdated framework. Ultimately, the abolition of standardized testing would be a crucial step towards creating a more equitable and effective education system.",1130
463,DFB7AB4481AC,what it takes to achieve success,2792,"Achieving success is often attributed to hard work and dedication, but it's more complex. Intelligence and talent are also crucial factors. Many argue that hard work alone is enough, citing examples of individuals who rose from humble beginnings. However, this overlooks the importance of innate abilities and opportunities. Those with natural aptitudes and access to resources have a significant advantage. Furthermore, luck and circumstance also play a role. Without the right opportunities and support, even the most talented individuals may struggles to succeed. Ultimately, success is a multifaceted concept that requires a combination of hard work, intelligence, and opportunity.",685
464,AADAFDCD9944,the value of education,2005,"The value of education is a topic of immense significance in today's society. While some argue that education is a mere formality, I firmly believe that it is the key to unlocking individual and societal potential. Education not only imparts knowledge, but also fosters critical thinking, creativity, and problem-solving skills, enabling individuals to navigate an increasingly complex world. Moreover, education has a profound impact on economic growth, as a well-educated workforce is more productive and innovative. It also promotes social mobility, reducing poverty and inequality. In conclusion, education is not a luxury, but a fundamental right that should be accessible to all, as it has the power to transform lives and shape a better future. By prioritizing education, we can create a more informed, enlightened, and prosperous society.",846
465,03CC97D3747E,the value of education,3675,"The value of education is a highly debated topic, with some arguing that it is no longer a crucial aspect of modern society. However, I strongly disagree with this notion. Education provides individuals with the knowledge, skills, and critical thinking abilities necessary to succeed in their careers and personal lives. It also fosters a sense of social responsibility, empathy, and cultural awareness, enabling people to become engaged and active members of their communities. Furthermore, education has been shown to have a positive impact on economic growth, reducing poverty and inequality. In contrast, a lack of education can lead to limited job opportunities, lower earning potential, and a greater reliance on government assistance. Therefore, it is essential that we continue to prioritize education, ensuring that it remains accessible and affordable for all. By doing so, we can empower individuals, promote social mobility, and create a more informed and enlightened society. In conclusion, the value of education is undeniable, and it is our responsibility to protect and promote it for the betterment of ourselves and future generations.",1152
466,72C0B0B91BFC,the importance of having a positive attitude,4972,"Having a positive attitude is essential in today's fast-paced world. It not only affects our mental and physical well-being but also influences our relationships and overall quality of life. A positive attitude helps us navigate through life's challenges with confidence and resilience, making it easier to overcome obstacles and achieve our goals. On the other hand, a negative attitude can lead to stress, anxiety, and depression, ultimately hindering our progress and happiness.

A positive attitude also plays a significant role in our personal and professional relationships. When we approach interactions with a positive mindset, we are more likely to build strong, meaningful connections with others. This, in turn, can lead to new opportunities, a stronger support system, and a greater sense of belonging. Furthermore, a positive attitude is contagious, and when we surround ourselves with like-minded individuals, we create a positive and uplifting environment that fosters growth and success.

In addition, a positive attitude has a profound impact on our physical health. Studies have shown that people with a positive outlook tend to have lower blood pressure, a healthier weight, and a stronger immune system. This is because a positive attitude reduces stress and anxiety, which can have devastating effects on our physical health. By adopting a positive attitude, we can take control of our well-being and make informed decisions that promote a healthy and balanced lifestyle.

Some may argue that having a positive attitude is not always easy, especially in the face of adversity. However, it is precisely in these moments that a positive attitude is most crucial. By choosing to focus on the positive aspects of a situation, we can turn a negative experience into a valuable learning opportunity. This not only helps us grow as individuals but also enables us to approach future challenges with a renewed sense of purpose and determination.

In conclusion, having a positive attitude is vital for achieving success and happiness in all aspects of life. It helps us build strong relationships, improves our physical and mental health, and enables us to navigate life's challenges with confidence and resilience. By adopting a positive attitude, we can take control of our lives, make informed decisions, and create a brighter, more fulfilling future for ourselves. So, let us all strive to cultivate a positive attitude and watch our lives transform in incredible ways.",2486
467,762839543BFC,a topic of personal interest,1601,"The implementation of standardized testing in schools is a highly debated topic. While some argue that it measures student progress, I firmly believe that it has a detrimental effect on the education system. Standardized tests create unnecessary stress, leading to anxiety and decreased motivation among students. They also narrow the curriculum, as teachers focus on test preparation rather than providing a well-rounded education. Furthermore, these tests are often biased, favoring students from affluent backgrounds who have had greater access to test preparation resources. By abolishing standardized testing, we can create a more inclusive and supportive learning environment that fosters creativity, critical thinking, and true academic growth. This, in turn, will lead to a more educated and well-prepared student body, capable of succeeding in an ever-evolving world.",876
468,9947BA6C3149,the impact of technology on society,4391,"The impact of technology on society is a highly debated topic, with some arguing it has improved our lives, while others claim it has hindered our progress. I firmly believe that technology has had a largely negative impact on society. One of the primary concerns is the erosion of face-to-face communication. Social media platforms have made it easier for people to connect with each other, but they have also led to a decline in meaningful, in-person interactions. This has resulted in increased feelings of loneliness and isolation, despite being more connected than ever before.

Furthermore, technology has also had a significant impact on employment. While automation has increased efficiency in many industries, it has also led to widespread job losses. Many jobs that were once considered secure are now at risk of being replaced by machines or artificial intelligence. This has led to increased economic inequality, as those who are unable to adapt to new technologies are left behind.

Additionally, technology has also had a profound impact on our mental health. The constant stream of information and notifications from social media and other online platforms can be overwhelming, leading to increased stress and anxiety levels. Cyberbullying and online harassment have also become major concerns, particularly among young people. The consequences of these negative effects can be severe, ranging from decreased self-esteem to increased risk of depression and anxiety disorders.

In conclusion, while technology has brought many benefits, its negative impact on society cannot be ignored. To mitigate these effects, it is essential that we develop strategies to promote healthy technology use, such as setting limits on screen time and encouraging in-person interactions. By acknowledging the potential risks of technology, we can work towards creating a healthier, more balanced relationship with it.",1913
469,9E40BFCC6F62,the value of education,1656,"Education is invaluable, as it empowers individuals with knowledge and skills. It fosters critical thinking, creativity, and problem-solving abilities, enabling people to make informed decisions and contribute to society. Despite its costs, education yields long-term benefits, including higher earning potential and improved health outcomes. It also promotes social mobility, reduces poverty, and encourages civic engagement. Investing in education is essential for personal and societal growth, and its value cannot be overstated.",532
470,B3145EA3395B,a topic of personal interest,4350,"The implementation of universal basic income (UBI) has become a topic of interest worldwide. I firmly believe that UBI is essential for a country's economic and social well-being. Firstly, UBI guarantees a minimum standard of living, reducing poverty and income inequality. It provides financial security, allowing individuals to pursue their passions and interests without fear of unemployment. 

Moreover, UBI can stimulate entrepreneurship and creativity. With a safety net in place, people are more likely to take risks and start their own businesses, leading to innovation and job creation. It also enables individuals to continue their education and training, increasing their employability and contributing to a skilled workforce.

Additionally, UBI simplifies welfare systems, reducing bureaucracy and administrative costs. It consolidates multiple benefits into one, making it easier for governments to manage and for citizens to access. This, in turn, can lead to significant cost savings, which can be invested in other essential public services.

However, some argue that UBI is too expensive and may reduce the incentive to work. But, numerous experiments and studies have shown that UBI does not significantly impact work ethic and can actually increase productivity. It also helps to address the looming issue of job automation, where millions of jobs are at risk due to technological advancements.

In conclusion, UBI is a vital component of a modern and equitable society. It offers numerous benefits, from reducing poverty to stimulating entrepreneurship. While there are concerns about its feasibility, the advantages of UBI far outweigh the disadvantages. It is time for governments to consider implementing UBI and creating a more secure and prosperous future for their citizens.",1800
471,4FE6EABBFC00,a topic of personal interest,1128,"Climate change demands immediate attention. Rising temperatures and extreme weather events threaten our planet's future. Governments and corporations must prioritize renewable energy sources, reducing reliance on fossil fuels. Individual actions, such as recycling and conserving water, also contribute to a sustainable future. We owe it to ourselves and future generations to take action, ensuring a livable world.",415
472,B083862AF3B4,a topic of personal interest,2734,"Standardized testing has become a ubiquitous feature in modern education. Proponents argue that these tests provide an objective measure of student performance, allowing for fair comparisons between individuals and institutions. However, I firmly believe that standardized testing is a flawed system that fails to account for various learning styles and can be detrimental to a student's academic experience.

For one, these tests often prioritize rote memorization over critical thinking and creativity. This can lead to a narrow focus on test preparation, rather than a broader emphasis on intellectual curiosity and exploration. Furthermore, standardized testing can be a significant source of stress and anxiety for many students, which can negatively impact their academic performance and overall well-being. Additionally, these tests are often biased towards students from affluent backgrounds, who have greater access to test preparation resources and tutoring. This can result in a significant disparity in test scores, which can have long-term consequences for students from disadvantaged backgrounds.

Ultimately, I believe that a more holistic approach to education, one that emphasizes creativity, critical thinking, and individualized learning, is far more effective than a reliance on standardized testing. By moving away from this outdated system, we can create a more inclusive and equitable learning environment that allows all students to thrive and reach their full potential.",1495
473,A5E657C1B23A,the value of education,3016,"The value of education is a highly debated topic, with some arguing that it is overemphasized in today's society. However, I firmly believe that education is essential for individuals, communities, and the world as a whole. Education provides individuals with the knowledge, skills, and critical thinking abilities necessary to succeed in their chosen careers and navigate the complexities of life. It also promotes social mobility, allowing individuals to break free from the constraints of their socio-economic backgrounds and pursue their dreams. Furthermore, education has been shown to have a positive impact on health, with studies indicating that educated individuals are more likely to engage in healthy behaviors and make informed decisions about their well-being. In addition, education fosters a sense of civic engagement and social responsibility, encouraging individuals to participate in their communities and contribute to the greater good. By investing in education, we are investing in the future of our world, and it is our responsibility to ensure that everyone has access to quality educational opportunities. Ultimately, education is the key to unlocking human potential, and it is essential that we prioritize it in order to create a more informed, equitable, and prosperous society. With education, individuals can make informed decisions, think critically, and solve problems effectively, leading to a better life and a stronger community.",1463
474,B4B2CB4AA07F,the value of education,3878,"The value of education is a topic of ongoing debate, with some arguing that its significance is waning in modern society. However, I firmly believe that education remains the cornerstone of personal and societal advancement. Through education, individuals acquire the knowledge, skills, and critical thinking abilities necessary to succeed in their chosen careers and contribute meaningfully to their communities. Education also promotes social mobility, allowing people to break free from the constraints of their socio-economic backgrounds and pursue their goals with confidence. Furthermore, educated individuals are more likely to engage in civic activities, vote, and participate in the democratic process, thereby fostering a more informed and active citizenry. In addition, education has been shown to have a positive impact on health, with studies indicating that educated individuals tend to make healthier lifestyle choices and have better mental health outcomes. Despite the rising costs of tuition and the existence of alternative learning pathways, a formal education provides a structured and comprehensive learning environment that is essential for personal growth and development. In conclusion, the value of education lies in its ability to empower individuals, promote social cohesion, and drive economic prosperity, making it an indispensable investment in our collective future. By prioritizing education, we can unlock the full potential of our societies and create a brighter, more equitable world for all.",1528
475,2B66CE2870AD,a topic of personal interest,3222,"The benefits of a plant-based diet have sparked intense debate in recent years. As someone who has adopted this lifestyle, I firmly believe that it is the way forward. Not only does it promote animal welfare, but it also has numerous health benefits. A diet rich in fruits, vegetables, and whole grains can significantly reduce the risk of heart disease, diabetes, and certain cancers. 

In addition, animal agriculture is a leading cause of greenhouse gas emissions, deforestation, and water pollution. By choosing plant-based options, we can significantly reduce our carbon footprint and contribute to a more sustainable future. Many argue that a plant-based diet is expensive and limiting, but with some planning and creativity, it can be affordable and diverse. 

In conclusion, a plant-based diet is a simple yet effective way to improve our health, protect the environment, and promote animal welfare. I urge everyone to consider making the switch and experience the benefits for themselves.",997
476,1D75D76AC202,the value of education,1489,"Education is the backbone of society, empowering individuals with knowledge and skills. Despite its importance, some argue that its value is dwindling. However, I firmly believe that education remains crucial. It fosters critical thinking, problem-solving, and creativity, leading to better career opportunities and higher earning potential. Moreover, education promotes social mobility, reduces poverty, and encourages civic engagement. Investing in education is essential for personal and societal growth, driving innovation and progress. By prioritizing education, we can create a more informed, tolerant, and prosperous world.",630
477,02B36EBD5C66,the value of education,2281,"Education is invaluable in today's society, as it empowers individuals with knowledge and critical thinking skills. Despite some arguing that college is a waste of money, the benefits of education far outweigh the costs. Educated individuals are more employable, earn higher salaries, and contribute to their communities in meaningful ways. Additionally, education fosters personal growth, independence, and a broader perspective on life. It also promotes social mobility and breaks cycles of poverty. Moreover, educated societies are more innovative, productive, and competitive, driving economic growth and development. In conclusion, the value of education cannot be overstated, and investing in education is crucial for both individual and societal success.",761
478,43EE2C3C7EB5,the value of education,2648,"The value of education is a highly debated topic, with some arguing it's overemphasized. However, I firmly believe that education is essential for individuals and society as a whole. Education provides individuals with the knowledge, skills, and critical thinking necessary to succeed in their careers and personal lives. It also fosters social mobility, allowing people to break the cycle of poverty and achieve a better standard of living. Furthermore, educated individuals are more likely to be engaged citizens, participating in their communities and contributing to the democratic process. Education also has numerous economic benefits, as a well-educated workforce is more productive and innovative, driving economic growth and development. Additionally, education promotes cultural understanding, tolerance, and empathy, helping to break down social barriers and promote global understanding. While some argue that education is too expensive or that individuals can succeed without it, the benefits far outweigh the costs. In conclusion, education is invaluable, and its importance cannot be overstated. It is the key to unlocking individual and societal potential, and its value should be recognized and prioritized.",1224
479,0F563E567370,a topic of personal interest,1220,"Climate change is a pressing issue. Human activities, such as pollution and deforestation, are the primary causes. Renewable energy sources, like solar and wind power, can mitigate its effects. Governments and individuals must work together to reduce carbon emissions and transition to sustainable practices, ensuring a livable future for generations to come.",359
480,C77A361A7476,the value of education,2105,"The value of education is often debated, but its importance cannot be overstated. Education provides individuals with the knowledge, skills, and critical thinking necessary to succeed in their careers and personal lives. It also fosters social mobility, allowing people to break free from the constraints of their socioeconomic backgrounds. Moreover, education has a profound impact on societal development, as it enables citizens to participate in informed discourse and contribute to the betterment of their communities. Despite the costs, education is a worthwhile investment, yielding long-term benefits for individuals and society as a whole.",647
481,B983F2965167,the importance of having a positive attitude,1230,"A positive attitude is crucial for success. It fosters resilience, boosts confidence, and enhances mental well-being. When faced with challenges, a positive mindset helps individuals navigate obstacles and find solutions. Conversely, a negative attitude can lead to pessimism and stagnation. By adopting a positive outlook, individuals can cultivate a growth mindset, build stronger relationships, and achieve their goals.",422
482,40AF66A621E0,the value of education,2212,"The value of education cannot be overstated. It empowers individuals with knowledge, critical thinking, and problem-solving skills, enabling them to excel in their careers and contribute to society. Education also fosters personal growth, independence, and innovation, leading to a more informed and enlightened population. In today's fast-paced, technology-driven world, education is the key to staying competitive and adaptable. It bridges the gap between social classes, promoting equality and social mobility. Investing in education yields long-term benefits, driving economic growth and societal progress. Therefore, it is essential that we prioritize education, making it accessible and affordable for all. By doing so, we can unlock human potential and create a brighter future.",785
483,C194E48A8236,the importance of having a positive attitude,1623,"Having a positive attitude is crucial in life. It boosts confidence, enhances resilience, and improves relationships. A positive mindset allows individuals to approach challenges with optimism, leading to increased productivity and success. In contrast, a negative attitude can hinder growth and lead to unhappiness. By adopting a positive attitude, individuals can overcome obstacles, achieve goals, and live a fulfilling life. This mindset is essential for personal and professional development, making it a vital trait to cultivate.",535
484,FFAEAF8D0C90,a topic of personal interest,2609,"Standardized testing has become a staple in modern education, but it is a system that should be dismantled. The pressure to perform well on these tests can be overwhelming, leading to student stress and anxiety. Moreover, these tests do not account for individual learning styles or abilities, often leaving behind students who may not test well. They also create a narrow curriculum, as teachers are forced to teach to the test, rather than providing a well-rounded education. This can lead to a lack of creativity and critical thinking skills in students. Furthermore, standardized testing is a biased system, as it often favors students from affluent backgrounds who have access to test preparation resources. It is time to rethink our approach to education and move away from a system that prioritizes test scores over actual learning. By doing so, we can create a more inclusive and effective education system that benefits all students.",942
485,6FDAD6124B9E,a topic of personal interest,3355,"Standardized testing is a pervasive issue in modern education, sparking intense debate among educators, policymakers, and students. I firmly believe that standardized testing should be abolished in schools. The excessive emphasis on these tests stifles creativity, creates undue stress, and fails to accurately assess a student's intelligence. 

By prioritizing rote memorization over critical thinking, standardized tests neglect essential skills like problem-solving and collaboration. Moreover, the pressure to perform well can lead to anxiety and decreased motivation, ultimately harming students' mental health. The limitations of these tests are clear: they do not account for individual learning styles, cultural backgrounds, or socioeconomic disparities. 

It is imperative that we adopt a more holistic approach to education, focusing on personalized learning, creative expression, and emotional intelligence. By doing so, we can foster a more inclusive, supportive, and effective learning environment that truly prepares students for success in the 21st century.",1072
486,04FA62C5F269,the importance of having a positive attitude,2858,"Having a positive attitude is crucial in today's fast-paced world. It not only affects our mental and physical well-being but also influences our relationships and career success. A positive attitude helps us tackle challenges with confidence, leading to increased resilience and better problem-solving skills. It also fosters a supportive environment, encouraging others to adopt a similar mindset. In contrast, a negative attitude can lead to stress, anxiety, and missed opportunities. By choosing to focus on the positive, we can overcome obstacles, achieve our goals, and lead a more fulfilling life. This mindset is essential for personal and professional growth, making it imperative to cultivate a positive attitude in our daily lives.",742
487,56AC4BE71C2F,a topic of personal interest,1122,"Standardized testing is flawed. It fails to accurately measure intelligence, instead assessing test-taking skills. This leads to unnecessary stress and biased outcomes, as some students are better prepared due to their socioeconomic backgrounds. Alternative assessments, such as project-based evaluations, would provide a more comprehensive understanding of a student's abilities, promoting a fairer education system.",417
488,1BEADE7B4160,a topic of personal interest,1578,"Standardized testing should be abolished in schools. These exams are a narrowing measure of intelligence, neglecting creativity and critical thinking. They also create undue stress, negatively impacting mental health. Furthermore, standardized testing is often biased towards students from affluent backgrounds, exacerbating existing inequalities. By eliminating these exams, we can foster a more inclusive and holistic approach to education, allowing students to explore their passions and interests without the burden of high-stakes testing. This approach would promote a more well-rounded education, better preparing students for success in an ever-changing world.",667
489,FF190BD8380B,a topic of personal interest,2835,"The implementation of a four-day workweek has sparked debate. Proponents argue it boosts productivity, reduces burnout, and benefits the environment. I firmly believe a shorter workweek is essential. It allows for better work-life balance, enabling individuals to devote more time to personal interests and family. This, in turn, improves overall well-being and job satisfaction. Moreover, a reduced workweek can lead to significant environmental benefits, such as lower emissions from commuting and reduced energy consumption. While some may argue that a shorter workweek could negatively impact businesses, I counter that it can actually increase efficiency and reduce turnover rates. With a four-day workweek, employees are more focused and motivated, leading to higher quality work. Additionally, it can attract top talent and reduce costs associated with recruitment and training. Overall, adopting a four-day workweek is a forward-thinking approach that prioritizes employee well-being and the environment, ultimately benefiting both individuals and society as a whole.",1075
490,C6DDE5F881C2,the value of education,922,"Education is invaluable, as it empowers individuals and fosters economic growth. It enhances critical thinking, promotes equality, and breaks social barriers. Despite its costs, the benefits of education far outweigh the expenses, leading to better job opportunities and a more informed citizenry.",297
491,8A8CC7624410,a topic of personal interest,2485,"The integration of technology in classrooms is a contentious issue. While some argue that it hinders learning, I firmly believe that tech enhances educational experiences. Interactive tools and online resources facilitate engagement, making complex concepts more accessible. Moreover, tech enables students to work at their own pace, catering to diverse learning styles. However, some claim that it leads to distractions, but with proper implementation, teachers can minimize this risk. By embracing technology, we can create a more inclusive and effective learning environment, preparing students for success in the digital age.",629
492,C1959178FC53,a topic of personal interest,3164,"The implementation of a four-day workweek has gained significant attention in recent years. Proponents argue that it improves work-life balance, increases productivity, and reduces carbon emissions. With a shorter workweek, employees can manage personal errands, spend more time with family, and recharge. This, in turn, leads to increased job satisfaction and reduced turnover rates. Additionally, a compressed workweek can result in significant energy savings and a decrease in commuting time, ultimately reducing our carbon footprint. Despite potential drawbacks, such as reduced hours for certain industries, the benefits of a four-day workweek far outweigh the costs. It's time for businesses to adopt this innovative approach and prioritize employee well-being and sustainability.",786
493,244973AE9715,a topic of personal interest,5246,"The implementation of universal basic income (UBI) has been a topic of debate in recent years. As someone who is passionate about social welfare and economic equality, I strongly believe that UBI is a necessary step towards creating a more just and equitable society. 

One of the primary arguments against UBI is that it is too expensive and would be a burden on taxpayers. However, I would argue that the benefits of UBI far outweigh the costs. For one, UBI would provide a safety net for the most vulnerable members of society, ensuring that they have access to basic necessities like food and shelter. 

Additionally, UBI would give people the financial security to pursue their passions and interests, rather than just taking any job for the sake of a paycheck. This would lead to a more creative and innovative workforce, as people would be free to explore their talents and pursue careers that bring them fulfillment. 

Moreover, UBI would help to reduce poverty and income inequality, which are major social and economic problems in many countries. By providing a basic income guarantee, UBI would help to ensure that everyone has access to the resources they need to live a dignified life, regardless of their employment status. 

Some may argue that UBI would reduce the incentive for people to work, but I would counter that this is a misconception. Many people would still choose to work, as they would have the financial security to pursue careers that bring them fulfillment. 

In conclusion, UBI is a necessary step towards creating a more just and equitable society. It would provide a safety net for the most vulnerable members of society, promote creativity and innovation, and help to reduce poverty and income inequality. While there may be costs associated with implementing UBI, I firmly believe that the benefits would far outweigh the costs.",1865
494,7D519DA76B29,the importance of having a positive attitude,2610,"Having a positive attitude is crucial in today's fast-paced world. It not only affects our mental and physical well-being but also influences our relationships and overall success. A positive attitude helps us navigate through challenges with confidence and resilience, leading to better decision-making and problem-solving skills. On the other hand, a negative attitude can lead to stress, anxiety, and poor performance. Furthermore, a positive attitude is contagious and can inspire others to adopt a similar mindset, creating a ripple effect of positivity. Therefore, it is essential to cultivate a positive attitude to achieve personal and professional growth, and to live a happy and fulfilling life. By doing so, we can overcome obstacles, build stronger relationships, and reach our full potential.",805
495,E80C88E9837C,what it takes to achieve success,4476,"The concept of success is often debated, with many believing it is solely dependent on hard work and determination. However, this narrow view overlooks the significance of other crucial factors. To truly achieve success, one must possess a combination of skills, strategy, and opportunity. 

Hard work and determination are essential, but they are not the only components. A well-thought-out plan and a clear understanding of one's goals are vital. Setting realistic objectives and prioritizing tasks are critical in maintaining focus and motivation. Additionally, the ability to adapt to changing circumstances and learn from failures is equally important.

Networking and seizing opportunities also play a significant role in achieving success. Building relationships with influential people in one's industry can lead to valuable connections and opportunities. Furthermore, being in the right place at the right time can make all the difference. Recognizing and capitalizing on opportunities as they arise is critical in staying ahead of the curve.

In conclusion, success is not solely the result of hard work and determination. Rather, it is the culmination of a combination of skills, strategy, and opportunity. By acknowledging and addressing these various factors, individuals can increase their chances of achieving success and realizing their full potential. Ultimately, success is a multifaceted concept that requires a comprehensive approach, and it is only by considering all aspects that one can truly achieve it.",1527
496,3EC60741B7BF,a topic of personal interest,2327,"Standardized testing is a highly debated topic in the education system. While some argue that it provides a fair and accurate assessment of a student's knowledge, I firmly believe that it is an outdated and ineffective method of evaluation. Not only does it create undue stress and anxiety for students, but it also fails to account for individual learning styles and abilities. Furthermore, the emphasis on standardized testing leads to a narrow curriculum, where teachers are forced to ""teach to the test"" rather than providing a well-rounded education. This results in students being inadequately prepared for real-world problems and critical thinking. In conclusion, I argue that standardized testing should be abolished and replaced with more holistic and inclusive methods of assessment.",793
497,CBDE3C526D05,a topic of personal interest,512,"Standardized testing is unnecessary. It creates undue stress, limiting students' creativity and critical thinking. Alternative assessments, like project-based evaluations, would better measure intelligence and prepares students for real-world applications.",256
498,21737947650E,a topic of personal interest,3204,"The implementation of universal basic income (UBI) has sparked intense debate. I firmly believe UBI is essential for a more equitable society. With automation replacing jobs, UBI would provide a safety net for displaced workers. It would also alleviate poverty, allowing people to meet basic needs. Critics argue UBI is too expensive, but I counter that it's a worthwhile investment in human capital. By providing a foundation for all citizens, UBI would foster creativity, entrepreneurship, and economic growth. It's time to rethink traditional welfare systems and embrace UBI as a solution for a more just and prosperous future.",630
499,F591A84185A4,a topic of personal interest,3304,"Standardized testing is a contentious issue in education. Proponents argue it ensures accountability, but I firmly believe it hinders student growth. The high-stakes environment created by these tests can lead to undue stress, causing anxiety and decreasing motivation. Furthermore, the one-size-fits-all approach neglects individual learning styles, potentially misleading educators about a student's true abilities. By placing such emphasis on test scores, we risk overlooking essential skills like creativity and critical thinking. It's time to reevaluate our approach, focusing on more holistic assessments that encourage intellectual exploration and development.",667
500,0BDADA3AFF77,a topic of personal interest,1370,"Standardized tests are overvalued in education. They cause undue stress, stifle creativity, and fail to account for individual learning styles. Many universities are now test-optional, recognizing that grades and extracurriculars are better indicators of a student's potential.",277
501,59ADAA4D04E5,a topic of personal interest,759,"Standardized testing is a flawed measure of intelligence. It creates undue stress and doesn't account for individual learning styles. Alternative assessments, such as project-based evaluations, can provide a more comprehensive understanding of a student's abilities.",266
502,EB03C897F7E8,a topic of personal interest,4355,"The Benefits of Vegetarianism: A Healthier Lifestyle Choice. 
As the world grapples with rising healthcare costs and increasing environmental concerns, adopting a vegetarian diet has become a viable solution. A well-planned vegetarian diet offers numerous health benefits, including reduced risks of heart disease, type 2 diabetes, and certain types of cancer. 
A vegetarian diet is rich in fiber, vitamins, and minerals, and low in saturated fats and cholesterol. It also tends to be high in antioxidants, which help protect against cell damage and inflammation. Furthermore, a vegetarian diet tends to be more environmentally friendly, as it requires less land, water, and energy to produce plant-based foods compared to animal products. 
However, some argue that a vegetarian diet can be protein-deficient and lack essential nutrients like vitamin B12. While it's true that vegetarians need to be mindful of their protein intake, there are many plant-based sources of protein, such as beans, lentils, and tofu, that can provide all the necessary amino acids. 
Additionally, many vegetarian products are now fortified with vitamin B12 and other essential nutrients, making it easier for vegetarians to get all the necessary nutrients. In conclusion, adopting a vegetarian diet can have numerous health and environmental benefits, and with careful planning, it can be a well-balanced and nutritious lifestyle choice.",1417
503,A0A56F7995D6,the importance of having a positive attitude,1451,"Having a positive attitude is crucial for a happy and successful life. It boosts self-esteem, improves mental health, and enhances relationships. A positive attitude helps individuals overcome obstacles, think critically, and make informed decisions. It also fosters resilience, allowing them to bounce back from failures and setbacks. By adopting a positive mindset, people can lead more fulfilling lives, achieve their goals, and inspire others to do the same. In contrast, a negative attitude can lead to unhappiness, stress, and stagnation. Therefore, cultivating a positive attitude is essential for personal growth and overall well-being.",644
504,0E9FC972215F,a topic of personal interest,1898,"Standardized testing is a contentious issue in education. Proponents argue it ensures accountability, but I firmly believe it stifles creativity and hinders learning. By forcing students into a rigid framework, it neglects individual strengths and weaknesses. Overemphasizing test scores also leads to teaching methods that prioritize rote memorization over critical thinking and problem-solving. This approach fails to prepare students for real-world challenges, where adaptability and innovation are essential. Moreover, high-stakes testing can cause undue stress and anxiety, negatively impacting students' mental health. It's time to reevaluate our education system and adopt more holistic approaches that foster intellectual curiosity and creativity, rather than merely testing for test-taking skills.",806
505,E71DABB44645,the value of education,3203,"The value of education is a topic of ongoing debate. While some argue that education is overvalued, I firmly believe that it is essential for individuals and society as a whole. Education empowers people with knowledge, critical thinking, and problem-solving skills, enabling them to become informed and engaged citizens. It also fosters personal growth, creativity, and innovation, driving economic development and social progress. Furthermore, education promotes social mobility, equal opportunities, and tolerance, helping to break cycles of poverty and inequality. In conclusion, education is invaluable, and investing in it is crucial for creating a more enlightened, prosperous, and just society.",702
506,D0CC47FFC293,the importance of having a positive attitude,3664,"Having a positive attitude is crucial in today's fast-paced world. It not only enhances our mental well-being but also influences our relationships and overall quality of life. A positive attitude helps us navigate through challenges and overcome obstacles with ease. When faced with adversity, individuals with a positive attitude tend to approach problems with a solutions-oriented mindset, rather than getting bogged down by negativity. This enables them to stay motivated and focused, leading to greater productivity and success. Furthermore, a positive attitude is contagious, spreading to those around us and creating a ripple effect of positivity. By adopting a positive attitude, we can improve our relationships, increase our resilience, and lead a more fulfilling life. In contrast, a negative attitude can lead to stagnation, strained relationships, and a lack of motivation. Therefore, cultivating a positive attitude is essential for achieving success and happiness in all aspects of life. By choosing to focus on the positive, we can unlock our full potential and live a more meaningful and purposeful life.",1121
507,8C44127FF83C,a topic of personal interest,3323,"The implementation of universal basic income (UBI) is a highly debated topic. I firmly believe that UBI is essential for a fair and equitable society. With the rise of automation and Artificial Intelligence, many jobs are becoming obsolete, leaving people without a steady income. UBI would provide a safety net, ensuring that everyone's basic needs are met. It would also stimulate economic growth, as people would have more disposable income to spend. Furthermore, UBI would reduce poverty, inequality, and stress related to financial insecurity. Many countries, such as Finland and Alaska, have already experimented with UBI, showing promising results. Critics argue that UBI is too expensive, but I believe that the benefits outweigh the costs. It's time for governments to consider implementing UBI to create a more just and prosperous society. By doing so, we can ensure that everyone has access to a dignified life, regardless of their employment status. Moreover, UBI would give people the freedom to pursue their passions, rather than just taking any job for financial reasons. This, in turn, would lead to a more innovative and creative society. Overall, UBI is a necessary step towards creating a more equitable and prosperous world.",1244
508,90C81189C58D,a topic of personal interest,2544,"The implementation of universal basic income (UBI) has sparked intense debate. I firmly believe that UBI is essential for a more equitable society. With automation replacing jobs, UBI would provide a safety net for workers. It would also simplify welfare systems and reduce bureaucracy. Additionally, UBI would foster creativity and entrepreneurship, as people would have the financial security to pursue their passions. Opponents argue that UBI is too expensive, but I counter that the benefits outweigh the costs. UBI would reduce poverty and income inequality, leading to a more stable and prosperous society. By providing a basic income, we can ensure that everyone has access to basic needs like food, shelter, and healthcare. This, in turn, would have a positive impact on mental and physical health, as well as education and social mobility. Implementing UBI is not only a moral imperative, but also a sound economic strategy. It's time for us to rethink our social welfare systems and prioritize human well-being. By embracing UBI, we can create a more just and compassionate society.",1092
509,005661280443,the value of education,2317,"The importance of education cannot be overstated. It has been widely acknowledged that education plays a crucial role in shaping the future of individuals, societies, and nations. Through education, individuals acquire knowledge, skills, and values that enable them to navigate the complexities of life, participate in the workforce, and contribute to the betterment of society. Without education, individuals are likely to struggle with poverty, unemployment, and social exclusion. Furthermore, education has been shown to have a positive impact on health, economic growth, and social mobility. Therefore, investing in education is essential for creating a more informed, skilled, and prosperous society. It is imperative that governments, policymakers, and individuals prioritize education and provide equal access to quality education for all. By doing so, we can foster a more equitable, just, and thriving world. Education is the key to unlocking human potential and creating a brighter future for all.",1007
510,5C05D79FE75A,a topic of personal interest,1181,"Standardized testing is a misguided educational practice. It creates undue stress, stifles creativity, and fails to account for individual learning styles. By prioritizing rote memorization over critical thinking, we are neglecting the development of essential skills. Alternative assessments, such as project-based evaluations, can provide a more comprehensive understanding of a student's abilities, fostering a more well-rounded education.",442
511,5F679622B317,what it takes to achieve success,2190,"Achieving success is often misconstrued as solely relying on talent or luck. However, it is a culmination of hard work, dedication, and perseverance. While some may argue that innate ability plays a significant role, it is the effort one puts into honing their skills that ultimately leads to success. Thomas Edison's famous quote, ""1% inspiration and 99% perspiration,"" aptly captures this notion. Furthermore, success is not a destination, but a continuous journey of learning and improvement. It requires an individual to be adaptable, resilient, and open to feedback. By emphasizing the importance of diligence and persistence, we can foster a growth mindset that enables individuals to reach their full potential.",718
512,211699D25472,a topic of personal interest,1816,"Standardized testing is a flawed method of evaluating students. It creates undue stress and doesn't account for individual learning styles. Many students excel in non-traditional environments, but struggle with the rigid format of standardized tests. This can lead to inaccurate assessments and a narrow focus on test preparation, rather than actual learning. As a result, alternative evaluation methods, such as project-based assessments, should be implemented to provide a more comprehensive understanding of a student's abilities. By doing so, we can promote a more inclusive and effective education system.",610
513,1590895B2332,the importance of having a positive attitude,2765,"Having a positive attitude is crucial in today's fast-paced world. It not only affects our mental health but also influences our relationships and career. A positive attitude helps us cope with challenges, builds resilience, and fosters a growth mindset. It allows us to approach problems with a solution-focused mindset, leading to increased productivity and success. In contrast, a negative attitude can lead to pessimism, hindering personal and professional growth. By adopting a positive attitude, we can improve our overall well-being, leading to a happier and more fulfilling life. It's essential to recognize the importance of positivity and make a conscious effort to cultivate it in our daily lives.",708
514,3B2DADB10DCA,the value of education,3301,"The value of education is a topic of immense importance. While some argue that education is not essential, I firmly believe that it is the key to a prosperous and successful life. Education provides individuals with the knowledge, skills, and critical thinking abilities necessary to navigate the complexities of the modern world. It opens doors to better job opportunities, higher salaries, and a greater sense of personal fulfillment. Moreover, education has a positive impact on society as a whole, leading to a more informed and engaged citizenry. It is our responsibility to prioritize education and ensure that it is accessible to all, regardless of socio-economic background or geographical location. By doing so, we can create a more equitable and just society, where individuals can reach their full potential and contribute to the greater good. Ultimately, the value of education lies in its ability to transform lives and shape the future of our world.",963
515,FB687C2C7D4B,a topic of personal interest,2163,"The implementation of standardized testing in schools has sparked intense debate. I firmly believe that standardized testing is detrimental to students' learning experiences. These tests create undue stress, stifling creativity and critical thinking. They also fail to account for individual learning styles, leading to biased results. Furthermore, the emphasis on testing narrows the curriculum, causing teachers to focus on test preparation rather than providing a well-rounded education. By abolishing standardized testing, we can foster a more inclusive and innovative learning environment, allowing students to thrive and reach their full potential.",654
516,8C0D50387A60,a topic of personal interest,2461,"The integration of technology in schools has sparked intense debate. While some argue it's a distractions, I firmly believe technology enhances education. It increases access to information, making learning more efficient and engaging. Interactive tools facilitate personalized learning, allowing students to progress at their own pace. Moreover, technology prepares students for the digital age, equipping them with essential skills for future careers. By incorporating devices and online resources, schools can bridge the knowledge gap, making education more inclusive and effective. As we move forward, embracing technology in education is crucial for student success and preparing them for an increasingly digital world.",724
517,F73B27B9A443,a topic of personal interest,1641,"Climate change is a pressing issue that demands immediate attention. Rising temperatures are causing devastating effects on our planet, from intense natural disasters to unpredictable weather patterns. Despite overwhelming evidence, some argue that climate change is a natural phenomenon, unaffected by human activities. However, I strongly disagree. Human actions, such as burning fossil fuels and deforestation, are significantly contributing to the increase in global temperatures. It is essential that we take collective action to reduce our carbon footprint and invest in renewable energy sources. By doing so, we can mitigate the worst impacts of climate change and ensure a sustainable future for generations to come.",724
518,FA9386DCB8DD,the impact of technology on society,1450,"The impact of technology on society is a double-edged sword. On one hand, it has revolutionized communication, education, and healthcare, making life more convenient and accessible. However, excessive reliance on technology has led to social isolation, decreased face-to-face interaction, and increased mental health issues. Moreover, the spread of misinformation and cyberbullying has become a significant concern. Ultimately, it is crucial to strike a balance between technology use and human connection to ensure a healthier and more harmonious society. By doing so, we can harness the benefits of technology while mitigating its negative effects.",650
519,7B0430EDACBA,the importance of having a positive attitude,2849,"Having a positive attitude is crucial in today's fast-paced world. A positive mindset can greatly impact one's life, leading to increased happiness, better health, and improved relationships. It allows individuals to approach challenges with confidence and resilience, rather than getting bogged down by negativity. By maintaining a positive attitude, people can overcome obstacles, achieve their goals, and live a more fulfilling life. This mindset also influences those around them, creating a ripple effect of positivity. In contrast, a negative attitude can lead to stress, anxiety, and a sense of hopelessness. By cultivating a positive attitude, individuals can take control of their lives, make better choices, and live a more purposeful existence. This, in turn, can lead to a more harmonious and supportive community. As such, it is essential to prioritize a positive attitude and make it a core part of one's daily life.",930
520,FA5998D50575,the value of education,3158,"The value of education is a topic of ongoing debate, with some arguing that its importance is overstated. However, I firmly believe that education is essential for individuals and society as a whole. It provides people with the knowledge, skills, and critical thinking abilities necessary to succeed in their careers and personal lives. Education also promotes social mobility, allowing individuals from disadvantaged backgrounds to improve their socio-economic status. Furthermore, an educated population is crucial for a country's economic growth and development. It fosters innovation, entrepreneurship, and creativity, leading to better economic outcomes. Additionally, education has numerous non-monetary benefits, such as improved health, increased civic engagement, and a more informed citizenry. While some may argue that education is not a guarantee of success, I would counter that it significantly increases one's chances of achieving their goals and improving their overall well-being. Therefore, investing in education is vital for individuals, communities, and nations to prosper and thrive. By prioritizing education, we can create a more knowledgeable, skilled, and prosperous society.",1201
521,B32F41984B27,a topic of personal interest,2077,"The implementation of standardizing uniforms in schools has been a long-standing debate. While some argue that it restricts self-expression, I firmly believe that it promotes a sense of unity and professionalism. By wearing the same attire, students from diverse backgrounds are on an equal footing, eliminating social conflicts based on clothing choices. Additionally, uniforms help to reduce distractions and promote a focus on academic pursuits. They also simplify morning routines for students and parents, saving time and money. Overall, the benefits of standardized uniforms far outweigh the drawbacks, creating a more cohesive and productive learning environment.",670
522,5EE526AB840B,the value of education,2886,"The value of education is a topic of ongoing debate. While some argue that education is not essential in today's society, I firmly believe that it is the key to unlocking individual and societal potential. Education empowers individuals with knowledge, critical thinking, and problem-solving skills, enabling them to make informed decisions and contribute to their communities. Moreover, education has a direct impact on economic growth, as educated individuals are more likely to secure better-paying jobs and stimulate innovation. Without education, individuals are limited in their ability to adapt to an ever-changing world, and societies are hindered in their progress. Therefore, it is imperative that we prioritize education and recognize its value in shaping a brighter future for all.",793
523,0EC392C06372,the value of education,5152,"The value of education is often debated, with some arguing that it is overemphasized in today's society. However, I firmly believe that education is essential for individuals, communities, and the world at large. Not only does it provide individuals with the knowledge and skills necessary to secure better-paying jobs, but it also equips them with critical thinking and problem-solving skills.

Education has been shown to have a positive impact on economic growth, with studies indicating that every dollar invested in education generates significant returns. Moreover, educated individuals are more likely to participate in their communities, vote, and engage in volunteer work, leading to a more informed and active citizenry. Education also has a profound impact on personal development, allowing individuals to expand their knowledge, challenge their assumptions, and develop a more nuanced understanding of the world.

In addition, education has been linked to improved health outcomes, with educated individuals more likely to engage in healthy behaviors and make informed decisions about their health. Furthermore, education has the power to break cycles of poverty, as it provides individuals with the skills and knowledge necessary to secure better-paying jobs and improve their socio-economic status.

Despite these benefits, some argue that education is not the most effective way to address social and economic issues. However, I would counter that education is a long-term investment that has the potential to yield significant returns. By prioritizing education, we can create a more informed, active, and engaged citizenry, equipped with the skills and knowledge necessary to address the complex challenges facing our world today.

In conclusion, the value of education is undeniable. It has the power to transform individuals, communities, and societies, and is essential for addressing the complex challenges of the 21st century. As such, it is imperative that we prioritize education, providing individuals with access to quality educational opportunities, and investing in the development of our educational systems. By doing so, we can create a brighter, more informed, and more equitable future for all.",2226
524,21F8069EC7F7,the value of education,2776,"Education is often touted as the key to unlocking individual and societal success. Critics argue that its value lies solely in securing employment, disregarding its profound impact on personal growth and community development. However, education's benefits extend far beyond the job market. It fosters critical thinking, creativity, and empathy, enabling individuals to make informed decisions and contribute to the betterment of society. Moreover, education promotes social mobility, bridging the gap between socioeconomic classes. By investing in education, we invest in a more enlightened, equitable, and prosperous future. Ultimately, education's value lies not only in its practical applications but also in its ability to enrich lives and shape a more just world. Its importance cannot be overstated, and it is our collective responsibility to prioritize and protect it.",876
525,3F30E7FDE6F1,a topic of personal interest,1866,"The implementation of universal basic income (UBI) is a highly debated topic. I firmly believe that UBI is essential for a more equitable society. By providing every citizen with a guaranteed minimum income, we can eradicate poverty and ensure that everyone's basic needs are met. Critics argue that UBI is too costly, but I counter that the benefits far outweigh the costs. UBI would stimulate economic growth, reduce inequality, and improve mental and physical health. Additionally, it would give people the freedom to pursue their passions, rather than just taking any job for the sake of a paycheck. Implementing UBI would require significant changes to our current social welfare systems, but it's a necessary step towards creating a more just and prosperous society.",772
526,A5B9C9F26FD6,a topic of personal interest,3548,"The implementation of standardized testing in schools has been a contentious issue for years. Proponents argue that it provides a fair and objective measure of student learning, while opponents claim that it creates undue stress and stifles creativity. I firmly believe that standardized testing is detrimental to the education system.

Not only does it lead to teaching to the test, but it also narrows the curriculum, as teachers are forced to focus on test-taking skills rather than providing a well-rounded education. This results in students being ill-prepared for the real world, where critical thinking and problem-solving skills are essential. Furthermore, standardized testing can be culturally and socio-economically biased, leading to unequal opportunities for disadvantaged students.

Moreover, the emphasis on standardized testing can have severe psychological effects on students, including increased anxiety and decreased motivation. It is imperative that we re-evaluate our education system and prioritize a more holistic approach to learning, one that fosters creativity, curiosity, and a love of learning. By doing so, we can create a more inclusive and effective education system that prepares students for success in all aspects of life. Ultimately, the abolition of standardized testing is necessary to ensure that our education system is truly serving the needs of all students.",1400
527,02B07248077F,a topic of personal interest,1200,"Standardized testing is a flawed system. It creates undue stress and doesn't accurately measure intelligence. With its one-size-fits-all approach, it neglects individual learning styles and creativity. Alternative assessments, like project-based evaluations, can provide a more comprehensive understanding of a student's abilities. We should prioritize these methods to foster a more inclusive and effective education system.",425
528,374CF6E834A5,the value of education,1849,"The value of education is often debated, but its importance cannot be overstated. Education is the foundation upon which individuals and societies are built, providing the skills and knowledge necessary to succeed. It fosters critical thinking, creativity, and problem-solving, enabling individuals to make informed decisions and adapt to an ever-changing world. Education also promotes social mobility, reducing poverty and inequality by providing opportunities for socio-economic advancement. Furthermore, educated individuals are more likely to contribute positively to their communities, driving innovation and progress. In conclusion, education is invaluable, and its pursuit should be encouraged and supported to create a more informed, equitable, and prosperous society.",777
529,FE31D12E44FE,a topic of personal interest,1319,"Standardized testing is outdated and ineffective. It creates unnecessary stress, stifles creativity, and fails to measure intelligence. Alternative assessments, such as project-based evaluations, can provide a more comprehensive understanding of a student's knowledge and skills. By abolishing standardized testing, we can cultivate a more inclusive and innovative education system that truly prepares students for success.",423
530,F4EA60BCBC2C,a topic of personal interest,1752,"The implementation of stricter gun control laws is a pressing matter that sparks intense debate. As a passionate advocate for public safety, I firmly believe that stricter regulations are necessary to mitigate the alarming rate of gun-related violence. The statistics are stark: countries with stringent gun control laws have significantly lower rates of gun violence. The argument that stricter laws infringe upon Second Amendment rights is misguided, as responsible gun ownership can coexist with regulations. The benefits of stricter gun control – reduced gun violence, increased public safety – far outweigh the perceived drawbacks. We must prioritize the well-being of our communities and take concrete steps towards a safer future. By doing so, we can prevent senseless tragedies and protect the lives of innocent individuals. It is our collective responsibility to demand action from lawmakers and work towards a future where gun violence is a rarity, rather than a devastating reality.",993
531,BE68C5AB58A1,a topic of personal interest,3964,"The implementation of vegan diets in schools is a contentious topic. Many argue that it restricts students' food choices and may lead to nutritional deficiencies. However, I firmly believe that vegan diets should be incorporated into school meal plans. 

A well-planned vegan diet provides all necessary nutrients for growth and development. It also promotes healthier eating habits, reducing the risk of obesity and chronic diseases. Furthermore, animal agriculture is a significant contributor to greenhouse gas emissions, and adopting vegan diets can help mitigate climate change. 

By offering vegan options, schools can cater to students with dietary restrictions and preferences, fostering a more inclusive environment. It can also raise awareness about the benefits of plant-based eating, encouraging students to make informed choices about their diet. 

While some may argue that vegan diets are too restrictive, schools can collaborate with nutritionists to create diverse and balanced meal plans. Additionally, many vegan alternatives are now widely available, making it easier to incorporate them into school menus. 

In conclusion, incorporating vegan diets into school meal plans can have numerous benefits for students' health, the environment, and promoting inclusivity. It is time for schools to reconsider their meal plans and provide students with more plant-based options, setting them up for a healthier and more sustainable future.",1452
532,D190133EDD2B,a topic of personal interest,1505,"Standardized testing is a contentious issue in education. While proponents argue it measures student progress, I firmly believe it is an outdated and ineffective assessment method. It creates undue stress and does not account for individual learning styles. Furthermore, it prioritizes rote memorization over critical thinking and creativity, ultimately stifling students' potential. We should adopt more holistic evaluation methods that foster a love of learning, rather than mere test-taking skills.",501
533,E43EB471951D,the value of education,1953,"The value of education is a debated topic, with some arguing it's a vital investment in one's future, while others claim it's a costly burden. However, I firmly believe that education is essential for personal and societal growth. It empowers individuals with knowledge, critical thinking, and problem-solving skills, leading to better career opportunities and higher earning potential. Education also fosters a more informed and engaged citizenry, capable of participating in the democratic process and driving positive change. Furthermore, studies have shown that educated individuals are more likely to be healthier, happier, and more productive members of society. While some may argue that the cost of education is prohibitive, I counter that the long-term benefits far outweigh the initial investment. By prioritizing education, we can create a more equitable, prosperous, and enlightened society. Ultimately, education is a vital component of a thriving community, and its value should not be underestimated.",1015
534,3E9DF0451049,a topic of personal interest,2395,"Standardized testing is a hindrance to education. It creates undue stress and does not accurately measure intelligence. Tests like the SAT and ACT force students to focus on rote memorization rather than critical thinking. This leads to a narrow curriculum, as teachers are pressured to prepare students for the test. Furthermore, these tests are often biased, favoring students from affluent backgrounds who have access to expensive test prep. As a result, talented students from low-income families are unfairly disadvantaged. It's time to rethink our approach to assessment and prioritize a more holistic, inclusive education.",629
535,F90A6181BBCA,a topic of personal interest,3717,"The implementation of a universal basic income (UBI) has been a topic of discussion in recent years. I firmly believe that UBI is essential for the well-being of individuals and the overall economy. By providing every citizen with a guaranteed minimum income, UBI would alleviate poverty and financial stress, allowing people to focus on their passions and contribute to society in more meaningful ways. Additionally, UBI would simplify existing welfare systems, reducing bureaucracy and administrative costs. Critics argue that UBI is too costly and would reduce the incentive to work, but I counter that the benefits of UBI, such as increased entrepreneurship and creativity, would far outweigh the costs. Furthermore, with automation and artificial intelligence on the rise, UBI would provide a safety net for workers who may lose their jobs due to technological advancements. Overall, I strongly advocate for the implementation of UBI, as it would create a more equitable and prosperous society. By investing in UBI, we can build a better future for all.",1058
536,462769ABDD5B,a topic of personal interest,1193,"Standardized testing is a hindrance to education. It creates unnecessary stress and limits a student's ability to showcase their knowledge. By focusing on a narrow range of subjects and testing methods, it neglects important skills like creativity and critical thinking. This approach can lead to a lack of motivation and engagement among students, ultimately hindering their academic growth.",392
537,78B6F383CD30,the value of education,2653,"The value of education is often debated, but its importance cannot be overstated. Education provides individuals with the knowledge, skills, and critical thinking abilities necessary to succeed in life. It fosters personal growth, social mobility, and economic prosperity. Without education, individuals are limited in their career prospects and earning potential, perpetuating cycles of poverty. Furthermore, education empowers people to make informed decisions, participate in civic engagement, and contribute to their communities. In contrast, a lack of education can lead to social isolation, unemployment, and dependency on government assistance. Investing in education yields long-term benefits, from improved health outcomes to increased productivity and innovation. It is essential that governments and societies prioritize education, making it accessible and affordable for all. By doing so, we can create a more informed, equitable, and prosperous world. Education is the key to unlocking human potential, and its value is invaluable.",1044
538,DA43320FCA57,a topic of personal interest,2271,"Standardized testing is a highly debated topic in the education system. While some argue that it provides a fair and objective measure of student performance, I firmly believe that it is a flawed and outdated practice. Standardized tests only evaluate a narrow range of skills, neglecting important aspects such as creativity, critical thinking, and problem-solving. Moreover, these tests often create undue stress and anxiety for students, leading to a negative impact on their mental health and well-being. Additionally, standardized tests can be culturally biased, favoring students from affluent backgrounds who have had greater access to test preparation resources. This can result in a disproportionate number of students from disadvantaged backgrounds being mislabeled as underachievers. By abolishing standardized testing, we can focus on more holistic and inclusive methods of evaluation, allowing students to showcase their diverse talents and abilities.",964
539,10AC7944DC4A,what it takes to achieve success,1795,"Achieving success is often attributed to hard work and dedication. However, this oversimplifies the complexities involved. Success requires a combination of factors, including innate talent, access to quality education and resources, and a supportive environment. Without these foundation blocks, individual effort can only go so far. Furthermore, societal systems and biases can either hinder or facilitate success. It is essential to acknowledge these factors to create a more inclusive and equitable path to success. By recognizing the interplay of these elements, we can work towards creating opportunities for everyone to achieve their full potential.",656
540,9F7610DBE2DC,the importance of having a positive attitude,1225,"A positive attitude is crucial for success. It boosts confidence, enhances resilience, and fosters a growth mindset. With a positive outlook, individuals can overcome obstacles and achieve their goals. Conversely, a negative attitude can hinder progress and lead to stagnation. By adopting a positive mindset, we can cultivate a more fulfilling life, build stronger relationships, and increase overall well-being. Embracing positivity is essential for personal and professional growth, making it a vital aspect of our daily lives.",530
541,55174E1DFC5B,a topic of personal interest,3124,"Standardized testing is a contentious topic. Many argue it accurately measures student performance, but I believe it is an outdated and ineffective system. Tests often prioritize rote memorization over critical thinking, leading to a narrow focus on test-taking strategies rather than meaningful learning. Furthermore, they can be culturally biased and discriminate against students with learning disabilities. With the rise of technology, alternative assessments, such as project-based evaluations and competency-based progression, are becoming increasingly viable options. These methods prioritize individualized learning and skill mastery, providing a more comprehensive picture of student abilities. By abandoning standardized testing, we can create a more inclusive and effective education system that prepares students for success in the 21st century.",857
542,AC7AB280A93C,the value of education,1238,"Education is invaluable, offering individuals a competitive edge and societal mobility. It empowers people with knowledge, critical thinking, and problem-solving skills. Without education, social and economic progress would stagnate. Investing in education yields long-term benefits, from improved healthcare to increased economic growth. It is essential for personal and societal advancement, and its value cannot be overstated. By prioritizing education, we secure a brighter future for generations to come.",509
543,E52BD4FC3FF0,the value of education,1013,"Education is invaluable. It empowers individuals, fosters critical thinking, and promotes economic growth. By acquiring knowledge and skills, people can make informed decisions, adapt to changing environments, and innovate. Investing in education yields long-term benefits, including improved healthcare, reduced poverty, and increased social mobility. Despite its costs, education's benefits far outweigh its expenses, making it a vital investment in individual and societal development.",488
544,B03AB7243AE5,the value of education,2504,"The value of education is often debated, with some arguing it's overemphasized. However, education provides numerous benefits, including improved career prospects, increased earning potential, and enhanced critical thinking skills. Educated individuals are more likely to contribute positively to society, driving innovation and economic growth. Furthermore, education promotes social mobility, allowing individuals to break free from the constraints of their socio-economic background. While some may argue that education is too costly or time-consuming, the long-term rewards far outweigh the initial investment. Ultimately, education is essential for personal and societal development, and its value should not be understated.",729
545,FE4E3BB2DAE1,the value of education,3037,"The value of education is often debated, with some arguing it's not essential for success. However, I firmly believe that education is invaluable. It provides individuals with knowledge, critical thinking skills, and problem-solving abilities, enabling them to make informed decisions and compete in the job market. Education also fosters personal growth, independence, and social mobility. Without it, people may struggle to access better job opportunities, leading to a lifetime of limited choices and economic stagnation. Furthermore, education has a positive impact on society as a whole, promoting tolerance, understanding, and innovation. It's the key to unlocking human potential and driving progress. By investing in education, we invest in our future, and it's essential that we prioritize it to create a more equitable and prosperous society. Education is not just a luxury, but a necessity, and its value should not be underestimated.",945
546,7921F1381801,the value of education,2132,"The value of education is a widely debated topic, with some arguing it's overemphasized. However, I firmly believe education is essential for individuals and society. It provides crucial skills, knowledge, and critical thinking, enabling people to navigate complex issues and make informed decisions. Education also fosters social mobility, reduces poverty, and promotes economic growth. Without education, individuals are limited in their career prospects and struggle to adapt to an ever-changing world. Furthermore, education helps eradicate social injustices, promotes tolerance, and encourages empathy. It's not just a personal investment, but a societal necessity. Governments and institutions must prioritize education to ensure a more equipped, enlightened, and prosperous future. By doing so, we can create a better world for generations to come. Education is the backbone of progress, and its value cannot be overstated.",930
547,C779E68B8B7E,the importance of friendship and relationships,2783,"The significance of friendship and relationships in our lives cannot be overstated. While some may argue that personal achievement and success are the keys to happiness, it is the connections we make with others that truly bring fulfillment. Friendships provide emotional support, a sense of belonging, and a network of people who can offer guidance and encouragement. Moreover, strong relationships have been shown to have a positive impact on both physical and mental health, with studies indicating that people with close friends tend to live longer and experience lower levels of stress and anxiety. In contrast, those who are isolated or lack meaningful relationships often struggle with feelings of loneliness and disconnection. Furthermore, friendships can also facilitate personal growth, as friends can challenge our perspectives and help us develop new skills and interests. By investing in friendships and relationships, we can build a supportive community that enriches our lives and helps us navigate life's challenges. Ultimately, the importance of friendship and relationships lies in their ability to bring joy, comfort, and a sense of purpose to our lives, making them essential for our overall well-being.",1223
548,05F30981F3EB,the value of education,4286,"The value of education is a widely debated topic, with some arguing that it's overvalued and unnecessary. However, I strongly disagree. Education is the foundation upon which individuals, communities, and societies are built. It not only provides individuals with the knowledge and skills necessary to succeed in their chosen careers, but also enables them to think critically, solve problems, and make informed decisions.

A well-educated population is more likely to be engaged, informed, and active in their communities. They are better equipped to participate in the democratic process, to hold their leaders accountable, and to contribute to the betterment of society. Education also has a profound impact on personal development, enabling individuals to reach their full potential, to pursue their passions, and to lead fulfilling lives.

In addition, education has a significant impact on economic development. A skilled and educated workforce is essential for driving innovation, entrepreneurship, and economic growth. It enables individuals to compete in the global marketplace, to adapt to new technologies and trends, and to contribute to the development of their countries.

Despite these benefits, some argue that education is not essential for success. They point to examples of successful individuals who have dropped out of school or who have learned through alternative means. However, these examples are the exception rather than the rule. For every successful dropout, there are countless others who have struggled to make ends meet, to find employment, and to achieve their goals.

In conclusion, education is invaluable. It provides individuals with the knowledge, skills, and competencies necessary to succeed in their chosen careers and to contribute to the betterment of society. It has a profound impact on personal development, economic development, and community engagement. As such, it's essential that we prioritize education, that we invest in our schools and universities, and that we provide opportunities for all individuals to access quality education.",2086
549,12CA89146E91,a topic of personal interest,1761,"The implementation of standardized testing in schools has sparked intense debate. I firmly believe that these tests are detrimental to students' educational experiences. They create undue stress and anxiety, stifling creativity and critical thinking. The constant pressure to perform well on these tests narrows the curriculum, as teachers are forced to focus on test preparation rather than providing a well-rounded education. Furthermore, standardized tests do not account for individual learning styles, leading to inaccurate assessments of students' abilities. By abolishing these tests, we can foster a more inclusive and engaging learning environment that encourages intellectual curiosity and growth.",707
550,15BDA0989B56,a topic of personal interest,6021,"The Impact of Social Media on Mental Health: A Growing Concern. 
Social media has become an integral part of modern life, with billions of people worldwide using platforms like Instagram, Facebook, and Twitter. While social media has many benefits, such as connecting people and providing a platform for self-expression, its impact on mental health is a growing concern. 

A significant body of research suggests that excessive social media use is linked to increased symptoms of anxiety, depression, and loneliness. This is partly due to the curated and often unrealistic content that users are exposed to, which can create unrealistic expectations and promote consumerism. Furthermore, social media platforms are designed to be highly addictive, using algorithms that prioritize engagement over well-being. 

The constant stream of information can be overwhelming, leading to feelings of fatigue, burnout, and decreased attention span. Moreover, cyberbullying, online harassment, and the spread of misinformation are all too common on social media, further exacerbating mental health issues. The pressure to present a perfect online persona can also lead to feelings of inadequacy, low self-esteem, and a distorted view of reality. 

To mitigate these risks, it is essential to establish a healthy relationship with social media. This can involve setting boundaries, such as limiting screen time, taking regular breaks, and engaging in offline activities. Parents, educators, and mental health professionals also have a critical role to play in educating users about the potential risks of social media and promoting digital literacy. 

Ultimately, social media is a tool that can be used for good or ill. By being aware of its potential impact on mental health and taking steps to mitigate these risks, we can harness its benefits while protecting our well-being. It is time for us to take a step back, reassess our relationship with social media, and strive for a healthier, more balanced approach to technology use. By doing so, we can promote positive mental health outcomes and create a more compassionate, supportive online community.",2142
551,60ED0B48B8F2,the impact of technology on society,1417,"The impact of technology on society is a double-edged sword. While it has revolutionized communication and access to information, it also poses significant threats to mental health, social skills, and employment. Excessive screen time has led to increased rates of depression and anxiety, as well as decreased attention span. Furthermore, automation has displaced human workers, exacerbating income inequality. To mitigate these effects, it is crucial that we implement policies promoting responsible tech use and invest in education and retraining programs for workers displaced by automation.",594
552,5564D9D8C845,the value of education,2870,"The value of education is a topic of ongoing debate. While some argue that its importance is overstated, I firmly believe that education is essential for individuals and society as a whole. Not only does it provide individuals with the skills and knowledge necessary to succeed in their chosen careers, but it also fosters critical thinking, problem-solving, and creativity. Furthermore, education has been shown to have a positive impact on healthcare, crime rates, and economic growth. In contrast, a lack of education can lead to poverty, unemployment, and social inequality. Therefore, it is imperative that we prioritize education and ensure that it is accessible to all, regardless of socioeconomic background or geographical location. By doing so, we can create a more informed, skilled, and prosperous society. Education is a valuable investment in our future, and its importance cannot be overstated.",909
553,ADC42265FD32,the impact of technology on society,1454,"The impact of technology on society is a contentious issue. While some argue it has improved our lives, others claim it has created more problems. Technology has undoubtedly increased efficiency and connectedness, but it also perpetuates social isolation and decreased attention span. Furthermore, the over-reliance on technology has led to a decline in face-to-face interactions, deepening the sense of loneliness. Overall, technology's negative effects outweigh its benefits, making it a detrimental force in modern society.",526
554,5F8F76B7A6FD,the value of education,1303,"Education is invaluable, empowering individuals and societies. It fosters critical thinking, promotes equality, and boosts economic growth. Despite its costs, education's long-term benefits far outweigh expenses, leading to a more informed and prosperous world.",261
555,A0B2BF94231C,a topic of personal interest,2430,"The Implementation of Standardized Education: A Misguided Approach.  Standardized education is often touted as a way to ensure equality in learning, but it stifles creativity and hinders individual growth. By forcing students to conform to a narrow curriculum, we deprive them of the opportunity to explore unique interests and develop innovative thinking. This approach also neglects the diversity of learning styles, leading to disengagement and decreased motivation among students. Furthermore, it prioritizes rote memorization over critical thinking, resulting in a lack of problem-solving skills and adaptability. We should focus on fostering a more personalized and inclusive learning environment that encourages students to pursue their passions and develop a love for learning. Only then can we truly unlock their potential and prepare them for success in an ever-evolving world.",887
556,DD265EC28AEB,the value of education,4194,"The value of education is a topic of great debate, with some arguing that it is not essential for success. However, I firmly believe that education is the key to unlocking one's potential and achieving a better life. Education provides individuals with the skills, knowledge, and critical thinking abilities necessary to navigate the complexities of the world. It also fosters personal growth, independence, and self-sufficiency, enabling individuals to make informed decisions and contribute to society in meaningful ways.

Moreover, education has numerous economic benefits. Studies have shown that individuals with higher levels of education tend to earn higher salaries and have lower unemployment rates. This, in turn, leads to increased economic growth and stability. Furthermore, education plays a crucial role in bridging the social and economic gaps that exist in many societies. By providing equal access to quality education, we can promote social mobility and reduce poverty.

Despite the many benefits of education, some argue that it is not essential for success. They point to examples of successful individuals who have dropped out of school or never attended college. However, these examples are exceptions rather than the rule. For every successful individual who has achieved success without education, there are countless others who have struggled to make ends meet due to a lack of skills and knowledge.

In conclusion, the value of education cannot be overstated. It is the foundation upon which individuals can build their futures and achieve their goals. By investing in education, we can create a more informed, productive, and prosperous society. As such, it is essential that we prioritize education and provide equal access to quality educational opportunities for all. Ultimately, the benefits of education far outweigh the costs, and it is an investment that will pay dividends for generations to come.",1932
557,2D5A9BEEB30D,the value of education,1306,"Education is invaluable, offering numerous benefits. It enhances critical thinking, boosts career prospects, and fosters personal growth. Critics argue that its cost outweighs its benefits, but this is short-sighted. Education empowers individuals, driving societal progress and economic development. Investing in education is crucial for a brighter future.",357
558,A83B38711F26,the value of education,1773,"Education is the foundation of societal advancement, and its value cannot be overstated. Not only does it equip individuals with knowledge and skills, but it also fosters critical thinking and problem-solving abilities. Education empowers people to make informed decisions, improving their socio-economic status and contributing to the betterment of their communities. Moreover, educated individuals are more likely to be open-minded, tolerant, and receptive to new ideas, promoting a culture of understanding and cooperation. In contrast, a lack of education can lead to ignorance, poverty, and social unrest. Therefore, investing in education is essential for personal and collective growth, and it is imperative that governments and individuals prioritize it. By doing so, we can create a more enlightened, equitable, and prosperous society.",844
559,CE54FF437FFC,a topic of personal interest,1338,"Standardized testing is a flawed assessment method. It fails to account for individual learning styles and test-taking anxieties, leading to inaccurate measures of intelligence. Creative problem-solving and critical thinking are underemphasized, while rote memorization is overvalued. Alternative evaluations, such as project-based assessments, can provide a more comprehensive understanding of a student's abilities, making education more inclusive and effective.",464
560,84CE7281265F,a topic of personal interest,1924,"The implementation of standardized testing in schools has sparked intense debate. While some argue it's necessary for measuring student progress, I firmly believe it hinders learning and creativity. Standardized tests often focus on rote memorization, rather than critical thinking and problem-solving skills. This narrow approach to education can lead to student disengagement and a lack of motivation. Moreover, it puts undue stress on students, particularly those from low-income backgrounds who may not have the same resources to prepare. By shifting the focus from standardized testing to more comprehensive assessments, we can foster a more inclusive and effective education system that values individuality and creativity.",729
561,6E248B1F33B0,the value of education,1752,"Education is the backbone of society, and its value cannot be overstated. It not only imparts knowledge and skills, but also fosters critical thinking, creativity, and problem-solving. A well-educated population is better equipped to drive innovation, economic growth, and social progress. Moreover, education has a direct impact on individual prosperity, with studies showing that educated individuals earn higher salaries and have lower unemployment rates. Despite this, many argue that education is too expensive or inaccessible. However, investment in education yields long-term benefits, including reduced poverty and crime rates. Therefore, it is imperative that we prioritize education, making it accessible and affordable for all, to reap its numerous rewards and create a brighter future. Education is a fundamental right, and its value lies in empowering individuals and societies to reach their full potential.",921
562,D49547B9FCB3,the value of education,1010,"Education is invaluable, as it fosters critical thinking, problem-solving, and self-reliance. It breaks social and economic barriers, enabling individuals to pursue their passions and contribute to society. Despite its costs, education yields long-term benefits, including increased earning potential and better health outcomes, ultimately leading to a more enlightened and prosperous world.",391
563,5AEAF1C7B87C,the importance of having a positive attitude,1644,"Having a positive attitude is crucial for success. It enables individuals to tackle challenges with confidence and perseverance, leading to better outcomes. A positive mindset also fosters resilience, helping people bounce back from setbacks. Additionally, it promotes healthier relationships and overall well-being. By adopting a positive attitude, individuals can unlock their full potential, leading to a more fulfilling life.",429
564,D7EC70BFCAB6,a topic of personal interest,4139,"The implementation of universal basic income (UBI) has been a topic of debate in recent years. As someone who is passionate about social welfare, I firmly believe that UBI is a necessary step towards creating a more equitable society. The concept of UBI involves providing every citizen with a regular, unconditional sum of money from the government to cover their basic needs. This would not only alleviate poverty but also give people the financial security to pursue their passions and interests.

One of the primary arguments against UBI is that it would be too expensive to implement and would require significant tax increases. However, I would counter that the benefits of UBI far outweigh the costs. For instance, UBI would reduce the administrative burden of existing welfare programs, which are often complex and inefficient. Additionally, UBI would stimulate local economies, as people would have more disposable income to spend on goods and services. 

Moreover, UBI would have a positive impact on mental and physical health. The financial stress and anxiety that come with living paycheck to paycheck would be greatly alleviated, allowing people to focus on their well-being and happiness. It would also give people the freedom to pursue careers that are fulfilling, rather than just taking any job for the sake of a paycheck. 

In conclusion, while there are valid concerns about the implementation of UBI, I firmly believe that the benefits far outweigh the costs. It has the potential to revolutionize the way we think about work and welfare, and could be a key step towards creating a more just and equitable society. By providing every citizen with a basic level of economic security, we can unlock human potential and create a brighter future for all.",1771
565,73D69658CF95,the value of education,3098,"The value of education is often understated in today's society. Many believe that education is only a means to a successful career, but it is so much more than that. Education not only provides individuals with the skills and knowledge to excel in their chosen profession, but it also fosters critical thinking, creativity, and problem-solving skills. 

Furthermore, education has been shown to have a positive impact on society as a whole. Educated individuals are more likely to engage in their community, participate in the democratic process, and make informed decisions about their health and wellbeing. They are also more likely to earn higher salaries, reducing the likelihood of poverty and financial strain.

Despite these benefits, many argue that the cost of education outweighs its value. They claim that student loan debt is too high and that many graduates are left without jobs. However, this is a narrow-minded view that fails to consider the long-term benefits of education. While it is true that the cost of education can be high, the benefits far outweigh the costs. 

In conclusion, the value of education cannot be overstated. It provides individuals with the skills and knowledge to succeed, while also promoting critical thinking, creativity, and civic engagement. It is essential that we continue to prioritize education and work to make it more accessible and affordable for all. By doing so, we can create a more informed, productive, and prosperous society.",1484
566,CD9AF89E5CA1,the value of education,2690,"The value of education is often debated, but it remains a vital component of personal and societal growth. Education not only enhances individual knowledge and skills but also fosters critical thinking, creativity, and problem-solving abilities. It breaks the cycle of poverty by providing better job opportunities, higher salaries, and improved living standards. Furthermore, educated individuals are more likely to contribute to their communities, participate in the democratic process, and make informed decisions. However, some argue that the rising cost of education outweighs its benefits, leading to student debt and limited job prospects. Despite this, the long-term benefits of education, including increased economic mobility and social mobility, outweigh the short-term costs. Ultimately, investing in education is essential for creating a more informed, productive, and prosperous society.",901
567,D9FB5E411A4F,a topic of personal interest,1198,"Standardized testing is a misguided approach to education. It creates undue stress, stifles creativity, and fails to account for individual learning styles. By prioritizing test scores, we overlook the importance of critical thinking, problem-solving, and emotional intelligence. This narrow focus can lead to a lack of preparedness for real-world challenges, ultimately undermining the purpose of education itself.",415
568,558C7F83201B,the value of education,955,"Education is invaluable as it empowers individuals with knowledge and skills, breaking socio-economic barriers. It fosters critical thinking, creativity, and problem-solving abilities, driving innovation and progress. By investing in education, we cultivate a more informed, adaptable, and productive workforce, ultimately strengthening economies and societies.",361
569,A0D47C0DD67F,a topic of personal interest,3226,"The implementation of universal basic income (UBI) has been a topic of interest in recent years. As automation replaces jobs, UBI could be the solution to ensuring everyone's basic needs are met. Implementing UBI would alleviate poverty and provide financial security, allowing people to pursue their passions and interests. It would also reduce inequality by providing a safety net for the most vulnerable members of society. However, opponents argue that UBI would be too expensive and discourage people from working. I disagree, as UBI would actually create a more productive and creative society. By providing a basic income, people would be free to take risks and start their own businesses, leading to innovation and economic growth. Additionally, UBI would simplify welfare systems and reduce bureaucracy. Overall, the benefits of UBI far outweigh the costs, and it is an essential step towards creating a more equitable and prosperous society.",951
570,1F4961D46D29,a topic of personal interest,5453,"As technology advances, the debate surrounding the implementation of a four-day workweek has gained significant attention. Implementing a four-day workweek can have numerous benefits, including increased productivity, improved work-life balance, and reduced burnout. 

One of the primary advantages of a four-day workweek is the potential for increased productivity. With a shorter workweek, employees are more focused and motivated during their working hours, resulting in higher quality work. A study by Henley Business School found that 61% of businesses that implemented a four-day workweek saw an increase in productivity.

Another significant benefit of a four-day workweek is the improvement in work-life balance. With an extra day off, employees can take care of personal errands, spend time with family and friends, and engage in hobbies, leading to a better overall quality of life. This, in turn, can lead to improved job satisfaction and reduced turnover rates.

Moreover, a four-day workweek can help reduce burnout. Long working hours can lead to physical and mental exhaustion, decreased motivation, and reduced job performance. A shorter workweek can help alleviate these issues, resulting in a healthier and happier workforce.

However, some argue that a four-day workweek may not be suitable for all industries, particularly those that require a 24/7 presence, such as healthcare and customer service. While this is a valid concern, many companies have successfully implemented flexible scheduling to accommodate these needs.

In conclusion, implementing a four-day workweek can have numerous benefits, including increased productivity, improved work-life balance, and reduced burnout. While there may be some challenges to overcome, the advantages of a shorter workweek far outweigh the disadvantages. As we move forward in an increasingly fast-paced and demanding work environment, it is essential to consider the well-being and satisfaction of employees. By adopting a four-day workweek, businesses can reap the rewards of a happier, healthier, and more productive workforce.",2096
571,E73CF852AC12,the importance of having a positive attitude,2746,"Having a positive attitude is crucial in today's fast-paced world. It not only affects our mental health but also our relationships and overall well-being. A positive attitude helps us approach challenges with confidence, allowing us to tackle problems more effectively. It also enables us to build stronger, more meaningful connections with others, as people are naturally drawn to those who exude positivity. Furthermore, a positive attitude can improve our physical health, reducing stress and anxiety. In contrast, a negative attitude can lead to a downward spiral of pessimism, making it more difficult to achieve our goals. Therefore, cultivating a positive mindset is essential for personal growth and success. By adopting a positive attitude, we can unlock our full potential, leading to a more fulfilling and happier life. It's time to prioritize positivity and reap its countless benefits.",899
572,69241D10E69A,the value of education,2246,"The value of education is often debated, but its importance cannot be overstated. Education provides individuals with the skills, knowledge, and critical thinking necessary to succeed in life. It opens doors to better job opportunities, higher salaries, and improved socioeconomic status. Moreover, education fosters personal growth, independence, and a sense of self-worth. It enables individuals to make informed decisions, think critically, and participate in their communities. While some argue that education is too expensive or that vocational training is sufficient, the benefits of education far outweigh the costs. In fact, studies have shown that educated individuals are more likely to be employed, have better health outcomes, and contribute positively to society. Therefore, investing in education is essential for individuals, communities, and society as a whole. By prioritizing education, we can create a more informed, productive, and prosperous population. Ultimately, education is the key to unlocking human potential and achieving a brighter future.",1069
573,363295DC545F,a topic of personal interest,1657,"Standardized testing is a widely debated topic in the education system. While some argue that it provides an objective measure of student knowledge, I firmly believe that it has a detrimental impact on students' learning experience. The high-stakes testing environment creates undue stress, stifling creativity and critical thinking. It also fails to account for individual differences in learning styles and abilities, often labeling students as ""failures"" based on a single score. This can lead to a narrow curriculum focus, where teachers prioritize test preparation over comprehensive education. Ultimately, it is essential to reevaluate the role of standardized testing in education, prioritizing a more holistic approach to student assessment and fostering a love of learning.",782
574,9C601D9FCB5F,the impact of technology on society,3706,"The impact of technology on society is a highly debated topic. While some argue that technology has brought about numerous benefits, others claim that it has had a detrimental effect. On one hand, technology has improved communication, increased access to information, and enhanced overall efficiency. It has also opened up new avenues for education, employment, and entertainment. However, on the other hand, excessive reliance on technology has led to social isolation, decreased attention span, and a decline in face-to-face interaction. Moreover, the proliferation of social media has been linked to mental health issues, such as anxiety and depression. Furthermore, the automation of jobs has resulted in significant job losses, exacerbating income inequality. Ultimately, it is crucial to strike a balance between harnessing the benefits of technology and mitigating its negative consequences to ensure that it serves to enrich, rather than harm, society. By implementing responsible tech practices and promoting digital literacy, we can maximize the benefits of technology while minimizing its risks.",1107
575,F12C7794CDCB,a topic of personal interest,864,"Climate change is a pressing issue. Human activities, such as burning fossil fuels, contribute significantly to greenhouse gas emissions. Transitioning to renewable energy sources, like solar and wind power, can reduce emissions and mitigate the effects of climate change. Governments and corporations must invest in sustainable energy to protect the planet for future generations.",381
576,4F98619F7A18,the importance of having a positive attitude,2310,"A positive attitude is crucial for achieving success and overall well-being. When individuals maintain a positive outlook, they are more resilient in the face of adversity and better equipped to handle challenges. This mindset fosters a growth mentality, allowing people to learn from failures and capitalize on opportunities. Conversely, a negative attitude can hinder progress and lead to missed chances. By embracing positivity, individuals can cultivate stronger relationships, improve their mental health, and increase productivity. Ultimately, a positive attitude is a choice that can significantly impact one's quality of life, making it essential to prioritize and nurture.",681
577,0B84A2B37B65,a topic of personal interest,1419,"Standardized testing is an outdated method of evaluating students' intelligence. It creates undue stress and favors those who are skilled at taking tests, rather than those with actual knowledge. This leads to an inaccurate representation of a student's abilities and can have a lasting impact on their academic and professional careers. Alternative assessment methods, such as project-based evaluations, can provide a more comprehensive picture of a student's skills and abilities, and should be considered as a replacement for standardized testing.",550
578,A4CD4307D620,the value of education,2705,"The value of education is a widely debated topic. While some argue that it's a costly investment with uncertain returns, I firmly believe that education is essential for individuals and society. Education empowers people with knowledge, critical thinking, and problem-solving skills, enabling them to make informed decisions and contribute to their communities. It also fosters personal growth, cultural awareness, and social mobility. Moreover, educated individuals are more likely to secure better-paying jobs, leading to economic stability and decreased poverty. Furthermore, education promotes innovation, entrepreneurship, and progress, driving economic growth and development. It's crucial to prioritize education and make it accessible to all, regardless of background or socioeconomic status. By doing so, we can create a more informed, productive, and equitable society. Education is a valuable investment that yields long-term benefits, and its importance cannot be overstated. It's time to recognize the transformative power of education and make it a top priority.",1076
579,DE841BF24A2F,a topic of personal interest,2144,"The implementation of standardized testing has sparked intense debate. Proponents argue it ensures academic accountability, while opponents claim it stifles creativity. I firmly believe that standardized testing is detrimental to students' educational experiences. It creates undue stress, narrows curriculum focus, and fails to account for individual learning styles. By prioritizing test scores, schools neglect essential skills like critical thinking and problem-solving. Moreover, it disproportionately affects disadvantaged students, exacerbating existing educational inequalities. It's time to reconsider our reliance on standardized testing and adopt more holistic, inclusive assessment methods.",702
580,5902D762C891,the value of education,6008,"The value of education is a highly debated topic, with some arguing that it's overemphasized and unnecessary. However, I firmly believe that education is invaluable and essential for personal and societal growth. Not only does it provide individuals with knowledge and skills, but it also fosters critical thinking, creativity, and problem-solving abilities.

Education empowers people to make informed decisions, think critically, and navigate the complexities of the world. It enables them to become active participants in their communities, contributing to the betterment of society. Moreover, education has a direct impact on economic growth, as educated individuals are more likely to secure better-paying jobs, leading to increased productivity and innovation.

Those who argue that education is overvalued often cite the examples of successful individuals who have achieved success without formal education. However, these cases are exceptions rather than the rule. For every successful dropout, there are countless others who have benefited greatly from their educational experiences.

Furthermore, education is not just about securing a job or earning a salary; it's about personal enrichment and fulfillment. It allows individuals to explore their passions, develop new skills, and cultivate a deeper understanding of the world around them. Education also helps to bridge social and economic gaps, providing opportunities for marginalized communities to break the cycle of poverty.

In conclusion, the value of education cannot be overstated. It's a vital component of personal and societal growth, empowering individuals to become active, informed, and productive members of society. Rather than downplaying its importance, we should be working to improve access to quality education, ensuring that everyone has the opportunity to reap its benefits. By doing so, we can create a more enlightened, innovative, and prosperous world for future generations. Education is not just a necessity, but a fundamental human right that should be cherished and protected.",2069
581,07A4DAFDE5B7,the value of education,5073,"The value of education is a topic of ongoing debate, with some arguing that it is overemphasized and others believing it is the key to a successful future. In my opinion, education is invaluable and essential for individuals, communities, and societies as a whole. 

Education not only provides individuals with knowledge and skills but also broadens their perspectives, fosters critical thinking, and encourages creativity. It empowers people to make informed decisions, think independently, and become active participants in their communities. Furthermore, education has a direct impact on economic growth, as it prepares individuals for the workforce and enables them to contribute to the development of their countries.

Moreover, education has numerous social benefits, including reduced poverty and crime rates, improved health, and increased social mobility. It also promotes tolerance, understanding, and empathy, which are essential for building harmonious and inclusive societies. In addition, education plays a vital role in preserving cultural heritage and promoting cultural diversity.

However, some argue that education is not the only path to success, citing examples of successful individuals who have achieved their goals without formal education. While it is true that some people may be successful without education, these cases are exceptions rather than the rule. For the vast majority of people, education is the key to unlocking their potential and achieving their goals.

In conclusion, the value of education cannot be overstated. It is a vital component of personal, social, and economic development, and its benefits extend far beyond the individual. As such, it is essential that we continue to prioritize education and make it accessible to all, regardless of their background or socioeconomic status. By doing so, we can create a more informed, skilled, and enlightened society, equipped to face the challenges of the 21st century.",1962
582,D2E545CFEBF3,the value of education,1707,"Education is invaluable to individuals and society. It fosters critical thinking, problem-solving, and creativity, enabling people to make informed decisions and contribute to economic growth. Moreover, education promotes social mobility, reduces inequality, and empowers individuals to lead healthier, more fulfilling lives. Critics argue that education is costly and time-consuming, but its long-term benefits far outweigh these drawbacks. In reality, education is a crucial investment in personal and societal development, yielding a significant return in terms of economic prosperity, social cohesion, and individual well-being. By prioritizing education, we can build a more enlightened, equitable, and prosperous world.",725
583,1170D6863F27,the value of education,2447,"The value of education is undeniable, yet some argue it's overemphasized. However, education is essential for personal growth, societal development, and economic prosperity. It empowers individuals with knowledge, critical thinking, and problem-solving skills, enabling them to make informed decisions and adapt to an ever-changing world. Education also fosters social mobility, reducing poverty and inequality by providing access to better job opportunities. Furthermore, educated individuals are more likely to contribute to their communities, promote tolerance, and advocate for social justice. Investing in education yields long-term benefits, including improved health, reduced crime rates, and increased economic growth. Therefore, education is not only a fundamental right but also a vital investment in our collective future. It's essential that we prioritize and support education, ensuring equal access to quality learning opportunities for all. By doing so, we can create a more enlightened, equitable, and prosperous society.",1037
584,D6930DD4EDD0,the value of education,1293,"Education is the cornerstone of societal progress. It fosters critical thinking, empowers individuals, and bridges economic gaps. Investing in education yields substantial returns, as educated citizens contribute to the workforce, drive innovation, and make informed decisions. Critics argue that education is costly, but the long-term benefits far outweigh the initial investment. In reality, education is not a luxury, but a necessity for a prosperous future. By prioritizing education, we can break cycles of poverty and create a more equitable society. Ultimately, education is the key to unlocking human potential and securing a brighter future for generations to come.",674
585,992DB55B9726,a topic of personal interest,3067,"The implementation of veganism is a highly debated topic, with some arguing it's an extreme diet, while others claim it's the key to a sustainable future. As someone who's passionate about animal welfare and the environment, I strongly believe that adopting a vegan lifestyle is essential for the well-being of our planet. Animal agriculture is a leading cause of greenhouse gas emissions, deforestation, and water pollution, making it a significant contributor to climate change. 

Furthermore, factory farming, which accounts for the majority of animal products consumed, is a highly inhumane practice that prioritizes efficiency and profit over animal welfare. By choosing vegan options, we can significantly reduce the demand for animal products and promote more sustainable and compassionate farming practices. 

While some argue that a vegan diet is restrictive and lacks essential nutrients, I counter that with proper planning, a well-balanced vegan diet can provide all the necessary nutrients for optimal health. In fact, studies have shown that a vegan diet can reduce the risk of chronic diseases, such as heart disease and diabetes. 

In conclusion, adopting a vegan lifestyle is not only a moral imperative, but also a necessary step towards creating a more sustainable and environmentally conscious world. We must recognize the impact of our food choices and take responsibility for promoting a more compassionate and eco-friendly food system. By choosing vegan, we can make a difference and create a better future for all.",1538
586,F51C77EFF5D8,a topic of personal interest,2660,"Standardized testing is a contentious issue in modern education. While some argue that it provides a fair and objective measure of student performance, I firmly believe that it hinders creativity and critical thinking. The rigid, multiple-choice format of these tests forces students to memorize and regurgitate information, rather than encouraging innovative thought and problem-solving. This not only leads to a narrow and shallow understanding of academic subjects but also stifles the development of essential skills like analysis and creativity. Furthermore, standardized tests can be culturally biased, putting certain students at a disadvantage. By abandoning these tests, educators can foster a more inclusive and engaging learning environment that values individuality and creativity.",793
587,72A69C1B34A8,a topic of personal interest,1557,"Should college education be free. Many argue it's a financial burden on taxpayers, but I believe it's essential for societal progress. Free college would increase accessibility, leading to a more educated and skilled workforce, ultimately boosting economic growth. It would also reduce student debt, allowing graduates to pursue careers without financial constraints. Additionally, countries like Germany and Sweden have successfully implemented free college, demonstrating its feasibility. By investing in education, we invest in our future, creating a more equitable and prosperous society.",592
588,F9072F36ECE7,a topic of personal interest,2875,"The shift towards online learning has sparked intense debate. While some argue it's convenient, I firmly believe traditional classroom settings are indispensable. Human interaction, a crucial aspect of learning, is lost in virtual environments. Face-to-face discussions and non-verbal cues, essential for effective communication, are absent online. Moreover, traditional classrooms provide structure and accountability, helping students stay motivated. The lack of personal interaction with instructors also hinders students' ability to ask questions and receive immediate feedback. In conclusion, the benefits of traditional classrooms, including socialization and hands-on learning, outweigh the convenience of online learning.",729
589,5D693DD9978D,the value of education,3386,"Education is often regarded as the key to unlocking individual and societal potential. Despite its importance, some argue that the value of education is overstated. However, I firmly believe that education is invaluable. It not only enhances cognitive abilities but also fosters critical thinking, creativity, and problem-solving skills. Educated individuals are better equipped to navigate the complexities of the modern world, making informed decisions that benefit themselves and their communities. Furthermore, education has a direct correlation with improved economic outcomes, as it increases one's chances of securing better job opportunities and higher salaries. Additionally, education promotes social mobility, reduces poverty, and cultivates a more informed and engaged citizenry. In conclusion, the value of education cannot be overstated, and it is essential that we continue to prioritize and invest in educational initiatives to ensure a brighter future for all. By doing so, we can empower individuals, drive economic growth, and create a more just and equitable society.",1087
590,7726A1F9C660,a topic of personal interest,4288,"The implementation of universal basic income (UBI) has been a topic of interest for many years. I firmly believe that UBI is essential for reducing poverty and inequality. By providing every citizen with a guaranteed minimum income, UBI ensures that everyone's basic needs are met, regardless of their employment status. This, in turn, allows people to pursue their passions and interests without fear of financial instability.

Additionally, UBI has been shown to have numerous benefits, including improved health and wellbeing, increased entrepreneurship, and reduced crime rates. It also simplifies welfare systems, reducing bureaucracy and administrative costs. While some argue that UBI is too expensive or impractical, I argue that the benefits far outweigh the costs. In fact, many countries have successfully implemented UBI pilots, demonstrating its feasibility and effectiveness.

Moreover, with the rise of automation and artificial intelligence, UBI is becoming increasingly necessary. As machines replace human workers, UBI will provide a vital safety net for those who lose their jobs. It will also give people the freedom to retrain and adapt to new industries, rather than being forced into low-paying or unfulfilling work.

In conclusion, UBI is a vital policy that can help reduce poverty and inequality, while promoting economic growth and stability. While there may be challenges to implementing UBI, I believe that the benefits make it an essential investment in our collective future. By providing a basic income guarantee, we can create a more just and equitable society, where everyone has the opportunity to thrive.",1640
591,B744CD534ADB,the value of education,2997,"Education is the key to unlocking individual and societal potential. Critics argue that the value of education has diminished with the rise of online learning and automation. However, this perspective overlooks the numerous benefits that education provides. Education not only imparts knowledge and skills but also fosters critical thinking, creativity, and problem-solving abilities. It enables individuals to make informed decisions, adapt to changing circumstances, and contribute to their communities. Moreover, educated individuals are more likely to be employable, earn higher salaries, and enjoy better health and well-being. Investing in education is crucial for economic growth, social mobility, and personal development. By valuing education, we can create a more informed, innovative, and prosperous society.",819
592,3C2AFBFEDA6B,the value of education,1470,"Education is invaluable, providing individuals with the skills and knowledge necessary for success. It fosters critical thinking, creativity, and problem-solving, enabling people to adapt to an ever-changing world. Despite its costs, education yields long-term benefits, such as increased earnings and social mobility. By investing in education, we invest in our future, empowering individuals to make informed decisions and drive positive change.",447
593,C02F3803D0D1,a topic of personal interest,1560,"Standardized testing is a major issue in education. These tests are often high-stakes, meaning they determine a student's academic future. However, they are not an accurate measure of intelligence or capability. Many students are strong thinkers, but poor test-takers. Standardized tests also create immense pressure, leading to stress and anxiety. Furthermore, they stifle creativity and critical thinking, as they only value rote memorization. We should move away from these tests and towards more holistic evaluations, allowing students to showcase their unique skills and abilities.",586
594,39776B3A4C70,the value of education,1553,"Education is invaluable, as it empowers individuals and fosters personal growth. It enhances critical thinking, problem-solving, and communication skills, leading to better career prospects. Furthermore, education promotes social mobility, bridging the gap between socioeconomic classes. By investing in education, we invest in our future, driving innovation and economic progress. It is our responsibility to prioritize education, ensuring access to quality learning opportunities for all.",490
595,3E4B70F8555C,a topic of personal interest,1504,"The implementation of veganism is a crucial step towards a sustainable future. Animal agriculture is a leading cause of greenhouse gas emissions and deforestation. A well-planned vegan diet can reduce an individual's carbon footprint by up to 50%. Additionally, veganism promotes animal welfare and conserves water. Many argue that veganism is expensive, but with proper planning, it can be affordable. By adopting a vegan lifestyle, we can significantly mitigate climate change and promote a healthier environment. It's essential to make conscious food choices to ensure a sustainable future for generations to come.",617
596,188FE8830590,the value of education,1734,"The value of education is often underestimated, but it is the key to unlocking individual and societal potential. Education provides knowledge, critical thinking, and problem-solving skills, enabling individuals to make informed decisions and contribute to their communities. It also promotes social mobility, reduces poverty, and fosters a more informed and engaged citizenry. Critics argue that education is not a guarantee of success, but this overlooks the numerous benefits it provides. Education empowers individuals to adapt to changing circumstances and make a positive impact in the world. It is essential for personal growth, economic development, and a more just and equitable society.",696
597,7B2B2910BB90,the importance of friendship and relationships,1972,"The importance of friendship and relationships cannot be overstated. In today's fast-paced, technology-driven world, it's easy to get caught up in social media and neglect the people who truly matter. However, research has shown that having strong, meaningful relationships can have a significant impact on both our physical and mental health. Friendships can provide emotional support, a sense of belonging, and a network of people who can offer help and guidance when needed. They can also foster personal growth, increase self-esteem, and provide opportunities for new experiences and learning. Furthermore, studies have shown that people with strong social connections tend to live longer, have lower blood pressure, and a reduced risk of depression and anxiety. In contrast, those who are isolated or lonely are more likely to experience decreased mental and physical health. Therefore, it's essential to prioritize friendships and relationships, making time for the people who bring joy and value to our lives. By doing so, we can build a strong support system, improve our overall well-being, and lead happier, healthier lives. Ultimately, investing in friendships and relationships is crucial for our emotional and physical well-being, and it's an investment that will pay dividends for years to come.",1309
598,7AC5AC48813D,the value of education,1599,"Education is invaluable, providing individuals with knowledge, critical thinking, and problem-solving skills. It breaks social and economic barriers, fostering personal growth and development. While some argue that practical experience is more important, education lays the foundation for a successful career and a better life. It enhances cognitive abilities, promotes social mobility, and enriches one's understanding of the world. By investing in education, we invest in our future, creating a more informed, empathetic, and prosperous society. Ultimately, education is the key to unlocking human potential and driving positive change.",638
599,3E7DE9C1C160,the value of education,4430,"The value of education is often debated in today's society. While some argue that formal education is unnecessary, I firmly believe that it is essential for personal and societal growth. Education provides individuals with knowledge, critical thinking skills, and problem-solving abilities, enabling them to navigate the complexities of the modern world. It also fosters creativity, innovation, and entrepreneurship, driving economic progress and development.

Education empowers people to make informed decisions, think critically, and challenge societal norms. It promotes social mobility, reduces poverty and inequality, and enhances overall well-being. Moreover, educated individuals are more likely to contribute to their communities, participate in the democratic process, and engage in lifelong learning. Conversely, a lack of education can lead to unemployment, poverty, and social exclusion.

In addition, education has numerous long-term benefits, including improved health outcomes, increased civic engagement, and environmental awareness. It also promotes cultural understanding, tolerance, and global citizenship. In conclusion, education is a vital component of a prosperous and equitable society. Investing in education is crucial for individual and collective success, and its value should not be underestimated. By prioritizing education, we can create a brighter future for ourselves and future generations.",1425
600,E12401B92C3B,a topic of personal interest,3361,"The implementation of standardized testing in schools has been a subject of controversy for years. I firmly believe that these tests are detrimental to students' educational experience. Not only do they create undue stress, but they also stifle creativity and critical thinking. By forcing students to conform to a specific format, we are limiting their ability to think outside the box and approach problems from unique angles. This can have long-term consequences, as it can hinder their ability to adapt to real-world situations. Furthermore, standardized tests often favor rote memorization over actual understanding, leading to a shallow grasp of the subject matter. As a result, students may struggle to apply their knowledge in practical scenarios. It is time for us to rethink our approach to education and move away from standardized testing. By doing so, we can foster a more well-rounded and innovative generation of thinkers.",937
601,78DD2317E359,what it takes to achieve success,2904,"Achieving success is often attributed to luck, talent, or circumstance. However, I firmly believe that success is a result of dedication, hard work, and perseverance. While some may argue that natural ability or being in the right place at the right time plays a significant role, I contend that it is the relentless effort and unwavering commitment to one's goals that ultimately leads to success. Thomas Edison's famous quote, ""Genius is 1% inspiration and 99% perspiration,"" exemplifies this notion. By putting in the time and effort to develop skills and overcome obstacles, individuals can overcome any disadvantage and achieve their objectives. Furthermore, the development of a growth mindset and resilience allows individuals to learn from failures and adapt to new challenges. In conclusion, success is not solely dependent on factors outside of one's control, but rather the result of a concerted effort to strive for excellence.",939
602,FA0619D6A0DF,a topic of personal interest,2344,"The benefits of vegetarianism are often overlooked. A plant-based diet reduces greenhouse gas emissions and supports animal welfare. Meat production contributes to deforestation and pollution, whereas vegetarianism promotes sustainable agriculture. Additionally, a well-planned vegetarian diet can provide essential nutrients, reducing the risk of chronic diseases. By adopting vegetarianism, individuals can significantly impact the environment and their health. It's time to reconsider our food choices and prioritize a more sustainable and compassionate lifestyle.",567
603,BF56324B3A86,a topic of personal interest,5981,"The implementation of universal basic income (UBI) has been a topic of interest in recent years. Many argue that it is a utopian dream, while others believe it is a necessary step towards a more equitable society. I firmly believe that UBI is a vital policy that should be implemented globally. Firstly, UBI would provide a safety net for the most vulnerable members of society, ensuring that everyone's basic needs are met. This would lead to a significant reduction in poverty and income inequality. Additionally, UBI would give people the financial security to pursue their passions and interests, rather than just taking any job for the sake of a paycheck. This would lead to a more creative and innovative society, as people would be free to explore their potential without the burden of financial stress. Furthermore, UBI would simplify the welfare system, consolidating multiple benefits into one unconditional payment. This would reduce bureaucracy and administrative costs, making it more efficient and cost-effective. However, some argue that UBI is too expensive and would be a strain on the economy. I counter that the benefits of UBI far outweigh the costs. Implementing UBI would require a radical rethink of our tax system and social welfare policies, but the outcomes would be well worth it. It would create a more just and equitable society, where everyone has the opportunity to thrive. In conclusion, UBI is not just a pipe dream, but a necessary step towards creating a more compassionate and prosperous world. It would provide a foundation for people to build upon, allowing them to reach their full potential and contribute to society in meaningful ways. As we move forward, it is essential that we consider the implementation of UBI, and work towards creating a world where everyone has the opportunity to succeed. With the rise of automation and artificial intelligence, UBI could be the key to mitigating the negative consequences of technological advancements. By providing a basic income guarantee, we can ensure that everyone has access to the resources they need to adapt and thrive in a rapidly changing world. Ultimately, the implementation of UBI would be a bold step towards creating a more just and equitable society, and it is an idea that is well worth exploring.",2299
604,C24F3DD7A37E,the importance of having a positive attitude,3073,"Having a positive attitude is crucial in today's fast-paced world. It not only affects our mental health but also our relationships and overall well-being. A positive attitude helps us to stay motivated, focused, and resilient in the face of challenges. It enables us to approach problems with a calm and level head, rather than becoming overwhelmed and stressed. 

Moreover, a positive attitude is contagious and can have a profound impact on those around us. When we exude positivity, we create a ripple effect that can uplift and inspire others. This, in turn, can lead to stronger, more meaningful relationships and a more supportive community. 

On the other hand, a negative attitude can have severe consequences, including increased stress, anxiety, and depression. It can also lead to strained relationships and a decreased sense of overall happiness. 

Therefore, cultivating a positive attitude is essential for living a happy, healthy, and fulfilling life. By choosing to focus on the good, practicing gratitude, and surrounding ourselves with positive influences, we can develop a resilient and optimistic mindset that will serve us well in all aspects of life.",1173
605,985A32A20F03,the value of education,1282,"Education is essential for individuals and society. It fosters critical thinking, problem-solving, and innovation. Educated individuals are more likely to secure better jobs, contributing to economic growth. Moreover, education promotes social mobility, reduces poverty, and enhances civic engagement. It is a fundamental right, not a privilege. Investing in education yields long-term benefits, making it a vital component of a prosperous and equitable society.",462
606,C70AEFA3CD16,a topic of personal interest,3529,"The implementation of standardized testing in schools has been a topic of debate for years. As someone who has experienced the pressures of these tests firsthand, I firmly believe that they do more harm than good. Not only do they create unnecessary stress and anxiety for students, but they also fail to accurately measure intelligence or potential. Standardized tests only assess a narrow range of skills, ignoring Important aspects of learning such as creativity and critical thinking. Furthermore, the emphasis on these tests leads to a teaching style that prioritizes rote memorization over understanding and application. This results in a lack of depth and engagement in the learning process, ultimately producing students who are unprepared for real-world challenges. Instead of relying on standardized tests, schools should focus on fostering a love of learning and promoting individualized education. By doing so, we can create a more well-rounded and equipped generation of students.",993
607,CEC6870D564F,the value of education,1220,"Education is invaluable, empowering individuals with knowledge, critical thinking, and problem-solving skills. It fosters personal growth, social mobility, and economic prosperity. Without education, societies stagnate, and individuals are hindered from reaching their full potential. Therefore, investing in education is crucial for a brighter, more enlightened future.",370
608,E7328989C861,the value of education,1127,"Education is invaluable, as it empowers individuals and society. It fosters critical thinking, problem-solving, and innovation, driving economic growth. Without education, individuals are limited in their career prospects and social mobility. Governments should prioritize education, investing in quality schools and programs to ensure a brighter future for all.",362
609,A6BE0FAFA04B,the importance of having a positive attitude,1685,"A positive attitude is crucial for achieving success and happiness. By adopting an optimistic mindset, individuals can overcome obstacles, build stronger relationships, and improve their mental and physical well-being. A positive attitude fosters resilience, helping people bounce back from setbacks and failures. It also promotes creativity, productivity, and better decision-making. Furthermore, a positive attitude can inspire others, creating a ripple effect of kindness and compassion. In contrast, a negative attitude can lead to stagnation, isolation, and poor health outcomes. Therefore, cultivating a positive attitude is essential for living a fulfilling and meaningful life, and it should be a top priority for individuals seeking to reach their full potential.",772
610,AA2191D8D24E,the importance of having a positive attitude,2565,"Having a positive attitude is essential for a happy and successful life. A positive attitude helps individuals overcome challenges and obstacles, fostering resilience and perseverance. It also promotes better relationships, as a positive demeanor is often infectious and can bring people together. Furthermore, a positive attitude has been linked to improved physical and mental health, including lower stress levels and a stronger immune system. On the other hand, a negative attitude can lead to a vicious cycle of pessimism and unhappiness. Therefore, cultivating a positive attitude is crucial for achieving personal and professional goals, and for overall well-being. By adopting a positive mindset, individuals can unlock their full potential, leading to a more fulfilling life.",784
611,C25E3A9AA408,a topic of personal interest,1784,"Standardized testing is a contentious issue. I argue that it's detrimental to students' academic experiences. The high-stakes environment created by these tests can lead to significant stress and anxiety, negatively impacting mental health. Moreover, they fail to account for individual learning styles and abilities, often penalizing creative thinkers. By focusing on rote memorization, we're neglecting essential skills like critical thinking and problem-solving. Ultimately, this approach stifles innovation and hinders students' ability to reach their full potential. We should prioritize a more holistic approach to education, one that values diverse perspectives and fosters a love of learning.",700
612,DD00E48BC258,what it takes to achieve success,2254,"Achieving success requires a multifaceted approach. While some argue that innate talent is the key, others claim that hard work and dedication are the primary drivers. However, it is the combination of both that truly leads to success. Talent provides a foundation, but without effort and persistence, it will go untapped. Conversely, hard work without natural ability can only take one so far. Additionally, a supportive environment, strong mentorship, and a willingness to learn from failure are also crucial. Ultimately, success is not solely the result of one factor, but rather the culmination of various elements working in harmony. By acknowledging and cultivating these diverse components, individuals can unlock their full potential and achieve greatness.",764
613,C444D6A0AC1C,the value of education,3110,"The value of education is often debated, but its importance cannot be overstated. Education provides individuals with the skills and knowledge necessary to succeed in their chosen careers and make informed decisions. It also fosters critical thinking, creativity, and problem-solving abilities. Moreover, education promotes social mobility, reduces poverty, and increases economic growth. Despite these benefits, some argue that education is not essential, citing examples of successful individuals who dropped out of school. However, these cases are exceptions rather than the rule. In reality, the majority of successful people have a strong educational background. Furthermore, education is not just about personal gain; it also benefits society as a whole. An educated population is more likely to participate in civic activities, vote, and contribute to the community. In conclusion, education is invaluable, and its benefits far outweigh any perceived drawbacks. It is essential for personal and societal development, and its importance should not be underestimated.",1072
614,2A6F8A794455,the importance of friendship and relationships,1699,"Friendship and relationships are essential to human existence. They provide emotional support, a sense of belonging, and improve mental health. In a world where technology often isolates us, human connections are more crucial than ever. Friendships foster empathy, trust, and personal growth, allowing us to navigate life's challenges. They also promote happiness and overall well-being. Without these relationships, we risk feeling lonely and disconnected. Therefore, nurturing friendships and relationships should be a priority in our lives, as they bring value, joy, and fulfillment, making life more meaningful and worth living.",632
615,5ADD410B9783,what it takes to achieve success,2646,"Achieving success is often perceived as an elusive goal, with many believing it relies solely on luck or innate talent. However, this notion is far from accurate. Success is a culmination of hard work, dedication, and perseverance. It requires an individual to set clear, achievable goals and develop a growth mindset, allowing them to learn from failures and adapt to new challenges. A strong support system, whether it be family, friends, or mentors, also plays a crucial role in fostering motivation and providing valuable guidance. Furthermore, resilience and adaptability are essential in navigating obstacles and staying focused on one's objectives. While natural ability and opportunities can certainly provide an advantage, they are by no means the sole determining factors of success. Ultimately, it is the culmination of persistence, self-discipline, and a willingness to learn that enables individuals to overcome adversity and achieve their goals.",959
616,3E6C6F1FE64D,the value of education,2606,"The value of education is often underestimated, but it is the foundation upon which individuals, communities, and societies are built. Education provides individuals with the knowledge, skills, and critical thinking necessary to succeed in their chosen careers and navigate the complexities of the modern world. It also fosters personal growth, independence, and social mobility. Moreover, education has a positive impact on health, crime rates, and economic growth. Despite these benefits, some argue that education is not essential, citing examples of successful individuals who have achieved success without formal education. However, these cases are exceptions rather than the rule. In reality, education is the key to unlocking human potential and driving progress. By investing in education, we can create a more informed, innovative, and prosperous society. Therefore, it is imperative that we prioritize education and recognize its inherent value in shaping a better future for all.",990
617,B49D86AC2062,what it takes to achieve success,1373,"Achieving success requires dedication and persistence. Many believe innate talent is the key, but I argue it's hard work and resilience. Successful individuals put in countless hours of practice, overcoming obstacles and learning from failures. Talent may provide a foundation, but it's the driven who ultimately reach their goals. With unwavering passion and unrelenting effort, anyone can achieve success, regardless of natural ability.",438
618,51DD6A82BD9D,the value of education,1002,"Education is invaluable, providing individuals with knowledge and skills to succeed. It fosters critical thinking, problem-solving, and adaptability, essential in today's fast-paced world. An educated population contributes to economic growth, innovation, and social progress. Investing in education yields long-term benefits, including improved healthcare, reduced poverty, and increased civic engagement.",406
619,EAE71A9E0247,a topic of personal interest,1506,"The implementation of a universal basic income (UBI) is a highly debated topic. I firmly believe that UBI is essential for a more equitable society. With automation replacing jobs, UBI would provide a safety net for individuals. It would also alleviate poverty, allowing people to pursue meaningful work. Additionally, UBI would simplify welfare systems and reduce bureaucracy. Furthermore, it would promote creativity and entrepreneurship. However, some argue that UBI is too costly and inefficient. I counter that the benefits outweigh the costs, and that UBI is a necessary step towards a more just society. By providing a basic income, we can ensure that everyone has access to basic needs, regardless of employment status. This would lead to a more stable and prosperous community. Ultimately, UBI is a moral imperative that we must consider to create a better future.",873
620,BF267B42A2A4,a topic of personal interest,2548,"The implementation of a universal basic income (UBI) has garnered significant attention in recent years. Proponents argue that UBI would alleviate poverty, promote economic security, and provide a safety net for vulnerable populations. Conversely, critics contend that UBI would be too costly and inefficient, potentially discouraging work and innovation. I firmly believe that UBI is a necessary step towards creating a more equitable society. By providing every citizen with a guaranteed minimum income, individuals would be empowered to pursue meaningful work, rather than solely focusing on financial survival. This, in turn, would foster creativity, entrepreneurship, and community engagement. Furthermore, UBI would help mitigate the effects of automation and job displacement, ensuring that everyone can adapt to an ever-changing job market. While concerns about cost and efficiency are valid, a well-designed UBI system, funded through a combination of redistribution and progressive taxation, could effectively address these issues. Ultimately, UBI has the potential to revolutionize our social and economic systems, promoting a more just and prosperous society for all.",1179
621,395189B8B76B,the value of education,1496,"Education is invaluable, enabling individuals to acquire knowledge and skills. It fosters critical thinking, problem-solving, and creativity, leading to personal and professional growth. Without education, societies would lack skilled workers, intellectuals, and innovators. Governments should prioritize education, investing in accessible and quality programs to ensure a prosperous future. By doing so, we can bridge socio-economic gaps and unlock human potential, ultimately benefiting society as a whole.",508
622,5574E4DD548A,the value of education,1758,"Education is invaluable, offering numerous benefits to individuals and society. It fosters personal growth, critical thinking, and problem-solving skills. Educated individuals are more likely to secure better job opportunities and contribute to economic development. Furthermore, education promotes social mobility, reduces poverty, and increases civic engagement. It also empowers individuals to make informed decisions and participate in democracy. Despite the costs, the long-term benefits of education far outweigh the financial investment, making it a vital component of a prosperous and enlightened society.",613
623,7797541CF0A6,a topic of personal interest,4741,"The implementation of a universal basic income (UBI) has been a topic of interest in recent years, with many advocating for its adoption as a means to alleviate poverty and reduce income inequality. As someone who has witnessed firsthand the struggles of living paycheck to paycheck, I firmly believe that UBI is a necessary step towards creating a more equitable society. 

One of the primary arguments against UBI is that it would be too costly to implement and maintain. However, I argue that the benefits of UBI far outweigh the costs. By providing a safety net for all citizens, UBI would reduce the burden on social services, hospitals, and other institutions that cater to the poor and vulnerable. Moreover, UBI would stimulate local economies, as recipients would have more disposable income to spend on goods and services, thus boosting economic growth.

Another argument against UBI is that it would reduce the incentive for people to work. I disagree, as UBI would actually enable people to pursue meaningful work, rather than just taking any job for the sake of a paycheck. With a guaranteed basic income, people would be more likely to start their own businesses, pursue creative endeavors, or take on volunteer work, leading to a more fulfilled and purpose-driven society.

Furthermore, UBI would help to address the issue of automation, which is increasingly replacing human workers with machines. As technology continues to advance, many jobs will become obsolete, leaving millions of people without a source of income. UBI would provide a vital safety net, ensuring that everyone has access to basic necessities, regardless of their employment status.

In conclusion, the implementation of a universal basic income is not only a moral imperative, but also a sound economic strategy. It would reduce poverty and income inequality, stimulate local economies, and provide a safety net for those affected by automation. While there may be challenges to implementing UBI, I firmly believe that the benefits far outweigh the costs, and that it is a necessary step towards creating a more just and equitable society.",2126
624,9760A1CB4336,a topic of personal interest,1606,"The implementation of a four-day workweek is essential for a healthier work-life balance. Reducing the workweek by one day can significantly decrease stress and increase productivity, as employees will have more time to recharge. This schedule change can also lead to cost savings for businesses, as they will use less energy and resources. Additionally, it can benefit the environment by reducing the number of commuters on the road. Implementing a four-day workweek can have numerous benefits for employees, businesses, and the environment, making it a vital consideration for the modern workforce.",600
625,78B89BF70AE8,a topic of personal interest,3078,"The implementation of universal basic income (UBI) is a highly debated topic. I firmly believe that UBI should be adopted globally. Firstly, it would eradicate poverty, as every individual would have a guaranteed minimum income. This, in turn, would lead to a reduction in crime rates and improve overall well-being. Secondly, UBI would provide financial security, allowing people to pursue their passions rather than just taking any job for the sake of a paycheck. This would lead to a more creative and innovative society. However, critics argue that UBI would be too expensive to implement and might reduce the incentive to work. Nonetheless, I believe that the benefits of UBI far outweigh the costs, and it is our moral obligation to ensure that every individual has access to a basic level of economic security. By adopting UBI, we can create a more equitable and prosperous society for all.",897
626,F1A5FE43ADD0,a topic of personal interest,2392,"The debate surrounding climate change has sparked intense discussion. As someone passionate about environmental conservation, I firmly believe that human activities are significantly contributing to the issue. The evidence is clear: rising global temperatures, melting ice caps, and extreme weather events are all symptoms of a larger problem. Despite this, some argue that climate change is a natural phenomenon, unrelated to human actions. However, I disagree, citing the overwhelming scientific consensus that human-induced greenhouse gas emissions are the primary cause. The burning of fossil fuels, deforestation, and pollution have all led to a significant increase in carbon dioxide levels, trapping heat and altering our planet's delicate ecosystem. It's essential we take immediate action, transitioning to renewable energy sources and implementing sustainable practices to mitigate the damage. The future of our planet depends on it, and I urge others to join me in this fight against climate change.",1010
627,5AC1AB0965F6,a topic of personal interest,3514,"The implementation of a universal basic income (UBI) has sparked intense debate in recent years. Proponents argue that UBI can alleviate poverty, promote economic security, and reduce inequality. However, critics claim that it is too costly and ineffective. I firmly believe that UBI is essential for a more equitable society. 

Firstly, UBI can provide a safety net for vulnerable populations, such as the elderly and disabled. It can also support low-wage workers and freelancers, who often struggle to make ends meet. Additionally, UBI can foster entrepreneurship and creativity, as people will have the financial security to pursue their passions. 

While some argue that UBI is too expensive, I counter that the benefits outweigh the costs. Implementing UBI can reduce poverty-related expenses, such as healthcare and law enforcement. Furthermore, UBI can boost economic growth, as people will have more disposable income to spend. 

In conclusion, UBI is a necessary step towards creating a more just and equitable society. Its benefits, including poverty alleviation and economic security, far outweigh the costs. I urge policymakers to consider the long-term advantages of UBI and work towards implementing it. By doing so, we can create a brighter future for all.",1272
628,FAA0197AFF57,what it takes to achieve success,1592,"Achieving success requires a combination of hard work, dedication, and perseverance. While some argue that natural talent is the key to success, I firmly believe that it is the effort one puts in that ultimately leads to achievement. Thomas Edison's famous quote, ""Genius is 1% inspiration and 99% perspiration,"" supports this notion. Success is not solely based on innate ability, but rather the result of continuous learning, self-improvement, and persistence in the face of obstacles. By adopting a growth mindset and being willing to learn from failures, individuals can overcome limitations and reach their full potential, making hard work and determination the true drivers of success.",691
629,62E5030D1A59,a topic of personal interest,2916,"Standardized testing is a widely debated topic in the education system. While some argue that it provides a fair assessment of a student's knowledge, I firmly believe that it is a flawed system that does not accurately reflect a student's abilities. The pressure to perform well on these tests can lead to stress and anxiety, ultimately negatively impacting a student's mental health. Furthermore, standardized tests only measure a narrow range of skills, neglecting important aspects such as creativity and critical thinking. This can result in students being taught merely to pass a test, rather than to truly learn and understand the material. Additionally, these tests often favor students from affluent backgrounds, who have access to better resources and test preparation. As a result, students from disadvantaged backgrounds are unfairly disadvantaged. It is time to rethink the role of standardized testing in our education system and consider more holistic approaches to assessment. By doing so, we can promote a more well-rounded and inclusive education that benefits all students.",1091
630,6305A432AB38,the importance of having a positive attitude,2786,"Having a positive attitude is crucial in today's fast-paced world. It not only affects our mental and physical well-being but also influences our relationships and overall success. A positive attitude helps us approach challenges with confidence and resilience, leading to better outcomes. It fosters a growth mindset, allowing us to learn from failures and adapt to new situations. Moreover, a positive attitude is contagious, inspiring those around us to do the same. By choosing to focus on the good, we can lead happier, healthier lives and achieve our goals. In contrast, a negative attitude can lead to stagnation and unhappiness. Therefore, cultivating a positive attitude is essential for personal and professional growth, and it is our responsibility to make a conscious effort to maintain one.",803
631,C41DFE052637,a topic of personal interest,2253,"The shift towards renewable energy is crucial for our planet's future. Climate change is a pressing issue, and continued reliance on fossil fuels exacerbates the problem. In contrast, renewable energy sources like solar and wind power are clean and sustainable. Investing in renewable energy creates jobs and stimulates local economies. Furthermore, the cost of renewable energy is decreasing, making it more competitive with fossil fuels. Governments and corporations must prioritize renewable energy to mitigate climate change and ensure a sustainable future. By transitioning to renewable energy, we can reduce greenhouse gas emissions and create a healthier environment. This transition is not only necessary but also economically viable, making it a crucial step towards a sustainable future.",797
632,FB73ABAB1D14,the value of education,3336,"The value of education is often debated, but its importance cannot be overstated. Education empowers individuals with knowledge, skills, and critical thinking, enabling them to succeed in their careers and personal lives. It fosters social mobility, bridging the gap between different socio-economic classes. Moreover, education promotes civic engagement, tolerance, and understanding, leading to a more informed and compassionate society. Despite the costs, education is a vital investment in human capital, driving economic growth and innovation. Critics argue that education is not a guarantee of success, but it significantly increases one's chances. In conclusion, education is a fundamental right that has numerous benefits for individuals and society as a whole.",769
633,5DEDECE96044,the value of education,2245,"The value of education is often debated, but it is undeniable that it plays a crucial role in shaping individuals and society. Education not only imparts knowledge, but also fosters critical thinking, problem-solving, and creativity. It empowers individuals to make informed decisions, think independently, and contribute to their communities. Moreover, education is linked to better job prospects, higher earning potential, and improved health outcomes. Despite these benefits, some argue that education is not essential for success, citing examples of self-taught individuals. However, these cases are exceptions rather than the norm. In reality, education provides a foundation for personal and professional growth, and its value extends beyond individual benefits to societal and economic development. By investing in education, we can build a more informed, skilled, and productive workforce, ultimately leading to a more prosperous and equitable society. Therefore, education is invaluable, and its significance cannot be overstated.",1039
634,82F9FDBD6F98,the value of education,1989,"The value of education is often underestimated, yet it is the foundation of a successful and prosperous society. Education empowers individuals with knowledge, critical thinking, and problem-solving skills, enabling them to make informed decisions and contribute to their communities. It breaks the cycle of poverty, fosters social mobility, and promotes economic growth. Moreover, education promotes cultural understanding, tolerance, and empathy, crucial in today's globalized world. Despite the financial burden, investing in education yields long-term benefits, including improved health, reduced crime rates, and increased civic engagement. In conclusion, education is invaluable, and its benefits extend far beyond personal gain, making it a vital investment for individuals, communities, and society as a whole. By prioritizing education, we can create a brighter, more equitable future for all.",902
635,B9DABCFD687D,the value of education,2512,"The value of education is often debated, but its significance cannot be overstated. Education empowers individuals, fostering critical thinking, problem-solving, and effective communication. It bridges socio-economic gaps, providing equal opportunities for all. A well-educated population is better equipped to drive economic growth, innovation, and social progress. Despite rising costs, education remains a worthwhile investment. It enhances personal and professional development, leading to increased job satisfaction and higher earning potential. Governments and institutions must prioritize education, ensuring accessible and affordable opportunities for all. By doing so, we can create a more informed, productive, and prosperous society. Education is the key to unlocking human potential, and its value is undeniable.",824
636,7B1B2E8F7E89,the importance of having a positive attitude,1587,"Having a positive attitude is crucial in life. It enables individuals to approach challenges with confidence and resilience. A positive mindset fosters a can-do attitude, leading to increased productivity and better decision-making. It also promotes mental well-being, strengthening one's ability to cope with stress and adversity. Furthermore, a positive attitude is contagious, inspiring others to adopt a similar outlook. In contrast, a negative attitude can be detrimental, hindering personal growth and relationships. By cultivating a positive attitude, individuals can unlock their full potential, achieve their goals, and lead a more fulfilling life.",657
637,722C353F2831,a topic of personal interest,1025,"Standardized testing is unfair and ineffective. It creates undue stress on students, limiting their creativity and critical thinking. Moreover, it fails to account for individual learning styles, leading to inaccurate assessments of intelligence and potential. Alternative methods, such as project-based evaluations, can provide a more comprehensive understanding of a student's abilities.",389
638,1A039B3091BA,the value of education,2366,"The value of education is often debated, but its significance cannot be overstated. Education provides individuals with the knowledge, skills, and critical thinking abilities necessary to navigate the complexities of the modern world. It fosters personal growth, independence, and informed decision-making, enabling individuals to reach their full potential. Moreover, education has far-reaching societal benefits, such as reduced poverty, improved health outcomes, and increased economic productivity. By investing in education, we can break cycles of inequality and create a more just and equitable society. While some may argue that education is costly or time-consuming, the long-term rewards far outweigh the costs. In conclusion, education is a vital component of personal and societal development, and its value should be prioritized and acknowledged.",858
639,B23BDDB4B5FA,a topic of personal interest,1671,"The implementation of universal basic income (UBI) is a highly debated topic. I firmly believe that UBI is essential for a more equitable society. With automation replacing jobs, UBI would provide a safety net for those who lose their employment. It would also alleviate poverty, as every individual would have a guaranteed income. Additionally, UBI would promote entrepreneurship and creativity, as people would have the financial security to pursue their passions. However, some argue that UBI is too expensive and would discourage work. I disagree, as studies have shown that UBI can be funded through a redistribution of existing social welfare funds. Furthermore, UBI would actually increase productivity, as people would be more motivated to work and contribute to society. Overall, implementing UBI would be a crucial step towards creating a more just and prosperous society.",882
640,EA857E7CEFD9,the value of education,2482,"The value of education is often underestimated, but it is a crucial aspect of personal and societal development. Education not only provides individuals with knowledge and skills, but also with critical thinking and problem-solving abilities. It empowers people to make informed decisions, think independently, and become active contributors to their communities. Moreover, educated individuals are more likely to secure better job opportunities, higher salaries, and improved living standards. Governments and institutions should prioritize education, investing in programs that increase accessibility and affordability. By doing so, they can foster a more informed, productive, and prosperous society. Education is key to unlocking human potential, driving innovation, and promoting social mobility. Its value extends beyond personal benefits, as it also has a positive impact on the economy and social cohesion. Therefore, it is essential to recognize the significance of education and strive to make it a universal right, accessible to all.",1044
641,4EB117877F23,a topic of personal interest,2087,"The implementation of universal basic income (UBI) is a topic of great personal interest to me. I firmly believe that UBI is a necessary step towards reducing poverty and income inequality. By providing every citizen with a guaranteed minimum income, UBI ensures that everyone's basic needs are met, regardless of their employment status. This, in turn, can lead to improved mental and physical health, as well as increased economic mobility. Critics argue that UBI is too expensive and may reduce the incentive to work, but I counter that the benefits far outweigh the costs. In fact, studies have shown that UBI can actually stimulate economic growth by putting more money in the pockets of consumers. Furthermore, the rise of automation and AI makes UBI a necessary safety net for workers who may lose their jobs due to technological advancements. Overall, I strongly believe that UBI is a vital investment in the well-being of our citizens and the future of our economy. It's time for governments to take a proactive approach and implement UBI to create a more equitable society.",1083
642,B407B3F81C9F,a topic of personal interest,1618,"The implementation of universal basic income (UBI) is a topic of great interest. UBI involves providing a guaranteed minimum income to all citizens, ensuring everyone's basic needs are met. Proponents argue it simplifies welfare systems and promotes entrepreneurship. Critics claim it's too expensive, but I disagree. Implementing UBI could reduce poverty and inequality, allowing people to pursue meaningful work rather than just any job for a paycheck. It's time to consider UBI as a viable solution to modern societal issues, promoting a more equitable and sustainable future for all.",587
643,E0EBA1995BCB,a topic of personal interest,3441,"The Implementation of Standardized Education Reform: A Necessary Step for the Future. 
Standardized education reform has been a topic of debate for years. I firmly believe that implementing nationwide reform is crucial for the future of our education system. One primary concern is the inconsistent quality of education across different schools and districts. 
Without standardized reform, students from disadvantaged areas are often left behind, lacking access to quality educational resources. Furthermore, standardized testing can provide an accurate measure of student performance, allowing educators to identify areas of improvement. 
This, in turn, enables targeted interventions and more effective allocation of resources. Additionally, a standardized system promotes accountability among educators, encouraging them to strive for excellence in their teaching methods. 
By implementing standardized education reform, we can work towards bridging the educational gap and providing equal opportunities for all students, regardless of their socio-economic background. The benefits of this approach far outweigh any potential drawbacks. We must take a proactive approach to shaping the future of our education system and ensure that all students have the chance to succeed. Standardized education reform is not only necessary, but also long overdue. Our education system's future depends on it.",1397
644,57E8161AEF27,the value of education,2831,"The value of education is often debated, but its importance cannot be overstated. Education is the backbone of society, providing individuals with the knowledge, skills, and critical thinking necessary to succeed. It breaks cycles of poverty, fosters personal growth, and promotes social mobility. Educated individuals are more likely to contribute to their communities, participate in the democratic process, and make informed decisions. They are also more adaptable, resilient, and better equipped to navigate an ever-changing world. While some argue that education is too expensive or that it does not guarantee success, the benefits far outweigh the costs. In reality, the cost of not educating individuals is far greater, leading to a lack of competitiveness, increased unemployment, and social unrest. Therefore, investing in education is crucial for the development of individuals, communities, and society as a whole. It is our responsibility to prioritize education, ensuring that everyone has access to quality learning opportunities, regardless of their background or socio-economic status. By doing so, we can create a more informed, compassionate, and prosperous world.",1182
645,CE43DBA12965,the impact of technology on society,3034,"The impact of technology on society is a contentious issue, with some arguing it has improved our lives and others claiming it has caused irreparable harm. While technology has undoubtedly increased efficiency and accessibility, I firmly believe its negative consequences outweigh its benefits. Social media, for instance, has created a culture of isolation, where individuals substitute online interactions for meaningful human connections. Furthermore, the proliferation of smartphones has led to a decline in attention span and deepened the digital divide, exacerbating existing social inequalities. The constant stream of information has also created a culture of instant gratification, eroding critical thinking skills and undermining nuance. Moreover, the reliance on technology has resulted in job displacement, as automation replaces human workers, further exacerbating economic disparities. Ultimately, the unbridled growth of technology has had a corrosive effect on society, prioritizing convenience over community and profit over people. It is imperative that we reassess our relationship with technology and strive for a more balanced approach, one that prioritizes human well-being and social cohesion.",1216
646,738112C600B8,a topic of personal interest,2318,"Standardized testing is a widely debated topic in education. While some argue it provides a fair assessment of student knowledge, I firmly believe it is an outdated and misguided practice. These tests often prioritize rote memorization over critical thinking, leading to a narrow focus on test preparation rather than meaningful learning. Furthermore, they can be culturally biased, putting certain groups at a disadvantage. By abolishing standardized testing, we can foster a more inclusive and innovative education system that encourages creativity and intellectual curiosity. This, in turn, will better prepare students for success in an ever-changing world.",661
647,ACB4771E367E,a topic of personal interest,2693,"The implementation of a universal basic income (UBI) has been a topic of interest in recent years. I firmly believe that UBI is essential for a more equitable society. With automation replacing jobs, UBI would provide a safety net, ensuring everyone's basic needs are met. It would also promote entrepreneurship and creativity, as people would have the financial security to pursue their passions. Additionally, UBI would simplify welfare systems, reducing bureaucracy and administrative costs. Critics argue that UBI is too expensive, but I counter that the benefits outweigh the costs. UBI would reduce poverty, crime, and inequality, ultimately leading to a more stable and prosperous society. By providing a foundation for all citizens, UBI would be a crucial step towards a more just and equitable world. It's time for governments to consider UBI as a viable solution to address the challenges of the 21st century. With its potential to transform lives, UBI is an idea whose time has come.",994
648,87E3F6FDAA68,the importance of having a positive attitude,1981,"Having a positive attitude is crucial in today's fast-paced world. It not only enhances our mental and physical well-being but also improves our relationships and overall quality of life. A positive attitude enables us to approach challenges with confidence and resilience, leading to greater success and achievement. Conversely, a negative attitude can lead to stress, anxiety, and burnout. By adopting a positive mindset, we can overcome obstacles, build stronger relationships, and achieve our goals. It's essential to focus on the good, practice gratitude, and surround ourselves with positivity. This, in turn, will have a profound impact on our lives, making us happier, healthier, and more fulfilled. By choosing to have a positive attitude, we can unlock our full potential and live a more meaningful and purposeful life.",829
649,0D8EC8868869,what it takes to achieve success,1150,"To achieve success, it takes more than just luck or natural ability. Success requires dedication, perseverance, and hard work. It involves setting clear goals, developing a strong work ethic, and being willing to learn from failures. Those who attribute success solely to innate talent or circumstance overlook the tireless efforts of individuals who have worked to cultivate their skills and overcome obstacles. By prioritizing grit and determination, anyone can unlock their potential and achieve success.",507
650,EE392BB6CFD1,a topic of personal interest,1471,"Standardized testing is a widely debated topic. While some argue that it's a fair way to measure student knowledge, I firmly believe it's outdated and ineffective. It creates undue stress and anxiety, often resulting in inaccurate representations of a student's abilities. Moreover, it stifles creativity and critical thinking, as students are forced to memorize and regurgitate information rather than explore and understand concepts. Alternative assessments, such as project-based evaluations and peer reviews, can provide a more comprehensive picture of a student's skills and knowledge. By abolishing standardized testing, we can create a more inclusive and supportive learning environment that allows students to thrive and reach their full potential.",756
651,D5C8C29F17D8,the value of education,3864,"The value of education is a topic of ongoing debate, with some arguing it's overvalued and others claiming it's essential. In my opinion, education is invaluable. It not only enhances cognitive abilities but also fosters critical thinking, problem-solving, and communication skills. Educated individuals are more likely to secure better-paying jobs, leading to improved economic stability and a higher standard of living. Furthermore, education promotes emotional intelligence, empathy, and social awareness, allowing individuals to form meaningful relationships and contribute positively to their communities. While some may argue that self-taught individuals can be successful, formal education provides a structured environment to learn from qualified professionals and gain hands-on experience. Moreover, education has been shown to have a positive impact on health, civic engagement, and environmental awareness. As a result, investing in education is crucial for individuals, communities, and societies to thrive. By prioritizing education, we can create a more informed, empathetic, and prosperous world. Ultimately, the value of education lies in its ability to transform lives, and it is our responsibility to ensure that everyone has access to quality educational opportunities.",1288
652,6886DF2A98BE,a topic of personal interest,1617,"The implementation of a universal basic income (UBI) is a vital solution to address poverty. Many argue it's too costly, but I disagree. UBI guarantees a minimum income, ensuring everyone's basic needs are met. It also promotes entrepreneurship and creativity, as people are more likely to take risks when their basic needs are secure. Additionally, UBI simplifies welfare systems and reduces bureaucracy. While it may require significant funding, the benefits far outweigh the costs. Implementing UBI would lead to a more equitable society, and I firmly believe it's a necessary step towards a more just world.",611
653,61992F84D5D1,a topic of personal interest,1591,"Standardized testing is a highly debated topic in education. While some argue it ensures fairness and accountability, I firmly believe it's a hindrance to learning. Tests like the SAT and ACT create undue stress, favoring those with means to afford test prep. This perpetuates inequality, as underprivileged students are left behind. Additionally, these tests don't account for individual learning styles or creativity, instead promoting rote memorization. By abolishing standardized testing, we can foster a more inclusive and innovative education system that values diverse perspectives and promotes genuine understanding.",624
654,55AEC9A9BB4C,the importance of having a positive attitude,2549,"A positive attitude is crucial for overall well-being and success. It influences our perception, behavior, and relationships. With a positive attitude, we approach challenges with enthusiasm, rather than fear. This mindset fosters resilience, enabling us to bounce back from setbacks and difficulties. Moreover, a positive attitude affects our physical health, as studies show that optimistic individuals tend to have a stronger immune system and lower stress levels. In contrast, a negative attitude can lead to anxiety, depression, and a weakened immune system. Therefore, cultivating a positive attitude is essential for achieving happiness, success, and overall well-being. By choosing to focus on the good, we can overcome obstacles and live a more fulfilling life. This, in turn, inspires others to do the same, creating a ripple effect of positivity.",857
655,F29244150DCB,the value of education,2717,"While some argue that education is not essential, I firmly believe that it is invaluable. Education not only enhances cognitive abilities but also fosters critical thinking, problem-solving, and effective communication. It breaks social and economic barriers, providing opportunities for personal growth and development. An educated individual is better equipped to make informed decisions, contribute to society, and drive innovation. Moreover, education promotes cultural understanding, empathy, and tolerance, leading to a more harmonious and peaceful world. Investing in education is crucial for individuals, communities, and nations to thrive and progress. By prioritizing education, we can empower future generations and create a brighter, more prosperous future. Ultimately, education is the key to unlocking human potential, and its significance cannot be overstated.",875
656,471BD41D6BA9,the value of education,1188,"Education is invaluable, as it empowers individuals and societies. It fosters critical thinking, problem-solving, and innovation. Without education, we risk stagnation and inequality. Investing in education yields long-term benefits, including economic growth and social mobility. It is our collective responsibility to prioritize education, ensuring a brighter future for all.",377
657,A22BC15DDB95,the value of education,1623,"Education is invaluable to individuals and society. It fosters critical thinking, problem-solving, and creativity, leading to personal growth and career advancement. Educated individuals are more likely to contribute to their communities, drive innovation, and make informed decisions. Without education, societies risk stagnation and inequality. Investing in education yields long-term benefits, including improved economic outcomes and social mobility. Therefore, education should be prioritized and accessible to all, as it is essential for a prosperous and equitable future.",578
658,AA53069FF4B4,the value of education,1951,"The value of education is a topic of ongoing debate. While some argue that education is not essential for success, I firmly believe that it is crucial for personal and societal growth. Education provides individuals with knowledge, skills, and critical thinking abilities that enable them to make informed decisions and contribute to their communities. It also fosters social mobility and breaks the cycle of poverty, allowing people to improve their economic prospects. Furthermore, education promotes cultural awareness, tolerance, and understanding, which are essential for a harmonious and inclusive society. In conclusion, education is invaluable, and investing in it is vital for creating a brighter future for individuals and society as a whole.",752
659,0D23E504FBC0,a topic of personal interest,1170,"Standardized testing should be abolished. It causes undue stress, narrows curriculum, and doesn't accurately measure intelligence. Alternative assessments can better evaluate student knowledge and skills, promoting a more well-rounded education.",245
660,3EEB66F3630C,a topic of personal interest,1155,"Climate change is a pressing concern. Human activities, like burning fossil fuels, are significantly contributing to global warming. I strongly believe we must transition to renewable energy sources, such as solar and wind power, to mitigate its effects. By doing so, we can reduce carbon emissions and create a sustainable future. It's our responsibility to act now and protect the planet for future generations.",413
661,DEC50B420484,a topic of personal interest,1262,"Climate change is a pressing issue that demands immediate attention. Human activities, such as burning fossil fuels and deforestation, release massive amounts of greenhouse gases, leading to rising temperatures and extreme weather events. Despite the overwhelming scientific evidence, some argue that climate change is a natural phenomenon and that human intervention is unnecessary. However, this stance is misguided and ignores the devastating consequences of inaction. We must transition to renewable energy sources, increase energy efficiency, and protect natural habitats to mitigate the effects of climate change. The future of our planet depends on it, and we must take collective action to ensure a sustainable and livable world for generations to come.",761
662,185E2F7317F2,a topic of personal interest,3614,"The implementation of universal basic income (UBI) has been a topic of debate in recent years. As someone who is passionate about social welfare, I firmly believe that UBI is a necessary step towards reducing poverty and income inequality. By providing every citizen with a guaranteed minimum income, UBI would enable people to meet their basic needs, even if they are unable to work. This would be especially beneficial for marginalized communities, such as single parents and individuals with disabilities, who often struggle to make ends meet. Additionally, UBI would give people the financial security to pursue their passions and interests, rather than just taking any job for the sake of a paycheck. Some argue that UBI would be too expensive to implement, but I counter that the cost would be offset by the reduction in poverty-related expenses, such as healthcare and law enforcement. Furthermore, UBI would also stimulate local economies, as people would have more disposable income to spend on goods and services. Overall, I believe that UBI is a vital investment in the well-being of our society, and it is essential that we consider its implementation to create a more equitable and just world.",1206
663,CBFD5CD8BCD9,a topic of personal interest,2129,"The implementation of a universal basic income (UBI) is a topic of great interest to me. Many argue that UBI is impractical and expensive, but I firmly believe it's a necessary step towards reducing poverty and income inequality. By providing every citizen with a guaranteed minimum income, UBI would alleviate the stress of making ends meet, allowing people to pursue their passions and contribute to society in meaningful ways. It would also simplify welfare systems and reduce bureaucracy. While some may claim that UBI would reduce the incentive to work, I argue that it would actually enable people to take risks and start their own businesses, leading to innovation and economic growth. Additionally, UBI would help to mitigate the effects of automation and job displacement, ensuring that everyone has a safety net. Overall, I believe that UBI is a vital investment in human potential and a key to creating a more equitable and prosperous society.",954
664,20A2147B6DB8,a topic of personal interest,2436,"The topic of climate change is one of great personal interest to me. I firmly believe that immediate action is necessary to mitigate its effects, as the consequences of inaction will be catastrophic. Rising global temperatures are causing melting of polar ice caps, resulting in sea-level rise and extreme weather events. Despite overwhelming scientific evidence, some argue that climate change is a natural phenomenon, and that human activities are not the primary cause. However, I strongly disagree with this stance. The burning of fossil fuels and deforestation are significantly contributing to the increase in greenhouse gases, which in turn, trap heat and drive climate change. Moreover, climate change disproportionately affects vulnerable communities, exacerbating existing social and economic inequalities. It is our moral obligation to take drastic measures to reduce carbon emissions and transition to renewable energy sources, ensuring a sustainable future for generations to come.",994
665,8FF3A8F178E1,a topic of personal interest,2109,"The implementation of standardized testing in schools is a contentious issue. Proponents argue it promotes accountability and measures student progress. However, I firmly believe that standardized testing is detrimental to students' educational experiences. It creates undue stress, stifles creativity, and fails to account for individual learning styles. The high-stakes nature of these tests leads to teaching focused on test preparation, rather than fostering a love of learning. This narrow approach to education can have long-term consequences, including decreased motivation and a lack of preparedness for real-world challenges. By abandoning standardized testing, we can create a more holistic and inclusive education system that prioritizes student well-being and promotes a lifelong passion for learning.",813
666,8FF22F2804A3,a topic of personal interest,1306,"Climate change is a pressing issue that requires immediate attention. Rising global temperatures are causing devastating natural disasters and irreversible damage to our ecosystems. I firmly believe that governments and corporations must prioritize renewable energy sources over fossil fuels to mitigate this crisis. By investing in solar and wind power, we can significantly reduce carbon emissions and create a sustainable future. It's our responsibility to act now and protect the planet for future generations.",514
667,6CFD58799701,a topic of personal interest,1651,"Standardized testing is a widely debated topic. I firmly believe it's outdated and should be abolished. These tests only measure a student's ability to memorize and regurgitate information, rather than their critical thinking skills. They also create undue stress and anxiety for students, which can negatively impact their mental health. Furthermore, standardized tests are often biased towards certain demographics, making it unfair for underprivileged students. By eliminating standardized testing, we can focus on more holistic and inclusive forms of education, allowing students to thrive and reach their full potential. This would lead to a more well-rounded education system.",682
668,6792C2E73B6A,the value of education,1668,"Education is invaluable, as it empowers individuals with knowledge and skills. It fosters critical thinking, problem-solving, and independence. By acquiring an education, people can break free from poverty and improve their socio-economic status. Moreover, education promotes tolerance, cultural understanding, and social cohesion. It is essential for personal and societal growth, driving innovation and progress. Investing in education is crucial, as it yields long-term benefits for individuals and society as a whole. Education is the key to unlocking one's potential and creating a better future.",601
669,245B5CD11772,a topic of personal interest,2305,"Universal healthcare is essential for a country's well-being. It ensures everyone has access to medical care, regardless of income. By implementing universal healthcare, a country can reduce healthcare costs and improve health outcomes. This is evident in countries like the UK and Canada, where healthcare is a fundamental right. In contrast, the US, which lacks universal healthcare, struggles with high costs and poor outcomes. Implementing universal healthcare would be a significant step towards a healthier, more equitable society. It would also reduce administrative costs and improve the overall quality of life. Universal healthcare is a moral imperative and a sound economic policy.",692
670,8F6DFE02DF75,a topic of personal interest,1032,"Standardized testing is a flawed system. It creates undue stress on students and limits their potential by focusing on rote memorization rather than critical thinking. This narrow approach stifles creativity and innovation, leading to a lack of preparedness for real-world problems. As a result, students are not adequately equipped to tackle complex issues, hindering their future success.",390
671,F5FF5E9E553C,the value of education,3381,"The value of education is a topic of immense significance in today's society. While some argue that the rising costs of tuition and the increasing accessibility of information online diminish the importance of formal education, I firmly believe that education remains invaluable. Education not only imparts knowledge, but also fosters critical thinking, creativity, and social skills. It enables individuals to navigate complex situations, make informed decisions, and contribute meaningfully to their communities. Moreover, education has a direct impact on one's career prospects and earning potential, with studies consistently showing that educated individuals earn higher salaries and experience lower unemployment rates. Furthermore, education plays a crucial role in promoting social mobility, bridging the gap between socio-economic classes, and empowering individuals to break free from the cycle of poverty. In conclusion, the value of education lies not only in its ability to impart knowledge, but also in its capacity to transform lives and shape a better future for individuals and society as a whole.",1114
672,7FED050A6D55,a topic of personal interest,1207,"Standardized testing is a flawed system. It fails to accurately measure intelligence, as it only assesses rote memorization and test-taking skills. This leads to students being overly stressed and focused on passing, rather than learning and growing. Moreover, it disproportionately affects disadvantaged students, who may not have equal access to test preparation resources. Alternative assessment methods, such as project-based evaluations, would provide a more comprehensive and equitable measure of student knowledge and potential.",535
673,515244292F97,a topic of personal interest,1867,"The shift to renewable energy is imperative. Climate change is a pressing issue, and our reliance on fossil fuels exacerbates it. In contrast, renewable energy sources like solar and wind power are sustainable and produce little to no greenhouse gas emissions. Investing in renewable energy can create jobs, stimulate local economies, and ensure a cleaner future. Despite the initial costs, the long-term benefits of renewable energy far outweigh those of traditional energy sources. Governments and corporations must prioritize the development and implementation of renewable energy to mitigate the devastating effects of climate change and create a more sustainable world.",674
674,E738D8E24101,the value of education,3477,"The value of education is a topic of ongoing debate. While some argue that education is a luxury, others claim it's a necessity. I firmly believe that education is the key to unlocking individual and societal potential. Education not only imparts knowledge, but also cultivates critical thinking, problem-solving, and communication skills. 

It boosts economic growth, reduces poverty, and promotes social mobility. Educated individuals are more likely to secure better-paying jobs, contributing to overall economic prosperity. Furthermore, education fosters a sense of civic responsibility, encouraging active participation in the democratic process. 

In conclusion, the value of education cannot be overstated. It's a vital investment in our collective future, driving progress and prosperity for generations to come. By prioritizing education, we can create a more informed, empathetic, and equitable society. Therefore, it's imperative that we continue to support and strengthen our educational systems, ensuring access to quality education for all.",1054
675,B6B85CE5C8F5,a topic of personal interest,3972,"The implementation of universal basic income (UBI) has been a topic of debate in recent years. As someone who is passionate about social justice and economic equality, I strongly believe that UBI is a necessary step towards creating a more equitable society. One of the primary arguments against UBI is that it is too expensive to implement, but I argue that the benefits far outweigh the costs. 

UBI would provide a safety net for the most vulnerable members of society, allowing them to meet their basic needs and live with dignity. It would also give people the freedom to pursue their passions and interests, rather than just taking any job for the sake of a paycheck. Additionally, UBI would help to reduce poverty and income inequality, which are major contributors to social unrest and crime. 

Many critics of UBI argue that it would discourage people from working, but I think this is a misleading argument. In fact, studies have shown that UBI can actually increase productivity and entrepreneurship, as people are more likely to take risks and start their own businesses when they have a financial safety net. 

Furthermore, UBI would simplify the current welfare system, which is often bureaucratic and inefficient. It would also reduce the stigma associated with receiving government assistance, as everyone would receive the same amount of money regardless of their employment status. 

In conclusion, I believe that UBI is a necessary step towards creating a more just and equitable society. While there are certainly challenges to implementing UBI, I think that the benefits far outweigh the costs. It's time for us to rethink our current economic system and consider a more radical approach to addressing poverty and inequality. By providing a basic income guarantee, we can create a society that is more compassionate, more equal, and more just for all.",1872
676,B9A542B2C36C,a topic of personal interest,1021,"Climate change necessitates immediate action. Human activities release greenhouse gases, causing rising temperatures and extreme weather. If we don't reduce emissions, sea levels will rise, and natural disasters will intensify. Investing in renewable energy and implementing sustainable practices can mitigate these effects, ensuring a livable future for generations to come.",375
677,1767698C3969,the value of education,1888,"The value of education is often debated, but its significance cannot be overstated. Education is the foundation of a successful society, providing individuals with the knowledge and skills necessary to thrive. It fosters critical thinking, problem-solving, and creativity, enabling people to make informed decisions and contribute to their communities. Moreover, education has a direct impact on economic growth, as a well-educated workforce is more productive and innovative. Despite the costs, investing in education yields long-term benefits, including reduced poverty and inequality. Therefore, it is essential to prioritize education and ensure access to quality learning opportunities for all, as it is the key to unlocking individual and societal potential.",764
678,CC149CD4B584,a topic of personal interest,3106,"The implementation of universal basic income (UBI) has sparked intense debate in recent years. As a proponent of this concept, I firmly believe that UBI is essential for reducing poverty and income inequality. By providing a guaranteed minimum income, individuals can cover their basic needs, thereby alleviating financial stress and anxiety. This, in turn, can lead to improved mental and physical health, as well as increased productivity and creativity. Moreover, UBI can help to mitigate the adverse effects of automation and job displacement, allowing workers to adapt to new roles and industries. While some may argue that UBI is too costly or inefficient, I counter that the benefits far outweigh the costs, and that a well-designed UBI system can be funded through a combination of progressive taxation, redistribution of existing social welfare funds, and other innovative financing mechanisms. Ultimately, UBI has the potential to revolutionize our social safety net and promote a more equitable and just society.",1023
679,234F1BA430B7,the value of education,1813,"Education is the cornerstone of individual and societal progress. Some argue that its value lies solely in securing employment, but this perspective is limited. Education fosters critical thinking, creativity, and emotional intelligence, empowering individuals to navigate complex societal issues. It bridges socioeconomic gaps, promoting social mobility and equality. Conversely, a lack of education can lead to poverty and social isolation. By investing in education, we invest in our collective future, cultivating a more informed, empathetic, and innovative population. Education is not merely a means to an end, but an end in itself, enriching lives and transforming communities.",684
680,2ACFD4F32565,a topic of personal interest,2740,"The implementation of vegan diets in schools has sparked a heated debate. While some argue that it's an overreach of government authority, I firmly believe that promoting plant-based meals in educational institutions is crucial for the well-being of students and the environment. 

Animal agriculture is a significant contributor to greenhouse gas emissions, deforestation, and water pollution. By incorporating vegan options into school menus, we can reduce our carbon footprint and set a positive example for future generations. Additionally, plant-based diets have been shown to improve cognitive function, boost energy levels, and support overall health in children. 

Moreover, many students come from low-income backgrounds and rely on school meals as their primary source of nutrition. Providing vegan options can help ensure that these students have access to nutritious and wholesome food. 

In conclusion, incorporating vegan diets in schools is a step towards creating a more sustainable and healthier environment for students. It's our responsibility to prioritize the well-being of future generations and the planet.",1129
681,4E0F689E099B,the importance of having a positive attitude,2837,"Having a positive attitude is crucial in today's fast-paced world. It not only affects our mental and physical health but also our relationships and overall well-being. A positive attitude helps us cope with challenges, builds resilience, and fosters a growth mindset. It allows us to approach problems with optimism and creativity, leading to innovative solutions. In contrast, a negative attitude can lead to stress, anxiety, and burnout, hindering our ability to succeed. Furthermore, a positive attitude is contagious, inspiring those around us to adopt a similar mindset. By adopting a positive attitude, we can improve our lives and the lives of those around us, leading to a more productive and harmonious community. Therefore, it is essential to cultivate a positive attitude to achieve success and happiness.",817
682,8E53C7642922,a topic of personal interest,1502,"Standardized testing is a highly debated topic, with some arguing it's necessary for academic evaluation. However, I firmly believe it's an outdated practice that stifles creativity and favors rote memorization over actual learning. The high-stakes nature of these exams creates immense stress for students, often leading to poor performance and a negative association with education. Moreover, standardized tests fail to account for individual learning styles and needs, neglecting the diverse range of students' abilities and backgrounds. By abandoning standardized testing, we can foster a more inclusive and engaging learning environment that encourages critical thinking, creativity, and a love for knowledge.",714
683,FF9E0379CD98,the value of education,1711,"Education is invaluable, as it fosters personal growth and societal progress. It empowers individuals to think critically, make informed decisions, and contribute to their communities. Without education, people are more likely to remain in poverty and be unaware of their rights. Investing in education is crucial, as it yields long-term benefits and promotes a more informed, tolerant, and prosperous society. Education should be accessible to all, regardless of socioeconomic background. It is a fundamental right that unlocks opportunities, breaks cycles of poverty, and shapes a better future.",597
684,F17A4EF296EB,the value of education,1383,"Education is invaluable, as it empowers individuals with knowledge and skills. It breaks socio-economic barriers, fostering equality and social mobility. Without education, societies stagnate, lacking innovation and progress. Investing in education yields long-term benefits, including economic growth and personal fulfillment. It is crucial for individuals, communities, and nations to prioritize education, ensuring a brighter future for all.",444
685,4ACFA2D3D0A1,a topic of personal interest,2715,"The shift towards plant-based diets has gained significant attention in recent years. As someone who has adopted this lifestyle, I strongly believe that a plant-based diet is the most sustainable and healthy choice. Animal agriculture is a leading cause of greenhouse gas emissions, deforestation, and water pollution. In contrast, plant-based diets require significantly less land, water, and energy. Moreover, a well-planned plant-based diet can provide all the necessary nutrients for optimal health. Many argue that a plant-based diet is too restrictive, but with the abundance of plant-based alternatives available, it's easier than ever to make the switch. Ultimately, adopting a plant-based diet is a crucial step towards creating a more sustainable and compassionate food system. By making this choice, we can significantly reduce our environmental footprint and improve our overall health. It's time to rethink our food choices and join the plant-based revolution. With the future of our planet at stake, there's no better time to make a change. By working together, we can create a healthier and more sustainable world for all.",1137
686,6C991A1A6C39,the value of education,2667,"The value of education is often questioned by those who believe it to be a waste of time and resources. However, I strongly disagree with this notion. Education is the backbone of a society, providing individuals with the knowledge, skills, and critical thinking necessary to succeed. It not only enhances personal growth but also contributes to the betterment of the community. Educated individuals are more likely to secure better jobs, earn higher salaries, and make informed decisions. Furthermore, education promotes social mobility, reduces poverty, and fosters a more informed and engaged citizenry. It is our responsibility to prioritize education, investing in the minds of future generations to create a more prosperous and equitable society. By doing so, we can empower individuals to reach their full potential, driving innovation and progress. Ultimately, education is the key to unlocking a brighter future, and its value cannot be overstated.",957
687,04C2DA8069E7,the value of education,1757,"The value of education is often debated, but it is undeniable that it holds immense importance in today's society. Education not only enhances individual knowledge and skills, but also fosters critical thinking, problem-solving, and creativity. It empowers individuals to make informed decisions, challenge societal norms, and drive innovation. Moreover, education has a direct impact on economic growth, as it increases employability and boosts productivity. Despite this, some argue that education is not essential, citing examples of successful individuals who have achieved success without formal education. However, these cases are exceptions rather than the rule, and education remains the key to unlocking one's full potential. By investing in education, we invest in our collective future, and it is imperative that we prioritize education to create a more informed, equitable, and prosperous society.",909
688,4000ADB040FE,the impact of technology on society,1480,"The impact of technology on society is a highly debated topic. While some argue that technology has improved our lives, others claim it has negative consequences. On one hand, technology has increased accessibility and connectivity, bridging geographical gaps and fostering global communication. However, it has also led to social isolation, decreased attention span, and increased screen time, negatively affecting mental and physical health. Furthermore, technology has exacerbated income inequality and job displacement, as automation replaces human labor. Ultimately, it is crucial to acknowledge both the benefits and drawbacks of technology and strive for a balanced approach to mitigate its negative effects and harness its potential to create a more equitable and connected society.",790
689,41DF6D292056,a topic of personal interest,2623,"The implementation of standardized testing in schools has sparked intense debate. While proponents argue it improves accountability and ensures students meet basic standards, I firmly believe it has a detrimental impact on education. Standardized tests often prioritize rote memorization over critical thinking and creativity, stifling students' natural curiosity and love for learning. Moreover, the high-stakes nature of these tests creates undue stress and anxiety for students, which can lead to decreased motivation and a negative attitude towards education. Additionally, the narrow focus on tested subjects can lead to a lack of emphasis on other essential skills, such as problem-solving and collaboration. By abolishing standardized testing, we can foster a more well-rounded and engaging educational experience that prepares students for success in the 21st century. Ultimately, it is time to reconsider the role of standardized testing in our education system and prioritize a more holistic approach to learning.",1023
690,12796C5A0480,a topic of personal interest,1076,"Climate change is a pressing concern, and I firmly believe that governments should prioritize renewable energy sources over fossil fuels. The benefits of renewable energy, such as solar and wind power, are undeniable, including reduced greenhouse gas emissions and mitigated environmental harm. Fossil fuels, on the other hand, contribute to pollution and exacerbate climate change. It is our responsibility to act now and invest in sustainable energy solutions to ensure a livable future.",489
691,FE3CA06DDCA1,a topic of personal interest,1542,"Standardized testing is a longstanding debate. I firmly believe it hinders student growth. These tests only measure a narrow range of skills, ignoring creativity and critical thinking. They create undue stress, leading to anxiety and decreased motivation. Additionally, they disproportionately affect disadvantaged students, widening the achievement gap. By abolishing standardized testing, we can foster a more inclusive and well-rounded education system, allowing students to thrive and reach their full potential.",516
692,57A750437C3A,a topic of personal interest,2231,"The implementation of universal basic income (UBI) is a highly debated topic. Proponents argue it would alleviate poverty and provide financial security. I firmly believe UBI is essential in today's economy. With automation replacing jobs, UBI would ensure a safety net for workers. It would also promote entrepreneurship and creativity, as people would have the freedom to pursue their passions without fear of financial instability. Additionally, UBI would simplify welfare systems and reduce bureaucracy. Critics argue it's too expensive, but I believe the benefits outweigh the costs. UBI would improve overall well-being, reduce inequality, and stimulate economic growth. It's time for governments to consider UBI as a viable solution to address the challenges of the 21st century. By providing a basic income guarantee, we can create a more equitable and prosperous society. UBI is not just a theoretical concept, but a necessary step towards a better future.",965
693,DDB673D3627D,a topic of personal interest,3248,"The implementation of universal basic income (UBI) has become a highly debated topic in recent years. I firmly believe that UBI is essential for ensuring the well-being of individuals in an increasingly automated workforce. As technology advances, jobs are being replaced at an alarming rate, leaving many without a stable income. UBI would provide a safety net, allowing individuals to pursue meaningful work without fear of poverty. Critics argue that UBI is too costly, but I counter that the benefits far outweigh the costs. UBI would reduce poverty, improve mental and physical health, and stimulate local economies. Additionally, it would give individuals the freedom to pursue creative endeavors, leading to innovation and progress. While some may argue that UBI would reduce the incentive to work, I believe that it would actually increase motivation, as people would be able to pursue work that is fulfilling, rather than just taking any job for the sake of a paycheck. Overall, UBI is a necessary step towards creating a more equitable and sustainable society, and I strongly advocate for its implementation.",1118
694,D129F19FF7F7,a topic of personal interest,2307,"The importance of climate change education in schools has sparked intense debate. As a proponent of environmental awareness, I firmly believe that incorporating climate change into school curricula is crucial. Not only does it equip students with vital knowledge about the planet's future, but it also fosters a sense of responsibility and stewardship. By educating students about climate change, we can empower them to make informed decisions and take action to mitigate its effects. This, in turn, can inspire a new generation of environmental leaders and innovators. Additionally, climate change education can promote critical thinking, problem-solving, and collaboration – essential skills for addressing this complex issue. As the world grapples with rising temperatures and extreme weather events, it is imperative that we prioritize climate change education in schools to ensure a sustainable future. By doing so, we can create a more environmentally conscious and active citizenry, capable of driving meaningful change. Ultimately, the inclusion of climate change education in schools is not only a moral imperative, but a necessary step towards a more resilient and sustainable world.",1193
695,BFB53ACD3DD5,a topic of personal interest,5995,"The topic of standardized testing has long been a subject of debate in the education sector. While proponents of standardized testing argue that it provides an objective measure of student performance, I firmly believe that it is a flawed system that does more harm than good.

Standardized tests, such as the SAT and ACT, have been a staple of the college admissions process for decades. However, these tests have been shown to be biased towards students from affluent backgrounds, who have greater access to test preparation resources. This creates an unfair advantage for students from wealthy families, who are able to afford expensive tutoring and test prep courses.

Moreover, standardized tests do not accurately reflect a student's intelligence or potential. They are limited in scope, focusing primarily on math and reading comprehension, and do not account for other important skills such as creativity, critical thinking, and problem-solving. This narrow focus can lead to a lack of diversity in the types of students who are accepted into top universities, as students who excel in other areas are often overlooked.

Additionally, the emphasis on standardized testing can have a negative impact on students' mental health and well-being. The high-stakes nature of these tests can create immense pressure and stress, leading to anxiety and burnout. This can have long-term consequences, affecting not only a student's academic performance but also their overall well-being.

In conclusion, while standardized testing may have been intended to provide a fair and objective measure of student performance, it has ultimately created a system that is biased, limited, and harmful to students. It is time to reevaluate our reliance on standardized testing and consider alternative methods of assessment that take into account a broader range of skills and abilities. By doing so, we can create a more inclusive and equitable education system that truly supports the diverse needs and talents of all students.",2014
696,4ABC0ED00F91,what it takes to achieve success,1845,"Achieving success requires more than just talent or luck. It demands dedication, perseverance, and a willingness to learn from failure. Many attribute success to innate ability, but this oversight ignores the countless hours of hard work and determination that go into achieving greatness. Thomas Edison, for instance, failed over 1,000 times before inventing the light bulb, exemplifying the importance of persistence. Additionally, a growth mindset, as coined by Carol Dweck, is crucial for success. It allows individuals to view challenges as opportunities for growth, rather than threats to ego. By embracing this mindset and putting in the effort, anyone can overcome obstacles and achieve their goals, making success attainable for all who are willing to put in the work.",777
697,E8F6D6EA06F1,the value of education,2417,"The value of education is often debated, but it is undeniable that it is the key to unlocking individual and societal potential. Education not only provides individuals with the skills and knowledge necessary to succeed in their chosen careers, but also fosters critical thinking, creativity, and problem-solving abilities. It empowers people to make informed decisions, challenge societal norms, and drive positive change. Furthermore, education has been shown to have a direct impact on economic growth, with studies demonstrating that every dollar invested in education generates a significant return in the form of increased productivity and GDP. Additionally, education is a powerful tool for social mobility, enabling individuals from disadvantaged backgrounds to break the cycle of poverty and improve their socio-economic status. In conclusion, the value of education cannot be overstated, and it is essential that we continue to prioritize and invest in education to ensure a brighter future for all.",1009
698,876B9CDDC1FC,a topic of personal interest,1367,"Standardized testing is a flawed system. It fails to account for individual learning styles and creativity. The high-stakes environment creates undue stress, negatively impacting mental health. Moreover, it prioritizes rote memorization over critical thinking and problem-solving skills. This approach to education can lead to a narrow, uninspired curriculum, stifling students' potential and passion for learning. By moving away from standardized testing, we can foster a more inclusive, innovative, and effective education system.",532
699,10A367BB87EB,a topic of personal interest,2572,"The implementation of universal basic income (UBI) has become a topic of interest in recent years. I firmly believe that UBI is essential for societies to thrive in the modern era. With the rise of automation and artificial intelligence, job security is becoming increasingly uncertain. UBI would provide a safety net for individuals who lose their jobs due to technological advancements. It would also alleviate poverty and reduce income inequality. Additionally, UBI would give people the financial freedom to pursue their passions, rather than just taking any job for the sake of a paycheck. This, in turn, would lead to a more innovative and creative society. However, some argue that UBI is too expensive and would be difficult to implement. I counter that the benefits of UBI far outweigh the costs, and that it is our moral obligation to ensure that everyone has access to a basic level of economic security.",915
700,8C83ACEF2A15,the value of education,2091,"Education is the backbone of society, providing individuals with the skills and knowledge necessary to succeed. Despite its importance, some argue that education is not a valuable investment. However, I firmly believe that education is essential for personal and societal growth. It not only enhances career prospects but also fosters critical thinking, creativity, and problem-solving skills. Educated individuals are more likely to make informed decisions, participate in the democratic process, and contribute to the economy. Moreover, education has been shown to reduce poverty, crime, and healthcare costs. By investing in education, we are investing in the future of our society. Therefore, it is imperative that we prioritize education and make it accessible to all, as it has the power to transform lives and shape a better world. Education is a valuable asset that should be cherished and nurtured, and its importance should not be underestimated.",956
701,C662BDD50395,a topic of personal interest,1786,"The implementation of standardized testing in schools is a highly debated topic. While some argue it's necessary for accountability, I firmly believe it hinders students' creativity and individuality. Standardized tests only measure a narrow range of skills, neglecting important aspects like critical thinking and problem-solving. This leads to a 'teach-to-the-test' approach, where educators focus on rote memorization rather than promoting genuine learning and curiosity. As a result, students are not adequately prepared for real-world challenges, and their potential is stifled. By abandoning standardized testing, we can foster a more well-rounded education that values diversity and innovation, ultimately benefiting both students and society.",750
702,53D17839AAC0,the impact of technology on society,2050,"The advent of technology has drastically transformed society, sparking heated debates about its overall impact. On one hand, technology has revolutionized communication, education, and healthcare, making it more accessible and efficient. However, excessive technology use has led to increased social isolation, decreased attention span, and a surge in mental health issues. Moreover, the widening digital divide has exacerbated existing social inequalities. While technology has its benefits, its unchecked proliferation poses significant risks to human relationships and social cohesion. Therefore, it is crucial to establish a balance between technology use and face-to-face interactions to mitigate its negative consequences and ensure a healthier, more harmonious society.",776
703,064423D845B1,a topic of personal interest,1060,"Standardized testing is a flawed system. It creates undue stress, stifles creativity, and fails to account for individual learning styles. Alternative assessments, such as project-based evaluations, can provide a more comprehensive understanding of a student's knowledge and skills.",282
704,E877D5AD16DA,a topic of personal interest,874,"Standardized testing is overemphasized in education. It creates undue stress on students, stifles creativity, and fails to accurately measure intelligence. Alternative assessment methods, such as project-based evaluations, provide a more comprehensive understanding of a student's abilities. By adopting these methods, we can foster a more well-rounded and engaging learning experience.",386
705,ABD38929777A,the value of education,1701,"The value of education is often debated, but its importance cannot be overstated. Education provides individuals with the knowledge, skills, and critical thinking abilities necessary to succeed in their careers and personal lives. It breaks the cycle of poverty, fosters social mobility, and promotes economic growth. Furthermore, education empowers individuals to make informed decisions, think critically, and become active participants in their communities. Despite the costs associated with education, the benefits far outweigh the expenses. In fact, studies have shown that educated individuals earn higher salaries, are more likely to be employed, and contribute to a more stable and prosperous society. Investing in education is essential for creating a brighter future, and it is our responsibility to prioritize it. By doing so, we can cultivate a more informed, skilled, and innovative workforce, ultimately leading to a more equitable and prosperous world.",967
706,CB120B25B46E,a topic of personal interest,1673,"The implementation of standardized testing in schools has sparked intense debate. While proponents argue that it promotes accountability and fairness, I firmly believe that it stifles creativity and hinders students' true potential. The pressure to perform well on tests leads to a narrow focus on rote memorization, rather than critical thinking and problem-solving. This approach not only undermines the quality of education but also neglects the diverse needs and abilities of students. By abandoning standardized testing, we can foster a more inclusive and innovative learning environment that encourages students to explore and express their unique talents and interests.",676
707,DCED9DA8896F,the impact of technology on society,1123,"Technology has revolutionized society, but at what cost. On one hand, it's improved communication and access to information. However, it's also led to social isolation, decreased attention spans, and increased cyberbullying. Furthermore, job automation has displaced workers, exacerbating income inequality. While technology has its benefits, its negative consequences cannot be ignored, and a balance must be struck to ensure its positive impact on society.",458
708,BFCE7D755436,the value of education,2908,"The value of education is often debated, but its importance cannot be overstated. Education empowers individuals, fostering critical thinking, problem-solving, and effective communication. It breaks cycles of poverty, promoting socio-economic mobility and equality. Moreover, educated individuals contribute to a skilled workforce, driving innovation and economic growth. Despite this, some argue that education is too expensive or ineffective. However, investing in education yields long-term benefits, including improved health outcomes and civic engagement. By prioritizing education, we can create a more informed, productive, and prosperous society. Ultimately, the value of education lies in its transformative power to shape individuals, communities, and nations.",770
709,6686DB25FBD0,the value of education,1923,"The value of education is often underestimated in today's society. However, it is the key to unlocking one's potential and achieving success. Education provides individuals with the knowledge, skills, and critical thinking necessary to succeed in their chosen careers and make informed decisions. It also fosters personal growth, independence, and creativity. Moreover, educated individuals are more likely to contribute positively to their communities and society as a whole. In conclusion, education is invaluable and essential for personal and societal development, and its importance should not be overlooked. It is crucial that we continue to prioritize and invest in education to ensure a brighter future.",711
710,EDE0A58B0B47,a topic of personal interest,1633,"Standardized testing is a contentious issue in education. While proponents argue that it provides a fair and objective measure of student performance, I firmly believe that it hinders learning and creativity. The high-stakes nature of these tests leads to teaching focused solely on test preparation, rather than encouraging critical thinking and problem-solving skills. This narrow focus can result in students becoming disengaged and uninterested in learning. Furthermore, standardized tests do not account for individual differences in learning styles and abilities, leading to unfair outcomes for some students. By moving away from standardized testing, educators can foster a more inclusive and innovative learning environment that truly prepares students for success.",773
711,20E2B07931F3,a topic of personal interest,3245,"The implementation of universal basic income (UBI) has been a topic of debate in recent years. I firmly believe that UBI is essential for creating a more equitable society. With the rise of automation and artificial intelligence, many jobs are at risk of being replaced, leaving countless individuals without a stable income. UBI would provide a safety net, ensuring that everyone's basic needs are met, regardless of their employment status. 

Moreover, UBI would give people the financial freedom to pursue their passions, rather than just taking any job for the sake of a paycheck. This, in turn, would lead to increased innovation, creativity, and entrepreneurship. Additionally, UBI would reduce poverty, stress, and anxiety, resulting in improved mental and physical health. It's time for us to re-think our approach to social welfare and consider the numerous benefits of UBI. By doing so, we can create a more just and prosperous society for all.",954
712,E8445DB18983,a topic of personal interest,3174,"Standardized testing is a widely debated topic, with proponents arguing it measures student knowledge and opponents claiming it stifles creativity. I firmly believe that standardized testing is detrimental to the education system. It creates undue stress on students, narrows the curriculum, and fails to account for individual learning styles. The high-stakes nature of these tests leads to teaching to the test, rather than encouraging critical thinking and problem-solving. Furthermore, it can lead to a culture of rote memorization, rather than fostering a love of learning. By eliminating standardized testing, we can focus on providing a well-rounded education that prepares students for success in all areas of life.",723
713,EFD563DFAC60,the value of education,1607,"Education is invaluable in today's society. It provides individuals with the knowledge and skills necessary to succeed. Without education, people are limited in their career choices and earning potential. Investing in education yields long-term benefits, including higher salaries and improved economic growth. Moreover, education fosters critical thinking, creativity, and innovation, leading to a more informed and engaged citizenry. Despite its costs, education is a worthwhile investment, as it has the power to break cycles of poverty and transform lives. Ultimately, education is essential for personal and societal progress.",631
714,67D58F9FA53C,the value of education,3452,"The value of education is a topic of ongoing debate, with some arguing that it is no longer a guarantee of success in today's fast-paced world. However, I firmly believe that education remains a vital component of personal and societal growth. Not only does it provide individuals with the skills and knowledge necessary to secure better-paying jobs, but it also fosters critical thinking, creativity, and problem-solving abilities.

Moreover, education has been shown to have a positive impact on physical and mental health, as well as social mobility. Studies have consistently demonstrated that educated individuals are more likely to lead healthy lifestyles, engage in civic activities, and participate in their communities. Furthermore, education has been linked to increased economic growth, reduced poverty rates, and improved social cohesion.

Some may argue that the rising costs of education and the increasing availability of online learning resources have diminished its value. However, while online resources can certainly supplement traditional education, they cannot replace the benefits of face-to-face interaction, hands-on learning, and mentorship provided by a formal education.

In conclusion, the value of education cannot be overstated. It is a fundamental component of personal and societal development, and its benefits extend far beyond the individual to encompass the broader community. As such, it is essential that we continue to prioritize education and work to make it accessible to all, regardless of socioeconomic background or geographical location.",1582
715,73F2515B5BCE,the value of education,1603,"Education is invaluable in today's society. It empowers individuals with knowledge, critical thinking, and problem-solving skills. A well-educated population drives economic growth, fosters innovation, and promotes social mobility. Without education, people are left behind, unable to compete in the job market. Education also has a positive impact on health, as educated individuals make informed decisions about their well-being. Furthermore, education promotes tolerance, understanding, and social cohesion. Investing in education is essential for a country's prosperity and the future of its citizens. It is a fundamental right that should be accessible to all, regardless of socio-economic background or geographical location. By prioritizing education, we can create a more equitable and enlightened society.",814
716,890FAF6F82FC,a topic of personal interest,1535,"The use of single-use plastics should be banned. Not only do they pollute our oceans, but they also harm marine life. Plastic bags, straws, and water bottles are among the top pollutants. Many countries have already implemented bans, resulting in significant reductions in plastic waste. It's time for others to follow suit. The benefits of a plastic-free environment far outweigh the inconvenience of switching to reusable alternatives. By working together, we can reduce plastic waste and create a cleaner, healthier planet for future generations. It's a small change that can make a big difference, and it's our responsibility to act now.",641
717,E8795A1AA404,a topic of personal interest,3327,"The implementation of veganism in schools has sparked intense debate. As someone who follows a plant-based diet, I firmly believe that incorporating vegan options into school menus is essential. Not only does it promote healthy eating habits, but it also raises awareness about animal welfare and environmental sustainability. 

Many argue that veganism is too restrictive, but I counter that it can be incredibly diverse. Schools can offer a variety of plant-based meals, from veggie burgers to salads and stir-fries. This approach also caters to students with dietary restrictions, making it more inclusive. 

Moreover, animal agriculture is a significant contributor to greenhouse gas emissions. By introducing vegan options, schools can reduce their carbon footprint and set an example for sustainable living. It's our responsibility to shape the next generation's eating habits and promote a more compassionate, eco-friendly lifestyle. 

Implementing veganism in schools is not only a moral imperative, but also a practical solution to address pressing global issues. I urge educators and policymakers to take a proactive approach and make vegan options a staple in school menus, fostering a healthier, more sustainable future for all.",1240
718,6EB1681A5880,a topic of personal interest,1644,"The implementation of universal basic income (UBI) is a vital solution to alleviate poverty. UBI ensures everyone receives a minimum income, regardless of employment status. Critics argue it's expensive, but I believe the benefits outweigh the costs. It promotes financial security, reducing stress and anxiety. Additionally, UBI stimulates local economies as recipients spend their income within their communities. By adopting UBI, we can create a safety net for the most vulnerable and foster a more equitable society. This shift in economic policy is necessary to address income inequality and promote human dignity.",619
719,E23EF596D2B8,the value of education,1043,"Education is invaluable, yet some argue it's overemphasized. However, it broadens job opportunities, fosters critical thinking, and breaks socio-economic barriers. An educated population drives innovation, economic growth, and social progress. It's essential for individuals and society to thrive, making it a worthwhile investment.",332
720,E0BFF1488787,the value of education,1196,"Education is invaluable. It empowers individuals with knowledge, critical thinking, and problem-solving skills, leading to personal growth and societal progress. By investing in education, we can break cycles of poverty, promote equality, and foster a more informed, engaged citizenry. Critics argue that education is costly, but the long-term benefits far outweigh the expenses. Educated individuals are more likely to secure better-paying jobs, contributing to economic growth and stability. Moreover, education has a direct impact on healthcare, environmental awareness, and social justice. It is our responsibility to prioritize education, ensuring that future generations have the tools to succeed and create a brighter, more prosperous world.",748
721,4CFAF19AF547,the impact of technology on society,4118,"The impact of technology on society is a multifaceted issue, with proponents arguing it has revolutionized modern life and critics claiming it has eroded essential human values. On one hand, technology has increased efficiency, connectivity, and access to information. It has enabled global communication, e-commerce, and remote work, bridging geographical divides and fostering economic growth. Additionally, technological advancements in medicine have led to improved healthcare outcomes and increased life expectancy.

However, the over-reliance on technology has also had detrimental effects. Social media platforms, for instance, have been linked to increased rates of depression, anxiety, and social isolation. The constant stream of curated and manipulated information has created unrealistic expectations and a distorted view of reality. Furthermore, the loss of face-to-face interactions has weakened interpersonal skills and deepened the sense of loneliness.

Moreover, the exploitation of technology has exacerbated existing social inequalities. The digital divide has left marginalized communities without access to essential tools and resources, further entrenching poverty and disadvantage. The automation of jobs has also led to significant unemployment, as machines and artificial intelligence replace human workers.

In conclusion, while technology has brought about numerous benefits, its impact on society is not entirely positive. It is crucial to acknowledge the negative consequences and work towards mitigating them. By promoting responsible technology use, investing in digital literacy programs, and implementing policies that address the digital divide, we can harness the potential of technology to create a more equitable and compassionate society. Ultimately, it is our responsibility to ensure that technology serves humanity, rather than controlling it.",1884
722,66F7AD6B99E2,the value of education,2907,"The value of education is often debated, but its importance cannot be overstated. Education provides individuals with the knowledge, skills, and critical thinking necessary to succeed in life. It breaks cycles of poverty, fosters personal growth, and promotes social mobility. Moreover, educated individuals contribute to a more informed and engaged citizenry, which is essential for a functioning democracy. Despite this, some argue that the cost of education is too high or that it does not guarantee success. However, these arguments are short-sighted, as the long-term benefits of education far outweigh the costs. By investing in education, we invest in our collective future, creating a more prosperous, equitable, and enlightened society. Ultimately, education is essential for individual and societal progress, and its value should be recognized and prioritized.",870
723,14EE006078C4,the value of education,2751,"The value of education is often debated, but its importance cannot be overstated. Education is the foundation upon which individuals and societies are built, and it is essential for personal and economic growth. It provides individuals with the knowledge, skills, and critical thinking abilities necessary to navigate the complexities of the modern world. Education also has a profound impact on economic development, as educated individuals are more likely to secure better-paying jobs and contribute to their communities. Furthermore, education promotes social mobility, reduces poverty, and fosters a more informed and engaged citizenry. Despite the challenges and costs associated with education, the benefits far outweigh the drawbacks. Investing in education is investing in the future, and it is essential that we prioritize it to ensure the prosperity and advancement of individuals and societies. By doing so, we can create a more equitable, just, and prosperous world for all. Ultimately, education is the key to unlocking human potential, and its value is immeasurable.",1080
724,36B2E183713B,the value of education,2143,"The value of education is often debated, but its importance cannot be overstated. Education empowers individuals with knowledge, critical thinking, and problem-solving skills, enabling them to navigate an ever-changing world. It breaks cycles of poverty, fosters social mobility, and promotes economic growth. Critics argue that education is expensive and inaccessible, but investing in education yields long-term benefits, including improved healthcare, reduced crime rates, and increased civic engagement. Furthermore, education promotes cultural understanding, tolerance, and empathy, essential for a harmonious society. In conclusion, education is a vital investment in individuals and society, and its value should not be underestimated.",742
725,13E1CB9819CB,a topic of personal interest,543,"Climate change is a pressing issue. Humans must prioritize sustainability, adopting renewable energy sources and reducing carbon emissions to mitigate its devastating effects on the environment and future generations.",217
726,A570CD64F0F9,a topic of personal interest,2236,"Standardized testing is a flawed system that stifles creativity and hinders students' true potential. It only measures rote memorization skills, rather than critical thinking and problem-solving abilities. Furthermore, it creates undue stress and anxiety, leading to a negative impact on students' mental health. The one-size-fits-all approach neglects individual learning styles and abilities, resulting in biased outcomes. By abolishing standardized testing, we can foster a more inclusive and creative learning environment that values diverse perspectives and promotes holistic education.",591
727,2EF984473EC5,the value of education,1187,"Education is invaluable, as it empowers individuals with knowledge and critical thinking skills. It breaks social and economic barriers, fostering a more informed and tolerant society. By investing in education, we invest in our future, promoting personal growth, innovation, and progress.",289
728,B76C582FA08B,the value of education,2183,"The value of education is a highly debated topic, with some arguing that its significance is diminishing in today's world. However, I firmly believe that education remains a vital component of personal and societal development. Not only does it provide individuals with the skills and knowledge necessary to secure better-paying jobs, but it also fosters critical thinking, creativity, and problem-solving abilities. Furthermore, education has been shown to have a positive impact on health, reducing the risk of chronic diseases and increasing life expectancy. In addition, educated individuals are more likely to be engaged citizens, participating in their communities and contributing to the democratic process. While some may argue that online resources and vocational training can replace traditional education, I contend that the structured learning environment and social interactions provided by schools and universities are essential for personal growth and development. Overall, education is a valuable investment that yields long-term benefits for individuals and society as a whole.",1094
729,9C7B4130AA3E,a topic of personal interest,2047,"As technology advances, social media has become an integral part of our lives. However, I firmly believe that excessive social media use has a negative impact on mental health. Studies have shown that prolonged exposure to curated and manipulated content can lead to feelings of inadequacy and low self-esteem. Furthermore, the constant need for validation through likes and comments can create a sense of anxiety and stress. I argue that individuals should limit their social media use to protect their mental well-being. By doing so, we can reduce the risk of mental health issues and promote a healthier online environment. Ultimately, it is essential to recognize the potential harm of excessive social media use and take steps to mitigate its effects.",756
730,D5916B1F52BB,a topic of personal interest,1563,"Standardized testing is a flawed measure of intelligence, as it only assesses a narrow range of skills. It creates undue stress on students, leading to anxiety and decreased motivation. By placing such a high emphasis on test scores, we're neglecting important aspects of education, such as creativity and critical thinking. Additionally, these tests often favor those from affluent backgrounds, exacerbating existing inequalities. It's time to rethink our approach to assessment and prioritize a more holistic education.",521
731,EFBD506FC8F2,the value of education,3061,"The value of education is a topic of ongoing debate, with some arguing that its significance is often overstated. However, I firmly believe that education holds immense value, not only for individuals but also for society as a whole. It empowers people with knowledge, critical thinking, and problem-solving skills, enabling them to make informed decisions and contribute positively to their communities. Education also fosters personal growth, self-awareness, and emotional intelligence, leading to more well-rounded and compassionate individuals. Moreover, educated individuals are more likely to secure better job opportunities, higher salaries, and improved living standards, which in turn, can help reduce poverty and inequality. Furthermore, education promotes social mobility, allowing people to break free from the constraints of their socio-economic backgrounds and pursue their dreams. In conclusion, the value of education cannot be overstated, and it is essential that we continue to prioritize and invest in educational institutions, programs, and initiatives to ensure that everyone has access to quality education and can reap its numerous benefits. By doing so, we can create a more informed, tolerant, and prosperous society.",1242
732,DE921CECE21A,a topic of personal interest,3432,"As a long-time advocate for environmental conservation, I firmly believe that governments worldwide should implement a global carbon tax to combat climate change. This tax would require companies to pay a fee for every ton of carbon dioxide they emit, providing a financial incentive to reduce their carbon footprint. 

Not only would this tax generate significant revenue, which could be invested in renewable energy sources and green technologies, but it would also create jobs and stimulate local economies. Furthermore, a global carbon tax would level the playing field, preventing companies from relocating to countries with lax environmental regulations. 

Opponents argue that such a tax would lead to increased costs for consumers and hurt economic growth. However, I counter that the long-term benefits of a carbon tax far outweigh the short-term costs. By reducing our reliance on fossil fuels, we can mitigate the devastating effects of climate change, including rising sea levels, droughts, and extreme weather events. 

It is our moral obligation to take action and protect the planet for future generations. A global carbon tax is a necessary step towards a sustainable future, and I urge governments to take immediate action to implement this vital policy. The time to act is now, and the benefits will be worth the initial costs.",1345
733,4FCEF99DE6F0,the impact of technology on society,1832,"The impact of technology on society is a highly debated topic. While some argue it has improved our lives, others claim it has detrimental effects. I firmly believe that technology has a net negative impact on society. Excessive screen time has led to increased isolation, decreased attention span, and a decline in face-to-face communication skills. Furthermore, social media platforms have created a culture of comparison and competition, fostering mental health issues such as anxiety and depression. The constant stream of information has also led to the spread of misinformation and decreased critical thinking skills. Additionally, the loss of jobs due to automation has exacerbated economic inequality. Overall, the drawbacks of technology outweigh its benefits, and it is crucial that we reassess our relationship with technology to mitigate its negative consequences.",876
734,2010889A6522,a topic of personal interest,2158,"Standardized testing is a highly debated topic in the education system. I firmly believe that it hinders students' abilities to learn and grow. These tests only measure a narrow range of skills, often neglecting important aspects such as creativity and critical thinking. They also create a high-stress environment, leading to anxiety and a negative association with learning. Furthermore, standardized tests are often biased towards certain demographics, exacerbating existing educational inequalities. By abolishing these tests, we can foster a more inclusive and well-rounded education system that allows students to thrive. This, in turn, can lead to a more innovative and empathetic generation, better equipped to tackle the complex problems of the future.",761
735,D2FB14A7C43B,a topic of personal interest,2848,"Standardized testing has become a cornerstone of modern education, but its effectiveness is highly debatable. On one hand, proponents argue that it provides a universal metric for measuring student knowledge and holds schools accountable. However, I strongly believe that the drawbacks of standardized testing far outweigh its benefits. 

The high-stakes nature of these tests leads to teaching to the test, where instructors prioritize test preparation over meaningful learning experiences. This not only stifles creativity but also fails to prepare students for real-world problems. Furthermore, standardized tests are often culturally biased and may put minority students at a disadvantage. The financial burden of test administration also diverts resources away from more critical areas, such as improving teacher quality and reducing class sizes. 

To create a more equitable and effective education system, we must move beyond the limitations of standardized testing and adopt more holistic assessment methods that value critical thinking, problem-solving, and creativity. This could include project-based evaluations, peer review, and competency-based progression. By doing so, we can foster a more well-rounded and motivated student body, better equipped to succeed in an ever-evolving world.",1300
736,F89738650EDF,what it takes to achieve success,2120,"Achieving success is often misunderstood as solely relying on talent or luck. However, it takes dedication, perseverance, and hard work. Setting clear goals and being resilient in the face of obstacles is crucial. Many people believe that success is innate, but research shows that deliberate practice and continuous learning are key factors. With persistence and the right mindset, anyone can overcome challenges and achieve their goals. Ultimately, success is a result of careful planning, execution, and a willingness to learn from failures.",544
737,265FCDBBF0C1,a topic of personal interest,1726,"The implementation of a four-day workweek is a long-overdue reform. With technology advancing at an unprecedented rate, the traditional 9-to-5 schedule is no longer necessary. A shorter workweek would lead to increased productivity, reduced burnout, and a better work-life balance. It would also benefit the environment by reducing daily commutes and promote creativity, as employees would have more time to pursue hobbies and interests. Despite concerns about reduced hours, studies have shown that a four-day workweek can actually boost employee morale and retention. It's time for businesses to adapt and prioritize their employees' well-being.",647
738,73038C17880E,the value of education,1976,"The value of education is often debated, but its importance cannot be overstated. Education empowers individuals with knowledge, critical thinking, and problem-solving skills, enabling them to make informed decisions and contribute to society. It bridges the gap between socio-economic classes, fostering equality and social mobility. Moreover, education promotes personal growth, broadening perspectives and fostering creativity. A well-educated population is essential for a country's economic growth, innovation, and global competitiveness. Investing in education yields long-term benefits, including reduced poverty and crime rates, and improved healthcare. Therefore, education is a vital investment in individuals, communities, and society as a whole, and its value should be recognized and prioritized. By doing so, we can create a more informed, skilled, and prosperous future for all.",893
739,FF13996AB0B3,the value of education,2297,"The value of education is often debated, but it is an indispensable tool for personal and societal growth. Education empowers individuals with knowledge, critical thinking, and problem-solving skills, enabling them to make informed decisions and contribute to their communities. It also fosters social mobility, reducing poverty and inequality by providing better job opportunities and higher earning potential. Furthermore, education promotes cultural understanding, tolerance, and empathy, which are essential for a harmonious and peaceful society. Investing in education is crucial for a country's economic development, as it leads to a skilled workforce and innovation. Therefore, it is essential to prioritize education and make it accessible to all, regardless of socioeconomic background or geographical location. By doing so, we can create a more informed, productive, and prosperous society. Education is the key to unlocking human potential, and its value cannot be overstated.",987
740,52105DDA12EB,a topic of personal interest,2182,"Standardized testing has become a cornerstone of modern education. However, I firmly believe that it is a flawed system. Not only does it create undue stress for students, but it also fails to accurately measure intelligence. Many argue that these tests provide a fair and unbiased assessment of a student's abilities. But, in reality, they often favor those from affluent backgrounds who have had greater access to test preparation resources. This creates a cycle of inequality, where those who are already disadvantaged are further marginalized. Moreover, the high-stakes nature of these tests can lead to a narrow focus on rote memorization rather than genuine learning. By ditching standardized testing, we can create a more equitable and effective education system that truly prepares students for success.",811
741,B6EB1835EBE0,a topic of personal interest,1015,"Social media platforms should regulate misinformation. The spread of false information has severe consequences, including manipulating public opinion and fueling violence. Platforms like Facebook and Twitter have a moral obligation to protect users from harmful content. By implementing stricter fact-checking policies and algorithms, they can significantly reduce the dissemination of misinformation, promoting a safer online environment.",439
742,25F1B2374A32,a topic of personal interest,2589,"The implementation of vegan diets in schools has sparked intense debate. Proponents argue that it promotes animal welfare, environmental sustainability, and student health. Opponents claim that it restricts food choices and may lead to nutritional deficiencies. However, a well-planned vegan diet can provide all necessary nutrients. By incorporating plant-based meals, schools can reduce greenhouse gas emissions and support local farmers. Additionally, it can help combat obesity and related health issues by teaching students healthy eating habits. Critics argue that it's too expensive, but the long-term benefits outweigh the costs. Implementing vegan diets in schools is a forward-thinking approach that prioritizes the well-being of students, animals, and the planet. It's time for schools to adopt this progressive and sustainable approach.",848
743,5098F28A2EF3,a topic of personal interest,2683,"Standardized testing has become a staple in modern education, but I firmly believe it's a flawed system. Not only does it create undue stress for students, but it also fails to accurately measure intelligence or potential. The pressure to perform well on these tests can be overwhelming, leading to anxiety and decreased motivation. Furthermore, standardized tests often prioritize rote memorization over critical thinking and creativity, resulting in a narrow focus on test-taking skills rather than genuine learning. By abolishing standardized testing, we can foster a more well-rounded and inclusive education system that values individuality and promotes a love of learning. This, in turn, will lead to more innovative and engaged students who are better equipped to succeed in an ever-changing world. Ultimately, it's time to rethink our approach to education and move beyond the limitations of standardized testing.",921
744,4E8ED336CF7E,a topic of personal interest,1537,"Standardized testing is a flawed measure of intelligence. It neglects creative thinking and prioritizes rote memorization, stifling individuality and innovation. By focusing solely on test scores, we're limiting students' potential and ignoring their unique strengths. It's time to rethink our education system and adopt more holistic approaches that foster critical thinking and imagination.",392
745,29FCF6DFFFFC,the impact of technology on society,1739,"The impact of technology on society is a highly debated topic. While some argue that technology has improved our lives, others claim it has detrimental effects. I firmly believe that technology has a net negative impact on society. Excessive screen time has led to increased obesity, decreased attention span, and diminished face-to-face interaction. Furthermore, social media has created a culture of comparison, promoting unrealistic expectations and low self-esteem. Additionally, the rise of automation has resulted in significant job losses, exacerbating economic inequality. As technology continues to advance, it is essential that we acknowledge its negative consequences and take steps to mitigate them, ensuring that its benefits are equitably distributed and do not come at the expense of our well-being.",814
746,2A9FC8634742,what it takes to achieve success,2186,"Achieving success is a multifaceted concept often misconstrued as solely dependent on luck or innate talent. However, it is evident that success stems from a combination of hard work, dedication, and resilience. Many argue that success is largely determined by one's environment or circumstances, but this perspective neglects the role of personal agency and determination. 

Through persistence and perseverance, individuals can overcome obstacles and create opportunities. Moreover, a growth mindset and continuous learning are essential for adapting to changing circumstances and staying ahead. While some may attribute success to luck, it is clear that intentional effort and strategy play a far greater role. By adopting a proactive approach and cultivating a strong work ethic, individuals can unlock their full potential and achieve success.",848
747,9D716D9F4EBA,the value of education,2348,"The value of education is often debated, but its importance cannot be overstated. Education provides individuals with the knowledge, skills, and critical thinking necessary to succeed in life. It breaks cycles of poverty, fosters social mobility, and empowers people to make informed decisions. Without education, societies would stagnate, and innovation would cease. Investing in education is crucial for personal and economic growth, as it leads to better job prospects, higher earnings, and improved health outcomes. Furthermore, education promotes cultural understanding, tolerance, and civic engagement, ultimately leading to a more informed and cohesive society. As such, it is imperative that we prioritize education and ensure access to quality learning opportunities for all, regardless of background or socioeconomic status. By doing so, we can create a more equitable and prosperous world. Education is the key to unlocking human potential, and its value is undeniable.",980
748,2D8464A3BD5B,a topic of personal interest,4392,"The implementation of universal basic income (UBI) has been a highly debated topic in recent years. As someone who is passionate about social welfare and economic equality, I strongly believe that UBI is a necessary step towards creating a more just and equitable society. 

The primary argument against UBI is that it is too expensive and would require significant tax increases. However, I would argue that the benefits of UBI far outweigh the costs. For one, UBI would provide a safety net for the most vulnerable members of society, such as the homeless and the disabled. It would also give people the financial security to pursue their passions and interests, rather than just taking any job for the sake of a paycheck.

Moreover, UBI would have a positive impact on the economy as a whole. It would put more money in people's pockets, which would increase consumer spending and boost economic growth. Additionally, UBI would reduce poverty and income inequality, which are major drivers of social unrest and crime. 

Some may argue that UBI would reduce the incentive to work, but I would counter that this is a misconception. Many people want to work and contribute to society, but are unable to do so due to circumstances beyond their control. UBI would give them the opportunity to pursue meaningful work and contribute to their communities.

In conclusion, while there are certainly challenges to implementing UBI, I firmly believe that it is a necessary step towards creating a more just and equitable society. It would provide a safety net for the most vulnerable, promote economic growth, and reduce poverty and income inequality. As such, I strongly advocate for the implementation of UBI and urge policymakers to take a closer look at this innovative solution.",1775
749,2157AE4AFAA6,the value of education,2244,"The value of education is often debated, but its importance cannot be overstated. Education empowers individuals with knowledge and skills, enabling them to make informed decisions and contribute to society. It provides a foundation for personal and professional growth, and is essential for securing better job opportunities and higher salaries. Furthermore, education promotes critical thinking, creativity, and problem-solving skills, which are crucial for navigating an increasingly complex world. Despite the financial burden associated with higher education, the long-term benefits far outweigh the costs. In conclusion, education is a vital investment in one's future, and its value should not be undermined.",715
750,80C0814AF16D,the value of education,2472,"The value of education is often underestimated in today's society. Many believe that education is not essential for success, citing examples of individuals who have achieved greatness without formal education. However, this perspective is misguided. Education provides individuals with the skills, knowledge, and critical thinking necessary to succeed in their chosen careers and make informed decisions. It also fosters personal growth, social mobility, and economic development. Without education, individuals are limited in their ability to contribute to society and improve their economic prospects. Furthermore, education helps to break cycles of poverty and inequality, promoting social justice and equality. In conclusion, education is invaluable, and its importance should not be overlooked. It is essential for individuals, communities, and societies to thrive, and its benefits far outweigh any perceived drawbacks.",925
751,108CA77CBAB4,what it takes to achieve success,1221,"Achieving success requires more than just talent or luck. It demands dedication, hard work, and persistence. Many believe that natural ability is the key to success, but this is a misconception. Successful individuals typically possess a strong work ethic, a willingness to learn, and the ability to adapt to challenges. They also set clear goals, stay focused, and continually strive for improvement. Ultimately, success is not solely dependent on innate ability, but rather on the effort and determination one puts forth to achieve their objectives.",551
752,9E1DFDF33C0B,the value of education,960,"Education is invaluable, empowering individuals and societies. It fosters critical thinking, creativity, and innovation, driving progress and economic growth. Through education, people gain skills, knowledge, and social mobility, breaking cycles of poverty. Investing in education yields long-term benefits.",307
753,AB9527C4A312,the importance of having a positive attitude,5712,"Having a positive attitude is often overlooked as a key component of success, but it is an essential aspect of achieving one's goals and living a fulfilling life. A positive attitude can greatly impact an individual's mental and physical well-being, relationships, and overall success. It allows individuals to approach challenges with confidence and resilience, rather than fear and anxiety. 

A positive attitude can also have a significant impact on one's physical health. Studies have shown that individuals with a positive attitude tend to have a stronger immune system, lower blood pressure, and a reduced risk of chronic diseases. Moreover, a positive attitude can also improve mental health by reducing stress and anxiety, and increasing feelings of happiness and well-being.

In addition to its physical and mental health benefits, a positive attitude can also have a profound impact on one's relationships and career. When we approach interactions with a positive attitude, we are more likely to build strong, meaningful relationships and achieve our goals. A positive attitude can also make us more attractive to others, as it radiates confidence, energy, and enthusiasm.

However, maintaining a positive attitude can be challenging, especially in the face of adversity. It requires effort and practice to cultivate a positive mindset, but it is well worth it. By focusing on the positive aspects of life, practicing gratitude, and surrounding ourselves with supportive people, we can develop a positive attitude that will serve us well in all aspects of life. 

In conclusion, having a positive attitude is crucial for achieving success, maintaining good physical and mental health, and building strong relationships. It is essential to make a conscious effort to cultivate a positive attitude, as it can have a profound impact on our overall well-being and quality of life. By adopting a positive attitude, we can unlock our full potential, overcome challenges, and live a happy, fulfilling life.",2009
754,38CADC812CBA,a topic of personal interest,2063,"Standardized testing has long been a contentious topic in the education sector. Proponents argue that it provides an objective metric to evaluate student performance, while critics claim it stifles creativity and fosters a culture of rote memorization. I firmly believe that standardized testing should be abolished. It creates undue stress, narrows curriculum focus, and fails to account for individual learning styles. Moreover, it disproportionately affects marginalized communities, exacerbating existing educational disparities. By eliminating standardized testing, we can foster a more inclusive, student-centered approach to education, allowing students to explore and learn without the burden of high-stakes exams.",722
755,E2A60C034849,the impact of technology on society,1949,"The impact of technology on society is a highly debated topic. While some argue that technology has improved our lives, others claim it has led to social isolation and decreased face-to-face interaction. I firmly believe that technology has had a negative impact on society. Excessive screen time has led to a decline in physical activity, contributing to rising obesity rates. Additionally, social media has created a culture of comparison, where people feel inadequate and unhappy with their lives. The loss of traditional jobs due to automation has also exacerbated unemployment and economic inequality. Furthermore, the spread of misinformation on social media has eroded trust in institutions and fueled social unrest. To mitigate these effects, it is essential to establish guidelines for responsible technology use and invest in education and job retraining programs. Ultimately, we must recognize the limitations of technology and strive for a balance between its benefits and the well-being of our society.",1015
756,4477C08B4960,a topic of personal interest,1836,"Standardized testing is a widely debated topic in the education system. I firmly believe that these tests are counterproductive and should be abolished. They create unnecessary stress for students, and often, the results do not accurately reflect a student's intelligence or abilities. Additionally, the emphasis on standardized testing leads to a narrow curriculum, focusing on test preparation rather than providing a well-rounded education. This approach stifles creativity and critical thinking skills, essential for success in the real world. Moreover, it disproportionately affects students from lower-income backgrounds who may not have equal access to test preparation resources. It's time to reconsider the role of standardized testing and focus on fostering a more holistic and inclusive learning environment. By doing so, we can promote a more equitable and effective education system that prepares students for long-term success.",941
757,F8A3497B5F2D,the value of education,4326,"The value of education is often debated, with some arguing that it is overemphasized and others claiming that it is essential for success. In my opinion, education is invaluable and plays a crucial role in shaping individuals and societies. Education not only provides individuals with the knowledge and skills necessary to secure better-paying jobs, but it also fosters critical thinking, creativity, and problem-solving abilities.

Moreover, education has a profound impact on personal growth and development. It enables individuals to make informed decisions, think independently, and develop a sense of self-awareness. Education also promotes social mobility, allowing individuals from disadvantaged backgrounds to break the cycle of poverty and improve their socio-economic status.

Some may argue that education is not the only factor that determines success, and that other factors such as talent, hard work, and luck also play a role. However, education provides a foundation that can help individuals develop their talents, work ethic, and resilience. Furthermore, education has been shown to have a positive impact on physical and mental health, with educated individuals more likely to lead healthy lifestyles and have better health outcomes.

In addition, education has significant economic benefits, both for individuals and societies. Educated individuals are more likely to be employed, earn higher salaries, and contribute to the tax base. They are also more likely to start their own businesses, innovate, and create new opportunities, driving economic growth and development.

In conclusion, the value of education cannot be overstated. It is the key to unlocking individual and societal potential, and its benefits extend far beyond the classroom. As such, it is essential that we prioritize education, invest in educational infrastructure, and work to increase access to quality education for all. By doing so, we can create a more knowledgeable, skilled, and prosperous society, where individuals can reach their full potential and contribute to the greater good.",2084
758,87669696162F,a topic of personal interest,1442,"Climate change is a pressing issue that demands immediate attention. Human activities, such as burning fossil fuels and deforestation, release massive amounts of carbon dioxide, leading to rising temperatures and devastating natural disasters. It's imperative that we transition to renewable energy sources and adopt sustainable practices to mitigate the effects of climate change. Investing in clean energy and reducing emissions can create jobs and stimulate economic growth while protecting the planet for future generations. We must take collective action to combat climate change and preserve the health of our planet.",623
759,E55289EA6492,a topic of personal interest,1590,"Standardized testing is a contentious issue. While proponents argue that it measures student ability, I firmly believe it hinders genuine learning. These tests create undue stress and encourage rote memorization over critical thinking. Furthermore, they often fail to account for individual learning styles and disabilities. By placing such a high emphasis on standardized testing, we risk stifling creativity and curiosity, ultimately harming students' educational experiences.",478
760,9000217714BE,a topic of personal interest,1347,"Standardized testing is a hindrance to education. It creates undue stress, stifles creativity, and fails to accurately measure intelligence. Alternative assessments, such as project-based evaluations, allow for more comprehensive and nuanced evaluations of student learning. By abandoning standardized tests, we can foster a more well-rounded and engaging educational experience.",379
761,7DBE22D9F0DA,the value of education,1865,"Education is invaluable, providing individuals with the skills and knowledge necessary to succeed. It fosters critical thinking, creativity, and problem-solving abilities. Despite its costs, education yields long-term benefits, such as increased earning potential and social mobility. It also promotes personal growth, empowering individuals to make informed decisions and contribute to society. Those who devalue education overlook its transformative power and the positive impact it has on communities. By investing in education, we invest in our collective future, creating a more informed, innovative, and prosperous society.",629
762,CB17AF6F1138,a topic of personal interest,1573,"Standardized testing is a controversial topic. While some argue it's a fair measure of intelligence, I firmly believe it's a narrow and outdated assessment method. Tests like the SAT and ACT only account for a small portion of a student's abilities, ignoring creativity, critical thinking, and problem-solving skills. Furthermore, these tests often perpetuate inequality, as students from wealthy backgrounds have greater access to test prep resources. It's time to redefine intelligence and move beyond standardized testing, embracing a more holistic approach to education that values individuality and diversity.",614
763,AD19BF721C0F,the value of education,2145,"Education is the cornerstone of a prosperous society, and its value cannot be overstated. Despite its importance, many argue that the cost of education outweighs its benefits. However, this couldn't be further from the truth. Education not only enhances individual opportunities but also fosters a knowledgeable and skilled workforce, driving economic growth and innovation. It also promotes critical thinking, problem-solving, and creativity, essential skills in today's fast-paced world. Furthermore, education is key to bridging the social and economic gaps that exist in our society, empowering marginalized communities and promoting social mobility. Investing in education is investing in the future, and it is imperative that we prioritize it. By doing so, we can create a more informed, productive, and equitable society that benefits everyone.",851
764,777F0E16E55E,a topic of personal interest,2124,"Standardized testing is a controversial topic that sparks intense debate. While some argue it's a necessary evaluation tool, I firmly believe it's a flawed system that stifles creativity and perpetuates inequality. The high-stakes environment creates undue stress, and the one-size-fits-all approach neglects individual learning styles. It's time to reevaluate the emphasis on standardized testing and prioritize more holistic assessments that foster critical thinking and innovation.",484
765,DF8B648769C5,the importance of friendship and relationships,893,"Friendships and relationships are crucial for a fulfilling life. They provide emotional support, companionship, and a sense of belonging. People with strong social connections tend to be happier and healthier, while isolation can lead to depression and anxiety. Investing in friendships is essential for our well-being, as they bring joy and enhance our lives.",360
766,6D728858E86F,the importance of having a positive attitude,1385,"Having a positive attitude is crucial for overall well-being. It enhances resilience, boosts confidence, and improves relationships. A positive mindset allows individuals to approach challenges with optimism, leading to increased success and happiness. Conversely, a negative attitude can lead to stress, anxiety, and failure. By adopting a positive attitude, individuals can take control of their lives, make better decisions, and cultivate a more fulfilling existence. It is essential to prioritize positivity and strive for a positive outlook, as it has a profound impact on one's quality of life.",600
767,E9E68651B168,the value of education,2840,"The value of education is often debated, but its importance cannot be overstated. Education empowers individuals with knowledge, critical thinking, and problem-solving skills, enabling them to make informed decisions and contribute to society. It breaks cycles of poverty, fosters social mobility, and promotes economic growth. Investing in education yields long-term benefits, including improved health, increased productivity, and reduced crime rates. Despite these advantages, some argue that education is too costly or ineffective. However, the benefits far outweigh the costs, and education is essential for personal and societal progress.",644
768,46484B622DF0,the value of education,2710,"The value of education is often debated, but its significance cannot be overstated. Education is the foundation upon which individuals, communities, and societies are built. It empowers people with knowledge, skills, and critical thinking, enabling them to make informed decisions and contribute to the betterment of society. Without education, individuals are limited in their career prospects, earning potential, and ability to participate in civic life. Furthermore, education has a positive impact on healthcare, poverty rates, and social mobility. It is the key to unlocking individual and collective potential, and its value extends far beyond the classroom. Investing in education is essential for creating a more informed, equitable, and prosperous society. Governments and individuals must prioritize education to reap its long-term benefits and create a brighter future for all. Education is not a luxury, but a necessity, and its value is undeniable.",961
769,7A25BCF70487,a topic of personal interest,1118,"Standardized testing is a flawed system. It creates unnecessary stress and doesn't accurately measure intelligence. Many students are exceptional learners, yet poor test-takers. We should adopt more holistic assessments, considering creativity, critical thinking, and problem-solving skills, to provide a more accurate representation of a student's abilities.",359
770,610FA0016255,what it takes to achieve success,3120,"Achieving success is often attributed to luck or innate talent, but this oversimplifies the process. In reality, success requires dedication, perseverance, and a well-thought-out strategy. Setting clear goals and creating a plan to achieve them is essential, as it provides direction and focus. Hard work and resilience are also crucial, as they enable individuals to overcome obstacles and maintain momentum. Furthermore, a growth mindset and willingness to learn from failures are vital, as they allow for adaptation and improvement. While luck and talent may play a role, they are not the primary drivers of success. Instead, it is the intentional effort and deliberate practice that ultimately lead to achieving one's goals. By adopting this mindset, individuals can take control of their success and make meaningful progress towards their objectives, leading to a more fulfilling and accomplished life. With persistence and the right approach, anyone can achieve success.",976
771,7EED34A43536,a topic of personal interest,3382,"The benefits of adopting a plant-based diet have been debated for years, with some arguing it's a crucial step towards a healthier lifestyle and others claiming it's too restrictive. I strongly believe that a plant-based diet is essential for both personal health and environmental sustainability. 

Not only does a plant-based diet reduce the risk of chronic diseases like heart disease and diabetes, but it also promotes weight loss and increases energy levels. Additionally, animal agriculture is a significant contributor to greenhouse gas emissions, deforestation, and water pollution. 

By switching to a plant-based diet, individuals can significantly reduce their carbon footprint and contribute to a more sustainable future. While some may argue that plant-based diets are lacking in essential nutrients, this can be easily mitigated with proper planning and education. With the numerous health and environmental benefits, I firmly believe that adopting a plant-based diet is a crucial step towards a healthier, more sustainable world.",1044
772,2BE976C99FDF,a topic of personal interest,2455,"The implementation of universal basic income (UBI) has been a topic of debate in recent years. I firmly believe that UBI is a necessary step towards creating a more equitable society. With the rise of automation and artificial intelligence, many jobs are at risk of being replaced, leaving millions of people without a steady income. UBI would provide a safety net, ensuring that everyone's basic needs are met. Additionally, UBI would allow people to pursue their passions, rather than just taking any job for the sake of a paycheck. This would lead to a more creative and innovative society. However, some argue that UBI is too costly and would be inefficient. I counter that the cost of implementing UBI would be offset by the reduction in poverty-related crimes and the improvement in overall well-being. Furthermore, UBI would give people the financial security to start their own businesses, creating new job opportunities. In conclusion, UBI is a vital policy that would benefit society as a whole, and its implementation is long overdue. By providing a basic income guarantee, we can create a more just and prosperous society for all.",1142
773,A6745A8EE7AF,the importance of having a positive attitude,1455,"Having a positive attitude is crucial for achieving success and overall well-being. It enables individuals to approach challenges with confidence and resilience, leading to greater accomplishments. A positive mindset also fosters stronger relationships, better mental health, and increased productivity. By adopting a positive attitude, individuals can overcome obstacles and reach their full potential, ultimately leading to a more fulfilling life.",449
774,8EEEF415AA1E,what it takes to achieve success,2753,"Achieving success is often attributed to innate talent or luck, but this oversimplifies the complex process. In reality, success stems from a combination of hard work, resilience, and strategic planning. Diligence and perseverance are essential, as they enable individuals to overcome obstacles and stay focused on their goals. Moreover, a well-thought-out plan, adaptability, and continuous learning are crucial in navigating the ever-changing landscape of their field. While talent and luck may play a role, they are not the primary drivers of success. Ultimately, it is the dedication and persistence of an individual that yields lasting achievement.",653
775,63AB55DADABF,the value of education,3978,"The value of education is a topic of great debate. While some argue that it is unnecessary, I firmly believe that education is essential for personal and societal growth. Through education, individuals gain knowledge, critical thinking skills, and problem-solving abilities, enabling them to make informed decisions and navigate complex situations. Education also fosters social mobility, allowing individuals to break free from poverty and achieve their full potential. Furthermore, education has a positive impact on the economy, as a well-educated workforce is more productive and innovative. In addition, education promotes equality, as it provides individuals with the skills and knowledge necessary to compete in the job market. In conclusion, education is invaluable, and its benefits extend far beyond the individual, positively impacting society as a whole. By investing in education, we invest in our future, and it is crucial that we prioritize education to ensure a brighter, more prosperous tomorrow.",1013
776,0016926B079C,the value of education,1387,"Education is invaluable, providing individuals with knowledge, critical thinking, and problem-solving skills. It breaks social and economic barriers, fostering personal growth and development. A well-educated society is more likely to make informed decisions, driving innovation and progress. Investing in education yields long-term benefits, including increased productivity and economic growth. Therefore, education should be a top priority, as it empowers individuals and societies to reach their full potential.",515
777,52F9582F9C86,the value of education,3680,"The value of education is a topic of ongoing debate. While some argue that education is unnecessary, I firmly believe that it is crucial for individual and societal success. Education provides individuals with the knowledge, skills, and critical thinking abilities necessary to navigate the complexities of the world. It enables people to make informed decisions, participate in the workforce, and contribute to their communities. Furthermore, education has been proven to reduce poverty, improve health outcomes, and increase economic growth. Despite the rising costs of tuition, the benefits of education far outweigh the costs. In fact, studies have shown that educated individuals earn higher salaries, have lower unemployment rates, and are more likely to start their own businesses. Additionally, education promotes social mobility, allowing individuals to break free from the constraints of their socio-economic backgrounds. In conclusion, education is a vital investment in one's future, and its value cannot be overstated. It is essential for individuals, communities, and societies to prioritize education and make it accessible to all. By doing so, we can create a more informed, productive, and prosperous world.",1224
778,83B3CD03C693,the value of education,1333,"Education is invaluable, as it empowers individuals with knowledge and skills. It fosters critical thinking, problem-solving, and creativity, enabling them to adapt to an ever-changing world. Without education, people lack opportunities and are more susceptible to poverty and inequality. Investing in education yields long-term benefits, including improved health, economic growth, and social mobility. It is essential for personal and societal development, making it a fundamental right that should be accessible to all. By prioritizing education, we can create a more informed, innovative, and prosperous society.",616
779,F9D0974B3AF7,the value of education,1167,"Education is invaluable, as it empowers individuals with knowledge and skills to succeed. It fosters critical thinking, creativity, and problem-solving, enabling people to adapt in a rapidly changing world. Moreover, education promotes social mobility, reduces poverty, and enhances economic growth. Despite its costs, the long-term benefits of education, including improved health and civic engagement, outweigh the expenses. Thus, investing in education is crucial for personal and societal development.",505
780,8E2EB0B4B92C,a topic of personal interest,2740,"The implementation of renewable energy sources is a pressing issue. Climate change necessitates a shift away from fossil fuels. Solar and wind power are viable alternatives, offering reduced greenhouse gas emissions and energy independence. Despite initial costs, long-term savings and job creation outweigh these expenses. However, there is resistance from fossil fuel industries. Governments must prioritize the future, investing in renewable energy to ensure a sustainable tomorrow. The benefits of renewable energy, including improved public health and reduced pollution, make this transition imperative. It is our responsibility to act now and secure a livable future for generations to come.",697
781,B1BF25C4C28B,what it takes to achieve success,2797,"Achieving success is often attributed to a combination of hard work, luck, and opportunity. However, some argue that intelligence, talent, and innate ability play a significant role. I firmly believe that success is primarily the result of dedication and perseverance. It is the willingness to put in the time and effort to develop skills and overcome obstacles that ultimately leads to success. Intelligence and talent can provide an initial advantage, but they are not the determining factors. Many individuals with natural ability fail to reach their full potential due to a lack of dedication and resilience. On the other hand, those who are willing to put in the work and learn from their failures often achieve greater success. Ultimately, success is not solely dependent on innate qualities, but rather the result of a relentless pursuit of excellence and a willingness to continuously improve and adapt.",911
782,508A9EC12C44,the impact of technology on society,1844,"The impact of technology on society is a contentious issue. While some argue it has improved our lives, others claim it has led to social isolation and decreased human interaction. Technology has undoubtedly increased efficiency and accessibility, enabling global communication and access to vast information. However, excessive screen time and social media have been linked to mental health issues and decreased attention span. Furthermore, the rise of automation has led to job displacement, exacerbating income inequality. Ultimately, technology is a double-edged sword, and its effects on society depend on how we utilize it. By striking a balance between technology use and human interaction, we can mitigate its negative consequences and harness its benefits to create a more equitable and connected society.",814
783,1247CB034EF7,the value of education,1319,"Education is invaluable, yet often underappreciated. It empowers individuals, fosters critical thinking, and promotes societal progress. By acquiring knowledge and skills, people can break cycles of poverty and inequality. Education also promotes tolerance, understanding, and empathy. It is essential for personal and economic growth, allowing individuals to make informed decisions and contribute to their communities. Investing in education is crucial for a brighter, more equitable future.",493
784,68685615FE0C,the value of education,3402,"The value of education is often debated, but its significance cannot be overstated. Education is the backbone of society, providing individuals with the knowledge, skills, and critical thinking necessary to succeed in life. It empowers people to make informed decisions, challenges their perspectives, and fosters personal growth. Moreover, education has a direct impact on economic growth, as a well-educated workforce is more productive and innovative. However, some argue that the rising cost of education and the availability of alternative learning methods, such as online tutorials and apprenticeships, diminish its value. Nevertheless, formal education provides a structured and comprehensive learning environment that is essential for social mobility and intellectual development. Ultimately, education is a valuable investment in one's future, and its importance should not be underestimated. By prioritizing education, we can create a more informed, skilled, and prosperous society.",992
785,E597A35FA323,a topic of personal interest,2265,"The implementation of universal basic income (UBI) is a highly debated topic. I firmly believe that UBI is essential for a fair and equitable society. With automation replacing jobs, UBI would provide a safety net for individuals who lose their employment. It would also alleviate poverty, as every citizen would have a guaranteed minimum income. Additionally, UBI would foster creativity and entrepreneurship, as people would have the financial security to pursue their passions. Critics argue that UBI is too expensive, but I counter that it would actually reduce poverty-related costs and stimulate economic growth. Implementing UBI is a moral imperative, and it's time for governments to take action.",704
786,AD9CEE5A6FFF,a topic of personal interest,1288,"Standardized testing is a flawed system. It creates unnecessary stress, stifles creativity, and fails to accurately measure intelligence. These tests prioritize rote memorization over critical thinking, leading to a narrow focus on test preparation rather than meaningful learning.",281
787,F4C52358CE03,what it takes to achieve success,1270,"Achieving success requires more than just talent. It demands dedication, perseverance, and a willingness to learn from failure. While some argue that natural ability is the key to success, I firmly believe that hard work and resilience are the true driving forces. By pushing through obstacles and continuously improving, individuals can overcome limitations and reach their full potential. Ultimately, success is not just about achieving a goal, but about the journey and the person you become along the way.",509
788,4CB5C9A9AD5A,the value of education,2026,"The value of education is a topic of ongoing debate, with some arguing it's inflated and others claiming it's indispensable. I firmly believe that education is crucial for individuals and society as a whole. It not only enhances personal growth and development but also fosters critical thinking, problem-solving, and communication skills. Educated individuals are more likely to contribute positively to their communities, drive innovation, and make informed decisions. Moreover, education has been shown to have a direct impact on socioeconomic mobility, with higher levels of education often leading to better job prospects and higher earnings. Despite the rising costs and accessibility issues, the long-term benefits of education far outweigh the drawbacks. By investing in education, we invest in our future, and it's essential that we prioritize and support educational initiatives to ensure a more enlightened, equitable, and prosperous society.",953
789,87B7FE5BD9D7,the value of education,978,"Education is invaluable, providing individuals with knowledge, skills, and critical thinking. It breaks social and economic barriers, fostering personal growth, and social mobility. By investing in education, we cultivate a more informed, empathetic, and innovative society. It is essential for personal and societal progress, enabling us to adapt and thrive in an ever-changing world.",385
790,325B2F7BB3B1,the importance of having a positive attitude,1023,"Having a positive attitude is crucial for success. It boosts confidence, enhances resilience, and fosters strong relationships. A positive mindset enables individuals to approach challenges with optimism, leading to increased motivation and productivity. Conversely, a negative attitude can hinder progress and lead to stagnation. By adopting a positive attitude, one can overcome obstacles, achieve goals, and lead a fulfilling life. It's essential to cultivate positivity to unlock one's full potential.",505
791,D001F6D3A0D0,a topic of personal interest,3002,"The Benefits of Plant-Based Diets: A Key to Better Health. 
As the world grapples with rising healthcare costs and increasing rates of chronic diseases, one solution stands out: plant-based diets. 
A well-planned plant-based diet can provide numerous health benefits, including reducing the risk of heart disease, type 2 diabetes, and certain types of cancer. 
Additionally, plant-based diets tend to be high in fiber and low in saturated fats, which can help with weight management and improve overall digestive health. 
Some may argue that plant-based diets are restrictive or lack essential nutrients, but this can be easily rectified by consuming a variety of whole, minimally processed foods, including fruits, vegetables, whole grains, and legumes. 
Furthermore, plant-based diets are also better for the environment, as animal agriculture is a significant contributor to greenhouse gas emissions and deforestation. 
In conclusion, adopting a plant-based diet can have a significant impact on both our health and the health of the planet, making it a choice that is hard to ignore.",1087
792,D1C5C7879A33,the value of education,1440,"Education is invaluable, providing individuals with the skills and knowledge necessary for success. It breaks cycles of poverty, fosters critical thinking, and promotes social mobility. Without education, societies stagnate and economies suffer. Investment in education yields long-term benefits, including improved health and civic engagement. Therefore, it is essential that we prioritize education, ensuring equal access for all, to create a more informed, empathetic, and prosperous world. By doing so, we invest in our collective future, driving progress and innovation.",575
793,A902D2DE1A8A,a topic of personal interest,805,Climate change is a pressing issue. I firmly believe we must transition to renewable energy sources to reduce our reliance on fossil fuels and mitigate its effects. We owe it to future generations to act now and protect the planet.,231
794,0D5DA97CCEAE,a topic of personal interest,2094,"The implementation of standardized testing in schools is a widely debated topic. While some argue that it promotes accountability and measures student progress, I firmly believe that it has a negative impact on education. Standardized tests create undue stress for students, limiting their creativity and critical thinking skills. They also lead to teaching methods that focus solely on test preparation, neglecting other essential subjects like art and physical education. Furthermore, these tests are often biased towards students from affluent backgrounds, putting disadvantaged students at a significant disadvantage. By abolishing standardized testing, we can foster a more well-rounded and equitable education system that prioritizes student learning and development over test scores.",790
795,1451EA314B8A,a topic of personal interest,2183,"The implementation of vegan diets in schools has sparked intense debate. Proponents argue that it promotes healthy eating and environmental sustainability. However, I firmly believe that schools should not enforce vegan diets, as it restricts students' food choices and may lead to nutrient deficiencies. A balanced diet that includes animal products is essential for growth and development. By limiting options, schools may inadvertently harm students' health. Moreover, this approach disregards cultural and personal differences, imposing a one-size-fits-all solution. Instead, schools should focus on providing a variety of healthy options, including vegan and non-vegan choices, to cater to diverse needs and promote informed decision-making. This approach encourages students to make conscious food choices while respecting individual preferences and requirements. Ultimately, a flexible and inclusive approach to school meals is more beneficial than a restrictive vegan-only policy.",988
796,6BC83A3F4934,a topic of personal interest,1233,"The implementation of a universal basic income is a topic of great interest to me. I firmly believe it is essential for bridging the wealth gap. By providing every citizen with a guaranteed minimum income, we can alleviate poverty and promote financial security. This, in turn, would allow individuals to pursue meaningful careers rather than just taking any job for the sake of a paycheck. Additionally, a universal basic income would simplify welfare systems and reduce bureaucracy. It's time for governments to consider this innovative approach to address inequality and promote economic growth.",598
797,4E7DD441DAC8,the value of education,974,"Education is invaluable, as it empowers individuals with knowledge, critical thinking, and problem-solving skills. It breaks social and economic barriers, fostering personal growth and societal progress. By investing in education, we invest in a brighter future, promoting innovation, equality, and prosperity.",310
798,66F8D7FB98BE,a topic of personal interest,1524,"Standardized testing should be abolished in schools. It creates undue stress on students and teaches them to memorize rather than think critically. This leads to a narrow focus on test preparation, limiting the scope of education and hindering creativity. Furthermore, it disproportionately affects students from lower-income backgrounds who may not have access to the same resources as their peers. This perpetuates educational inequality, making it difficult for these students to succeed. By removing standardized testing, we can foster a more inclusive and well-rounded educational system that values individuality and creativity.",634
799,A22EECAB91E9,the value of education,2239,"The value of education is often debated, but it remains a crucial aspect of personal and societal development. Education provides individuals with the skills and knowledge necessary to succeed in their chosen careers, fostering financial stability and independence. Moreover, it promotes critical thinking, problem-solving, and effective communication, allowing individuals to contribute to their communities in meaningful ways. A well-educated population also leads to a more informed and engaged citizenry, capable of making informed decisions and participating in the democratic process. In contrast, a lack of education can lead to poverty, unemployment, and social inequality. Therefore, investing in education is essential for creating a prosperous and equitable society, and it is our responsibility to prioritize it. By doing so, we can empower individuals, promote economic growth, and build a brighter future for all. Education is the key to unlocking human potential, and its value cannot be overstated.",1014
800,B7FABBC13A0F,a topic of personal interest,6031,"The topic of universal basic income (UBI) has gained significant attention in recent years, with many advocating for its implementation as a solution to poverty and economic inequality. As someone who is passionate about social justice and economic empowerment, I firmly believe that UBI is a necessary step towards creating a more equitable society.

One of the primary arguments against UBI is that it is too expensive to implement, and that the costs would be too great for governments to bear. However, I would argue that the costs of not implementing UBI are far greater. Poverty and economic inequality have significant social and economic costs, including increased healthcare costs, crime rates, and decreased economic mobility. By providing a basic income guarantee, UBI can help to mitigate these costs and create a more stable and prosperous society.

Another argument against UBI is that it would reduce the incentive for people to work, and that it would lead to a decrease in productivity. However, I would argue that this is a misguided assumption. Many people are already working multiple jobs just to make ends meet, and UBI would provide them with the financial security they need to pursue meaningful and fulfilling work. Additionally, UBI would give people the freedom to pursue entrepreneurial ventures and creative endeavors, which could lead to innovation and economic growth.

Furthermore, UBI is not just a moral imperative, but also an economic one. With the rise of automation and artificial intelligence, many jobs are at risk of being replaced, and UBI could provide a safety net for those who are displaced. It could also help to stimulate local economies, as people would have more money to spend on goods and services.

In conclusion, while there are valid concerns about the implementation of UBI, I firmly believe that the benefits far outweigh the costs. UBI has the potential to create a more equitable society, where everyone has access to basic necessities like food, shelter, and healthcare. It could also provide people with the financial security they need to pursue meaningful and fulfilling work, and to contribute to their communities in meaningful ways. As such, I strongly advocate for the implementation of UBI, and I believe that it is a necessary step towards creating a more just and prosperous society for all.",2361
801,DA26E5E2C08E,a topic of personal interest,4243,"The Impact of Social Media on Mental Health: A Growing Concern. 
Social media has become an integral part of our daily lives, with billions of people around the world using platforms like Instagram, Facebook, and Twitter. While social media has its benefits, such as connecting us with others and providing a platform for self-expression, it also has a darker side. Excessive social media use has been linked to a range of mental health problems, including anxiety, depression, and loneliness. 
One of the main reasons social media can be harmful to our mental health is the way it presents a curated version of other people's lives. We see the highlight reels of our friends' and celebrities' lives, and it's easy to compare and feel like we don't measure up. This can lead to feelings of inadequacy and low self-esteem, which can be particularly damaging for young people who are still developing their sense of identity.
Furthermore, social media can be addictive, activating the brain's reward system and releasing feel-good chemicals like dopamine. This can lead to a vicious cycle of constant checking and scrolling, as we become hooked on the instant gratification and validation that social media provides. 
However, it's not all doom and gloom. Social media can also be a powerful tool for good, providing a platform for people to connect with others who share similar experiences and interests. It can also be a useful resource for people who are struggling with mental health issues, providing access to support groups and online therapy sessions. 
In conclusion, while social media has its benefits, it's clear that excessive use can have a negative impact on our mental health. By being aware of the potential risks and taking steps to mitigate them, we can use social media in a way that promotes positive mental health and wellbeing. This can involve setting boundaries around our social media use, taking regular breaks, and engaging in offline activities that bring us joy and fulfillment.",2006
802,352F0193E251,the importance of friendship and relationships,1604,"The significance of friendship and relationships cannot be overstated. Humans are social creatures, and our connections with others play a vital role in our emotional and mental well-being. Friendships provide support, laughter, and a sense of belonging, which are essential for a happy and healthy life. Moreover, strong relationships have been shown to have a positive impact on our physical health, reducing stress and anxiety. Investing in friendships and nurturing relationships is crucial for our overall quality of life, and it's essential to prioritize them. By doing so, we can build a strong foundation for a fulfilling life, filled with love, support, and connection.",678
803,D2C7BE42DEF6,a topic of personal interest,2634,"The implementation of universal basic income (UBI) is a highly debated topic. As someone who believes in the potential of UBI to alleviate poverty, I strongly argue that it should be adopted. Many critics claim that UBI is too expensive and ineffective, but I counter that the benefits outweigh the costs. With UBI, every citizen would receive a guaranteed minimum income, providing financial security and freedom to pursue meaningful work. This could lead to increased entrepreneurship, creativity, and overall well-being. Additionally, UBI could simplify welfare systems and reduce bureaucracy. While some argue that UBI would reduce the incentive to work, I believe that it would actually enable people to take risks and pursue their passions. By providing a safety net, UBI could empower individuals to contribute to society in more meaningful ways. Overall, I firmly believe that UBI is a necessary step towards creating a more equitable and prosperous society. By adopting UBI, we can ensure that everyone has access to basic needs and opportunities, leading to a brighter future for all.",1094
804,1FACF7E8D0A7,a topic of personal interest,768,"Standardized testing is outdated. It fails to account for individual learning styles and creativity, instead prioritizing rote memorization. This narrow approach neglects emotional intelligence and critical thinking, essential skills for success. Alternative assessments, such as project-based evaluations, would provide a more comprehensive measure of a student's abilities.",375
805,5FFB959ED7BA,a topic of personal interest,524,"Standardized testing is unfair, as it doesn't account for individual learning styles and can be culturally biased, leading to inaccurate assessments of students' abilities.",172
806,1087B6C7FB98,the value of education,1879,"Education is the backbone of society, and its value cannot be overstated. It fosters critical thinking, creativity, and problem-solving skills, allowing individuals to contribute to the economy and their communities. Moreover, education promotes social mobility, bridging the gap between socioeconomic classes. Some argue that its cost is a deterrent, but the long-term benefits, including increased earning potential and better health, far outweigh the expenses. In conclusion, education is a vital investment in human capital, driving innovation and progress. By prioritizing education, we can create a more informed, skilled, and prosperous society.",652
807,4E0FDE02216A,the importance of having a positive attitude,1192,"A positive attitude is essential for success. It fosters resilience, boosts confidence, and enhances relationships. With a positive mindset, individuals are more likely to take risks, overcome obstacles, and achieve their goals. Conversely, a negative attitude can lead to complacency, poor decision-making, and stagnation. By adopting a positive attitude, one can unlock their full potential, leading to a more fulfilling life. Embracing positivity is crucial for personal and professional growth, making it a vital trait to cultivate. Ultimately, a positive attitude is the key to achieving success and happiness.",615
808,8D14BC33208D,the value of education,1172,"Education is invaluable, providing individuals with knowledge, critical thinking, and problem-solving skills. It fosters personal growth, independence, and social mobility. Critics argue that education is expensive and not a guarantee of success, but it is essential for societal progress and innovation. Without education, we would lack skilled professionals, entrepreneurs, and leaders. Education empowers people to make informed decisions, contributing to a more informed and engaged citizenry. Its value extends beyond personal benefits, driving economic growth and development. Investing in education is crucial for a prosperous future.",641
809,48AC182E4ADC,the impact of technology on society,2283,"The impact of technology on society is a topic of great debate. While some argue that technology has improved our lives, others claim it has led to social isolation and decreased face-to-face interaction. I firmly believe that technology has had a negative impact on society. The rise of social media has created a culture of comparison, where people present a curated version of themselves, leading to feelings of inadequacy and low self-esteem. Furthermore, the increased use of smartphones has led to a decline in attention span and deep thinking. Additionally, technology has also led to job displacement, as automation replaces human workers. Overall, the negative effects of technology on society far outweigh its benefits, and it is essential to find a balance between technology use and human interaction to mitigate these negative consequences.",853
810,D9AAC11BC7AC,a topic of personal interest,1498,"The implementation of standardized testing in schools has been a long-standing debate. I firmly believe that standardized tests are detrimental to students' learning experiences. These tests create immense stress and anxiety, often leading to poor performance. Furthermore, they only measure a narrow range of skills, neglecting important aspects like creativity and critical thinking. By abolishing standardized tests, we can foster a more holistic and inclusive education system, allowing students to thrive and reach their full potential. This, in turn, will lead to a more well-rounded and innovative future generation.",623
811,7AC357DAA5D7,the importance of having a positive attitude,2139,"Having a positive attitude is essential for achieving success and overall well-being. A positive mindset allows individuals to approach challenges with confidence and resilience, leading to greater accomplishments. It also fosters better relationships, as a positive attitude is infectious and attracts like-minded people. Moreover, a positive attitude has been linked to improved physical and mental health, including lower stress levels and a stronger immune system. In contrast, a negative attitude can lead to stagnation, poor relationships, and decreased health. By adopting a positive attitude, individuals can take control of their lives, overcome obstacles, and reach their full potential. This, in turn, can lead to a more fulfilling and successful life. Therefore, cultivating a positive attitude is crucial for achieving happiness and success.",854
812,6CA2ADCE9A7F,a topic of personal interest,1483,"The implementation of veganism is a highly debated topic. Many argue it's impractical, but I firmly believe it's essential for our planet's survival. Animal agriculture is a leading cause of greenhouse gas emissions, deforestation, and water pollution. By adopting a vegan lifestyle, we can significantly reduce our carbon footprint and promote sustainability. Additionally, a well-planned vegan diet can improve overall health and wellbeing. While some may argue that veganism is restrictive, I believe the benefits far outweigh the limitations. It's our responsibility to take action and make conscious choices to protect the environment and ensure a healthier future.",670
813,40788D50B102,a topic of personal interest,915,"Standardized testing is a flawed education system. It promotes rote memorization over critical thinking, causing undue stress for students. This outdated method should be replaced with more comprehensive assessments, allowing students to showcase their skills and creativity, ultimately preparing them for real-world challenges.",328
814,AB9FC91ABAD7,a topic of personal interest,3240,"The implementation of universal basic income (UBI) has sparked intense debate. I firmly believe that UBI is essential for a fair and equitable society. By providing every citizen with a guaranteed minimum income, UBI alleviates poverty and ensures that basic needs are met. It also gives people the freedom to pursue meaningful work, rather than just taking any job for the sake of a paycheck. Critics argue that UBI is too costly, but I counter that it can be funded through a more progressive tax system and by reducing unnecessary government spending. Moreover, UBI has been shown to have numerous benefits, including improved mental and physical health, increased entrepreneurship, and a reduction in crime. With automation and artificial intelligence on the rise, UBI is not just a moral imperative, but an economic necessity. It is time for us to rethink our social safety net and implement a system that truly supports the well-being of all citizens.",957
815,38203808F81B,the value of education,3674,"The value of education is often debated, but its significance cannot be overstated. Education is the foundation upon which individuals, communities, and societies are built. It provides the skills, knowledge, and critical thinking necessary to succeed in an ever-changing world. Without education, individuals are left behind, unable to compete in the job market or contribute meaningfully to their communities.

Education has been shown to have a direct impact on economic growth, with studies demonstrating that each additional year of schooling can increase an individual's earnings by up to 10%. Furthermore, education has been linked to improved health outcomes, reduced crime rates, and increased civic engagement. It is the key to unlocking a person's full potential, allowing them to make informed decisions and participate fully in society.

Despite these benefits, many argue that education is too expensive or that alternative forms of learning, such as online tutorials or apprenticeships, can replace traditional schooling. However, while these alternatives have their place, they cannot replicate the comprehensive education and socialization provided by a traditional school setting. Education is not just about acquiring knowledge, but also about developing important life skills, such as communication, teamwork, and problem-solving.

In conclusion, the value of education is undeniable. It is essential for individuals, communities, and societies to thrive. Rather than devaluing education, we should be working to increase access to quality education for all, regardless of socioeconomic background or geographical location. By doing so, we can create a more informed, skilled, and productive workforce, and build a brighter future for generations to come. Education is an investment, not a cost, and one that has the potential to reap significant rewards for individuals and society as a whole.",1914
816,F75BD3928377,a topic of personal interest,1701,"As an avid environmentalist, I strongly believe that single-use plastics should be banned. The devastating impact of plastic waste on our oceans and wildlife is undeniable. Plastic bags, straws, and water bottles contribute to millions of tons of pollution, harming innocent animals and contaminating the food chain. Furthermore, the production of these plastics relies on fossil fuels, exacerbating climate change. Many countries have successfully implemented bans, resulting in significant reductions in plastic waste. It's time for others to follow suit and prioritize the health of our planet. By making this simple change, we can significantly mitigate the damage and create a more sustainable future.",706
817,B6ADED946A1A,a topic of personal interest,1758,"The implementation of universal basic income (UBI) is a highly debated topic. As automation replaces jobs, UBI is necessary to ensure a minimum standard of living. Critics argue it's too expensive, but I disagree. A UBI would stimulate economic growth, reduce poverty, and improve mental health. It would also give people the freedom to pursue careers they're passionate about, rather than just taking any job for the money. Additionally, UBI would simplify welfare systems and reduce bureaucracy. While there are valid concerns about funding, I believe the benefits outweigh the costs. Implementing UBI would be a vital step towards creating a more equitable society.",668
818,B459B5B87707,a topic of personal interest,3444,"The implementation of a universal basic income (UBI) has sparked intense debate in recent years. As someone who is passionate about social welfare, I firmly believe that UBI is a necessary step towards creating a more equitable society. By providing every citizen with a guaranteed minimum income, UBI can help alleviate poverty, reduce income inequality, and promote economic mobility.

One of the primary arguments against UBI is that it would be too costly to implement. However, I would counter that the benefits of UBI far outweigh the costs. For instance, a study in Finland found that UBI recipients reported better well-being, trust, and life satisfaction. Additionally, UBI can help reduce the administrative burden of existing welfare programs, streamlining the system and making it more efficient.

Furthermore, UBI can help address the root causes of poverty, such as lack of education and job opportunities. By providing a safety net, UBI can empower individuals to pursue education and training, leading to better job prospects and higher earning potential. This, in turn, can help stimulate economic growth and reduce reliance on government assistance programs.

While some may argue that UBI is a handout, I believe it is an investment in human capital. By providing a basic level of economic security, UBI can help individuals reach their full potential, contributing to a more productive and innovative society. Ultimately, I firmly believe that UBI is a vital step towards creating a more just and equitable society, and I urge policymakers to consider implementing this vital policy.",1603
819,21EFAE02832D,a topic of personal interest,3392,"The implementation of mandatory recycling programs is a pressing issue that warrants attention. With the world's plastic waste expected to triple by 2050, it is imperative that we adopt sustainable practices to mitigate this crisis. Mandatory recycling programs have been proven to significantly reduce waste and increase recycling rates. For instance, communities that have implemented curbside recycling have seen a substantial decrease in landfill waste. Additionally, recycling conserves natural resources, reduces greenhouse gas emissions, and saves communities money on waste disposal. Critics argue that mandatory recycling is an overreach of government authority, but the benefits far outweigh the costs. By making recycling a requirement, we can ensure a cleaner, healthier environment for future generations. It is our responsibility to take action and make recycling a priority. We owe it to ourselves, our children, and the planet to adopt sustainable practices and reduce waste. Mandatory recycling programs are a crucial step towards a more environmentally conscious future.",1088
820,66133AC6189A,the importance of friendship and relationships,1163,"Friendships and relationships are crucial to our well-being. They provide emotional support, a sense of belonging, and opportunities for personal growth. Isolation can lead to depression and anxiety. Nurturing friendships can boost self-esteem and overall happiness. Investing in relationships is essential for a fulfilling life.",329
821,1CB9668F242D,a topic of personal interest,2419,"The implementation of stricter gun control laws is a highly debated topic. As a strong advocate for gun control, I firmly believe that stricter laws can significantly reduce gun violence. The United States has one of the highest gun-related death rates in the world, with over 39,000 deaths annually. Implementing background checks, red flag laws, and magazine capacity limits can help prevent these tragedies. Opponents argue that stricter laws infringe upon Second Amendment rights, but I counter that the right to bear arms does not supersede the right to life. Stricter gun control laws can coexist with individual freedoms, promoting a safer society for all.",663
822,F6AA88DC9ACA,a topic of personal interest,3489,"The implementation of a four-day workweek has been a topic of debate in recent years. Proponents argue that it would lead to increased productivity, better work-life balance, and reduced carbon emissions. On the other hand, critics claim that it would result in decreased productivity and negatively impact businesses. However, I firmly believe that a four-day workweek is the way forward. 

With the advancement of technology, many jobs can now be done remotely, allowing employees to manage their time more efficiently. A shorter workweek would give employees an extra day off to recharge, reducing burnout and absenteeism. This, in turn, would lead to increased productivity and job satisfaction. Additionally, a four-day workweek would result in significant environmental benefits, such as reduced commuting time and lower energy consumption. 

It is also worth noting that several countries, including Iceland and Japan, have successfully implemented a four-day workweek, with positive results. Employees reported better work-life balance, and businesses saw increased productivity and reduced turnover rates. 

In conclusion, the benefits of a four-day workweek far outweigh the drawbacks. It is time for businesses and governments to consider implementing this policy, and I am confident that it would have a positive impact on employees, businesses, and the environment. By adopting a four-day workweek, we can create a more sustainable and productive workforce, and it is an idea that is worth exploring.",1513
823,9DB1E261C00D,the value of education,1070,"Education is essential for personal and societal growth. It fosters critical thinking, problem-solving, and independence. By acquiring knowledge and skills, individuals can secure better job opportunities, higher salaries, and improved living standards. Education also promotes civic engagement, social mobility, and informed decision-making. Investing in education yields long-term benefits, including reduced poverty and crime rates. Therefore, education is a valuable investment that should be prioritized.",509
824,B7626C8D1FAB,the value of education,3148,"The value of education is often debated, but its importance cannot be overstated. Education provides individuals with the knowledge, skills, and critical thinking abilities necessary to succeed in life. It broadens perspectives, fosters creativity, and enhances problem-solving capabilities. Moreover, education has a direct impact on economic growth, as a well-educated workforce is more productive and innovative. Despite this, some argue that education is not essential for success, citing examples of successful entrepreneurs who dropped out of school. However, these instances are exceptions rather than the rule. In reality, the vast majority of successful individuals have a strong educational foundation. Furthermore, education is not just about personal gain; it also has societal benefits, such as reducing crime rates and improving public health. In conclusion, the value of education is undeniable, and it is essential for individuals, communities, and societies to thrive. By investing in education, we can create a more informed, skilled, and prosperous world.",1074
825,20BC5CCE8C64,a topic of personal interest,3380,"The implementation of vegan diets in schools has been a topic of debate.  Many argue it's unnecessary, but I firmly believe it's essential for promoting sustainability, improving health, and teaching compassion. Animal agriculture is a leading cause of greenhouse gas emissions, and by adopting vegan meal options, schools can significantly reduce their carbon footprint. 

Additionally, a well-planned vegan diet provides numerous health benefits, including lower rates of obesity, heart disease, and diabetes. It also promotes food variety and exposes students to new flavors and cuisines. Furthermore, veganism teaches empathy and kindness towards all living beings, fostering a more compassionate and inclusive environment. 

By incorporating vegan meals into school menus, we can inspire a new generation to make conscious food choices, ultimately contributing to a more sustainable and equitable food system. It's time for schools to take the lead and provide students with nutritious, eco-friendly, and compassionate meal options that benefit both individuals and the planet. This is a crucial step towards a more sustainable future, and it starts with the food we serve in our schools.",1193
826,87AF2FEABA83,the value of education,2178,"The value of education is often debated, but its importance cannot be overstated. Education is the foundation upon which individuals, communities, and societies are built. It provides the tools necessary for personal growth, economic prosperity, and social mobility. Without education, individuals are limited in their ability to secure well-paying jobs, make informed decisions, and contribute to their communities. Furthermore, education has been shown to have a positive impact on health, crime rates, and civic engagement. Critics may argue that education is too expensive or that it does not guarantee success, but the benefits far outweigh the costs. Investing in education is investing in the future, and it is essential for creating a more knowledgeable, skilled, and prosperous society. Ultimately, education is the key to unlocking human potential and creating a better world.",886
827,1C1E049AB15F,a topic of personal interest,2711,"Standardized testing is a topic of great debate in the educational community. Many proponents argue that these tests provide an accurate measure of a student's knowledge and preparation for higher education. However, I firmly believe that standardized testing is an outdated and limiting practice that fails to account for individual learning styles and creativity. 

These tests often prioritize rote memorization over critical thinking and problem-solving skills, resulting in a narrow and uninspired approach to learning. Furthermore, the high-stakes nature of these exams can lead to undue stress and anxiety for students, negatively impacting their mental health and overall well-being. 

A more effective approach would be to implement performance-based assessments, which allow students to demonstrate their knowledge and skills in a more practical and interactive way. This method would not only provide a more comprehensive picture of a student's abilities but also foster a more engaging and meaningful learning experience. Ultimately, it is time to rethink the role of standardized testing in our education system and prioritize a more holistic and student-centered approach to learning.",1198
828,E0E060143B79,a topic of personal interest,2090,"The implementation of standardized testing in schools is a highly debated topic. Proponents argue that it provides a fair and objective measure of student knowledge. However, I firmly believe that standardized testing has a profoundly negative impact on the education system. It leads to a narrow curriculum, as teachers are forced to ""teach to the test,"" and neglects important subjects like art and music. This results in a lack of creativity and critical thinking skills in students. Moreover, standardized testing creates undue stress and anxiety, which can have long-term effects on a student's mental health. It is time to reevaluate our education system and move away from standardized testing, embracing a more holistic approach that fosters creativity, critical thinking, and emotional intelligence. By doing so, we can provide students with a well-rounded education that prepares them for success in all aspects of life.",930
829,AE0DB193F5B5,a topic of personal interest,5381,"The implementation of a universal basic income (UBI) has been a topic of interest in recent years. Proponents argue that UBI would alleviate poverty, provide financial security, and stimulate economic growth. I firmly believe that implementing UBI is a necessary step towards creating a more equitable society.

Firstly, UBI would guarantee a minimum standard of living for all citizens, ensuring that everyone's basic needs are met. This would significantly reduce poverty and income inequality, as individuals would have a financial safety net to fall back on. For instance, a UBI pilot program in Finland resulted in improved well-being, life satisfaction, and trust in institutions among recipients.

Moreover, UBI would provide individuals with the financial security to pursue their passions and interests, rather than just taking any job for the sake of a paycheck. This would lead to a more creative and innovative workforce, as people would be able to take risks and invest in themselves. Furthermore, UBI would enable entrepreneurs to start their own businesses, fostering economic growth and job creation.

Another significant advantage of UBI is its potential to simplify complex welfare systems. By providing a single, unconditional payment, UBI would consolidate and streamline existing welfare programs, reducing bureaucracy and administrative costs. This would allow governments to allocate resources more efficiently, focusing on providing essential services and support to those who need it most.

However, some critics argue that UBI is too expensive and would be difficult to implement. They claim that it would require significant tax increases, which could harm businesses and the economy. While it is true that implementing UBI would require significant funding, I believe that the benefits far outweigh the costs. In fact, a study by the Economic Security Project found that a UBI of $1,000 per month would cost approximately 3.9% of GDP, which is a relatively small price to pay for the potential benefits.

In conclusion, implementing a universal basic income is a necessary step towards creating a more equitable and just society. It would alleviate poverty, provide financial security, and stimulate economic growth. While there are valid concerns about the cost and implementation of UBI, I firmly believe that the benefits outweigh the drawbacks. As we move forward in an increasingly automated and uncertain world, UBI is an essential investment in our collective future.",2502
830,E78C1D3328E3,the value of education,1618,"The value of education is often debated, but its importance cannot be overstated. Education empowers individuals with knowledge, skills, and critical thinking, leading to better career opportunities and higher earning potential. It also fosters personal growth, broadens perspectives, and promotes social mobility. Furthermore, education has a positive impact on society as a whole, driving innovation and economic growth. Despite the costs, the long-term benefits of education far outweigh the expenses. Investing in education is essential for individuals and societies to thrive in today's competitive world.",610
831,35D43561EE62,the value of education,2122,"The value of education is undeniable. While some may argue that it's unnecessary, the benefits far outweigh the costs. Education instills critical thinking, problem-solving, and communication skills, making individuals more competitive in the job market. It also fosters personal growth, broadening perspectives and encouraging empathy. Moreover, educated individuals are more likely to contribute to their communities, drive innovation, and address societal issues. Investing in education is crucial for economic development and a better future. By prioritizing education, we can break cycles of poverty, promote equality, and create a more informed, engaged citizenry. Ultimately, the value of education lies in its ability to transform lives and societies, making it an indispensable investment for individuals and society as a whole.",837
832,5C3757B0C6AE,the importance of having a positive attitude,2414,"Having a positive attitude is crucial in today's fast-paced world. It not only improves mental health but also enhances productivity and relationships. A positive mindset helps individuals cope with stress and adversity, leading to better decision-making and a more fulfilling life. Conversely, a negative attitude can lead to anxiety, depression, and poor physical health. By adopting a positive outlook, people can develop resilience, build stronger connections, and achieve their goals more effectively. Embracing positivity can have a profound impact on one's life, making it an essential aspect of personal growth and well-being.",634
833,314E6ED40C6A,the value of education,1823,"Education is often debated as a vital component of societal development. Some argue it's a luxury, but I firmly believe it's essential. Education empowers individuals with knowledge, skills, and critical thinking, leading to better career opportunities and higher earning potential. It also fosters personal growth, independence, and social mobility. Furthermore, educated individuals are more likely to contribute positively to their communities, drive innovation, and make informed decisions. Investing in education yields long-term benefits, including reduced poverty and crime rates, improved health outcomes, and a more skilled workforce. Therefore, education is a valuable investment in both personal and societal development, and its importance cannot be overstated.",773
834,8D0B6FE098F1,the value of education,1903,"Education is the backbone of a prosperous society, and its value cannot be overstated. It empowers individuals with knowledge, critical thinking, and problem-solving skills, enabling them to contribute meaningfully to their communities. Moreover, education fosters personal growth, broadens perspectives, and promotes social mobility. It is the key to breaking cycles of poverty and inequality, as it provides individuals with the tools to compete in the job market and improve their socio-economic status. Despite its importance, many argue that education is a luxury, not a necessity. However, this perspective is misguided, as education is a fundamental human right that should be accessible to all. By investing in education, we invest in the future of our society, and it is our collective responsibility to ensure that everyone has access to quality education. Ultimately, education is the foundation upon which individuals, communities, and societies are built, and its value is undeniable.",997
835,33CC5A37AC8C,a topic of personal interest,3711,"The implementation of veganism has sparked intense debate in recent years. As someone who follows a plant-based diet, I firmly believe that adopting veganism is crucial for the well-being of our planet and its inhabitants. The animal agriculture industry is a significant contributor to greenhouse gas emissions, deforestation, and water pollution. 

Veganism not only reduces our carbon footprint but also promotes compassion and sustainability. By choosing plant-based options, we can significantly decrease the demand for animal products, ultimately reducing the number of animals raised and killed for food. Furthermore, a well-planned vegan diet provides numerous health benefits, including lower risks of heart disease and certain types of cancer.

However, some argue that veganism is too restrictive and can lead to nutrient deficiencies. I disagree, as a balanced vegan diet can provide all the necessary nutrients for optimal health. With the vast array of plant-based options available, it's easier than ever to adopt a vegan lifestyle. We must consider the long-term consequences of our food choices and take a stand for the future of our planet. By embracing veganism, we can create a more sustainable, compassionate, and healthy world for all.",1257
836,F386245C7C21,a topic of personal interest,1456,"Standardized testing is a topic of great interest to me. I firmly believe that these tests do more harm than good. They create immense stress and anxiety for students, often leading to decreased academic performance. Furthermore, they fail to account for individual learning styles and disabilities. Standardized tests prioritize rote memorization over critical thinking and creativity, stifling students' potential. They also perpetuate socioeconomic disparities, as those with access to resources can better prepare for the tests. It's time to reconsider the emphasis on standardized testing and focus on more holistic and inclusive assessment methods.",654
837,5AFBB5573AB3,the impact of technology on society,2501,"The impact of technology on society has been a topic of debate in recent years. While some argue that technology has improved our lives, others claim that it has had a detrimental effect. I firmly believe that technology has had a net positive impact on society.

On the one hand, technology has increased efficiency and productivity in the workplace. Automation has taken over mundane tasks, allowing humans to focus on more complex and creative endeavors. Additionally, technology has enabled global communication, bridging cultural and geographical divides. Social media platforms have connected people from all over the world, fostering a sense of community and promoting cultural exchange.

On the other hand, some argue that technology has led to job displacement and social isolation. However, I would counter that these issues can be mitigated with proper education and training. Furthermore, technology has also created new job opportunities and industries that did not previously exist. For instance, the rise of e-commerce has created a demand for digital marketing specialists and online customer service representatives.

In conclusion, while there are valid concerns about the impact of technology on society, I believe that the benefits far outweigh the drawbacks. Technology has improved our lives in countless ways, and it will continue to shape and improve our society in the years to come. By embracing technology and providing adequate education and training, we can ensure that its benefits are shared by all.",1530
838,77D5466305CB,the value of education,4118,"The importance of education is a widely debated topic, with some arguing that its value lies in its ability to secure a well-paying job, while others claim that it is essential for personal growth and development. In my opinion, education is invaluable, as it not only enhances career prospects but also fosters critical thinking, creativity, and emotional intelligence. 

A well-educated individual is better equipped to navigate the complexities of the modern world, making informed decisions and contributing to their community in meaningful ways. Education also promotes social mobility, allowing individuals from disadvantaged backgrounds to break the cycle of poverty and gain access to better opportunities. Furthermore, educated individuals are more likely to engage in civic activities, participate in the democratic process, and promote social justice.

Moreover, education has a profound impact on the economy, as a skilled and knowledgeable workforce is essential for driving innovation, entrepreneurship, and productivity. Investing in education is therefore crucial for national development, as it can lead to increased economic growth, improved healthcare, and a higher standard of living. Some may argue that education is too expensive or that it is not a guarantee of success, but I firmly believe that the benefits of education far outweigh the costs.

In conclusion, education is essential for personal, social, and economic development. It is a vital investment in the future, and its value extends far beyond the confines of the classroom. By prioritizing education, we can create a more informed, compassionate, and prosperous society, where individuals are empowered to reach their full potential and make a positive impact on the world. Ultimately, the value of education lies in its ability to transform lives, communities, and nations, making it an indispensable component of a successful and thriving society.",1936
839,E03B6B157C32,what it takes to achieve success,1246,"Achieving success requires perseverance, dedication, and hard work. Many believe talent is the key, but it's the consistent effort that sets individuals apart. Without resilience and a willingness to learn, even the most gifted individuals will falter. Those who put in the time and overcome obstacles are the ones who ultimately succeed.",338
840,6C9BFD05D35D,a topic of personal interest,2029,"The implementation of universal basic income (UBI) is a highly debated topic. As someone who is passionate about social welfare, I firmly believe that UBI is essential for creating a more equitable society. By providing every citizen with a guaranteed minimum income, UBI would alleviate poverty and ensure that everyone's basic needs are met. This, in turn, would have a positive impact on mental and physical health, as well as overall well-being. Critics argue that UBI is too expensive and would be difficult to implement, but I disagree. With the rise of automation and AI, many jobs are at risk of becoming obsolete, and UBI would serve as a vital safety net. Furthermore, UBI would give people the financial security to pursue their passions, rather than just taking any job for the sake of a paycheck. This would lead to a more creative and innovative society, where people are able to contribute to their full potential. While there are challenges to implementing UBI, I believe that the benefits far outweigh the costs. It's time for us to rethink our social welfare systems and create a more just and equitable society for all. By adopting UBI, we can take a significant step towards achieving this goal.",1215
841,8DF5D7CF4085,what it takes to achieve success,3480,"The concept of success is often debated, with some attributing it to luck, others to innate talent. However, I firmly believe that success is achieved through a combination of hard work, dedication, and resilience. It requires a willingness to learn from failures and setbacks, as well as the perseverance to overcome obstacles. Many successful individuals, such as Thomas Edison and J.K. Rowling, have spoken about the importance of persistence and determination in achieving their goals. Additionally, research has shown that grit and self-discipline are key factors in predicting success. While luck and talent may play a role, they are not the primary drivers of success. Ultimately, success is within reach of anyone who is willing to put in the effort and stay committed to their goals. By adopting a growth mindset and being open to learning and improvement, individuals can overcome challenges and achieve their aspirations.",932
842,3DC3405DF531,a topic of personal interest,2817,"Standardized testing has become a cornerstone of modern education, but its effectiveness is highly debated. In my opinion, these tests are not only limiting, but also detrimental to a student's learning experience. They create undue stress and anxiety, leading to a narrow focus on test preparation rather than genuine understanding. 

By prioritizing rote memorization over critical thinking, we are producing students who are ill-equipped to tackle real-world problems. Moreover, standardized tests often fail to account for individual learning styles and abilities, further exacerbating existing inequalities in education. We should shift our focus towards more holistic assessments that encourage creativity, curiosity, and intellectual exploration.",753
843,EF7E0CBD62D2,the importance of having a positive attitude,1386,"Having a positive attitude is crucial for personal and professional success. A positive mindset fosters resilience, boosts confidence, and enhances overall well-being. It allows individuals to approach challenges with optimism, leading to increased motivation and productivity. Conversely, a negative attitude can hinder progress and lead to stagnation. Therefore, it is essential to cultivate a positive attitude to achieve success and happiness in life.",455
844,1214E4605B0C,the value of education,2514,"The value of education is a highly debated topic, with some arguing it's overvalued and others claiming it's essential. I firmly believe that education is invaluable. Not only does it provide individuals with knowledge and skills, but it also fosters critical thinking, problem-solving, and creativity. Education empowers people to make informed decisions, participate in their communities, and contribute to society. It's a key factor in breaking cycles of poverty and promoting social mobility. Furthermore, education has a positive impact on personal growth, health, and well-being. Investing in education is crucial for individuals, communities, and nations to thrive and prosper. It's time to recognize the significance of education and prioritize its development, as it's the foundation for a brighter future. By doing so, we can create a more informed, tolerant, and progressive world.",892
845,7D0CE6E00B68,a topic of personal interest,1073,"Climate change is a pressing issue. Human activities, such as burning fossil fuels and deforestation, release massive amounts of carbon dioxide, leading to rising temperatures. This, in turn, causes melting of polar ice caps, sea-level rise, and extreme weather events. We must transition to renewable energy sources and reduce emissions to mitigate the effects of climate change. Governments and individuals must work together to address this global crisis, investing in sustainable technologies and implementing policies to reduce our carbon footprint. Immediate action is necessary to ensure a livable future for generations to come.",636
846,38AB1DF25E7F,the importance of having a positive attitude,1050,"Having a positive attitude is crucial for success. It fosters resilience, boosts confidence, and enhances overall well-being. A positive outlook allows individuals to approach challenges with optimism, leading to increased motivation and better outcomes. Conversely, a negative attitude can hinder progress and lead to missed opportunities. By adopting a positive mindset, individuals can overcome obstacles and achieve their goals, ultimately leading to a more fulfilling life.",478
847,263C2C01BC08,the value of education,1701,"The value of education is often debated, but its importance cannot be overstated. Education empowers individuals with knowledge, critical thinking, and problem-solving skills, enabling them to make informed decisions and contribute to society. It bridges the gap between social classes, fostering equality and social mobility. Furthermore, education promotes economic growth, as a skilled workforce drives innovation and productivity. Investing in education is crucial, as it yields long-term benefits for individuals, communities, and nations. By prioritizing education, we can break cycles of poverty, improve health outcomes, and create a more informed and engaged citizenry. Ultimately, education is the key to unlocking human potential and shaping a brighter future.",771
848,82F7210163B5,the value of education,4598,"The value of education is a topic of ongoing debate, with some arguing that it is no longer a necessary pathway to success. However, I firmly believe that education is essential for individuals, communities, and society as a whole. Education provides individuals with the skills, knowledge, and critical thinking abilities necessary to navigate an increasingly complex and interconnected world. It also fosters personal growth, independence, and autonomy, allowing individuals to make informed decisions about their lives and careers.

Moreover, education has a profound impact on socioeconomic mobility and equality. Studies have shown that individuals with higher levels of education tend to earn higher salaries, have better job prospects, and are more likely to start their own businesses. This, in turn, can help to reduce poverty and income inequality, creating a more just and equitable society. Furthermore, education has been shown to have a positive impact on health outcomes, with educated individuals more likely to make informed decisions about their health and wellbeing.

In addition, education is crucial for driving innovation and economic growth. A skilled and educated workforce is essential for developing new technologies, products, and services, which can help to stimulate economic growth and create new job opportunities. Education also plays a critical role in addressing some of the world's most pressing challenges, such as climate change, poverty, and inequality. By educating individuals about these issues and providing them with the skills and knowledge necessary to address them, we can work towards creating a more sustainable and equitable future.

Some may argue that the cost of education is prohibitively expensive, and that alternative pathways, such as vocational training or online courses, can provide similar benefits. However, while these alternatives may have some value, they cannot replace the rigor, depth, and breadth of a traditional education. A university education, for example, provides individuals with a comprehensive education in a particular field, as well as the opportunity to develop important skills, such as critical thinking, problem-solving, and communication.

In conclusion, the value of education cannot be overstated. It provides individuals with the skills, knowledge, and critical thinking abilities necessary to succeed in an increasingly complex and interconnected world. It also has a profound impact on socioeconomic mobility, health outcomes, innovation, and economic growth. As such, it is essential that we continue to prioritize education, making it accessible and affordable for all. By doing so, we can create a more just, equitable, and prosperous society, and ensure that individuals have the opportunity to reach their full potential.",2817
849,97472A5E870A,a topic of personal interest,1591,"The implementation of universal basic income (UBI) is a highly debated topic. Proponents argue it ensures everyone's basic needs are met, alleviating poverty. Critics claim it's unaffordable and discourages work. I firmly believe UBI is essential for a fair society, as it acknowledges the inherent value of human life. By providing a safety net, people are empowered to pursue meaningful work, rather than just any job for survival. This, in turn, can lead to increased creativity, innovation, and overall well-being. UBI is not a handout, but a necessary investment in human capital, allowing individuals to thrive and contribute to society in meaningful ways.",662
850,5666CD4AA5CD,what it takes to achieve success,4836,"The concept of success has been debated for centuries, with many attributing it to innate talent or luck. However, I firmly believe that success is not solely dependent on these factors, but rather the result of dedication, perseverance, and strategic planning. Achieving success requires a combination of hard work, resilience, and adaptability. It demands setting clear goals, developing a growth mindset, and being open to learning from failures. 

Moreover, success is often the culmination of a series of deliberate decisions and actions, rather than a single event. It involves being proactive, seeking out opportunities, and taking calculated risks. The ability to stay focused, motivated, and committed to one's goals, even in the face of adversity, is also crucial. Many successful individuals have experienced setbacks and failures, but it is their determination and refusal to give up that ultimately led to their success.

In addition, having a strong support system, such as mentors, peers, and family, can also play a significant role in achieving success. Surrounding oneself with people who provide encouragement, guidance, and constructive feedback can help individuals stay on track and overcome obstacles. Furthermore, being accountable for one's actions and decisions, and being willing to learn from mistakes, is essential for growth and development.

Ultimately, achieving success is a continuous process that requires effort, persistence, and a willingness to learn and adapt. It is not just about reaching a destination, but about the journey itself, and the skills, knowledge, and experiences gained along the way. By adopting a growth mindset, being strategic, and staying committed to one's goals, individuals can increase their chances of achieving success and realizing their full potential.",1820
851,F1B4090C8B06,what it takes to achieve success,1510,"Achieving success requires a combination of hard work, dedication, and resilience. While some argue that talent or luck play a significant role, I firmly believe that consistent effort and perseverance are the key drivers of success. Without a strong work ethic, even the most talented individuals will struggle to reach their full potential. Additionally, the ability to bounce back from failures and setbacks is crucial in overcoming obstacles and staying motivated. By adopting a growth mindset and maintaining a relentless drive, individuals can overcome adversity and achieve their goals, ultimately leading to long-term success.",634
852,7445CD7E0985,the value of education,3049,"The value of education is a widely debated topic, with some arguing that it is no longer necessary in today's society. However, I strongly disagree. Education is essential for personal growth, career advancement, and societal development. It provides individuals with the knowledge, skills, and critical thinking abilities necessary to succeed in an increasingly complex world. 

Through education, individuals can acquire better job opportunities, higher salaries, and improved social status. Moreover, education promotes civic engagement, tolerance, and empathy, all of which are vital for a healthy and functioning democracy. It also enables people to make informed decisions about their health, finances, and environment, leading to a better quality of life. 

Furthermore, education has a positive impact on the economy, as educated individuals are more likely to innovate, start businesses, and create jobs. It also reduces poverty, inequality, and crime rates, as educated individuals are less likely to engage in delinquent behavior. 

In conclusion, education is invaluable, and its benefits extend far beyond personal gain. It is the key to unlocking human potential, promoting social mobility, and driving economic growth. Therefore, it is essential that we prioritize education and make it accessible to all, regardless of their background or socio-economic status. By doing so, we can create a more informed, equitable, and prosperous society.",1456
853,287BE4F26530,the importance of having a positive attitude,959,"Having a positive attitude is crucial for a fulfilling life. It enhances resilience, fosters meaningful relationships, and improves mental health. A positive outlook allows individuals to navigate challenges with confidence and optimism, leading to increased success and overall well-being.",290
854,07F3241EB3C6,the value of education,4173,"The value of education is a topic of immense significance in today's society. Many argue that education is paramount to an individual's success, while others claim it is overvalued. I firmly believe that education is invaluable, as it not only enhances one's knowledge and skills but also fosters personal growth and societal progress.

Education provides individuals with a solid foundation for their future careers, allowing them to make informed decisions and navigate the complexities of the modern workforce. It also enables people to become more empathetic, open-minded, and critical thinkers, which are essential qualities in a rapidly changing world. Moreover, education has a profound impact on societal development, as it promotes economic growth, reduces poverty, and encourages innovation.

Despite these benefits, some argue that education is overvalued, citing examples of successful individuals who have achieved greatness without formal education. However, these cases are exceptions rather than the rule. In reality, the vast majority of individuals who have achieved success have done so through dedication, hard work, and a strong educational foundation. Furthermore, the lack of education can lead to significant social and economic disparities, perpetuating cycles of poverty and inequality.

In conclusion, the value of education cannot be overstated. It is a vital component of personal and societal development, providing individuals with the knowledge, skills, and critical thinking abilities necessary to succeed in an increasingly complex world. As such, it is essential that we prioritize education and continue to invest in its development, ensuring that future generations have access to quality education and the opportunities it provides. By doing so, we can create a more informed, empathetic, and prosperous society, where individuals can reach their full potential and contribute to the greater good.",1935
855,AB0686BA42E5,the benefits of physical exercise and healthy living,2267,"Engaging in regular physical exercise and adopting a healthy lifestyle is crucial for overall well-being. Not only does it improve physical health, but it also boosts mental health and increases productivity. Exercise has been shown to reduce the risk of chronic diseases, such as heart disease and diabetes, while also enhancing cognitive function and reducing stress. A healthy diet, rich in fruits and vegetables, provides essential nutrients and energy. By incorporating physical activity and healthy habits into daily life, individuals can improve their quality of life and increase their lifespan. This, in turn, can lead to reduced healthcare costs and a more productive society. Therefore, it is essential to prioritize physical exercise and healthy living to reap the numerous benefits and live a fulfilling life. Regular exercise and a balanced diet can significantly improve one's life, making it a vital investment for a healthier and happier future.",962
856,42DB5DABA590,a topic of personal interest,1726,"The implementation of universal basic income (UBI) has sparked intense debate. Proponents argue that UBI can alleviate poverty and provide financial security. Opponents claim it's unaffordable and discourages work. I firmly believe UBI is necessary, as it addresses income inequality and allows people to pursue meaningful careers. By providing a safety net, UBI fosters creativity, entrepreneurship, and overall well-being. Additionally, automation and AI are replacing jobs, making UBI a vital solution for displaced workers. It's time to reconsider our social welfare systems and embrace UBI as a means to create a more equitable society.",641
857,AF71C89CD199,the value of education,1276,"Education is invaluable. It empowers individuals with knowledge, critical thinking, and problem-solving skills. By investing in education, we invest in our future, fostering a more informed, innovative, and prosperous society. It breaks cycles of poverty, promoting social mobility and equality. Critics argue that education is costly, but the long-term benefits far outweigh the expenses. Educated individuals contribute to the economy, drive progress, and create positive change. Ultimately, education is a fundamental right, essential for personal and societal growth.",571
858,BC0703638937,a topic of personal interest,2417,"The implementation of standardized testing in schools has been a contentious issue. While proponents argue that it provides a fair assessment of student knowledge, I firmly believe that it has a detrimental impact on education. Standardized tests only measure a limited scope of skills, neglecting creativity and critical thinking. This narrow focus leads to a teaching approach that prioritizes rote memorization over meaningful learning experiences. Additionally, the high-stakes nature of these tests induces undue stress on students, potentially causing long-term mental health issues. By abandoning standardized testing, we can foster a more holistic and inclusive education system that values individuality and promotes a love of learning. This, in turn, will better prepare students for success in an increasingly complex and dynamic world.",847
859,D2421A895FFA,a topic of personal interest,1814,"Standardized testing is a widely debated topic. While some argue it's a necessary measure of academic achievement, I firmly believe it's a outdated and inefficient system. The pressure to perform well on these tests can lead to undue stress and anxiety for students. Moreover, it often prioritizes rote memorization over critical thinking and creativity, resulting in a narrow and limited education. By abolishing standardized testing, we can foster a more well-rounded and innovative learning environment that truly prepares students for success. This approach would allow educators to focus on individualized instruction, promoting a love of learning and academic exploration. Ultimately, it's time to rethink our approach to assessment and move beyond the constraints of standardized testing.",795
860,F6194DEBEFA7,a topic of personal interest,3583,"The implementation of veganism is a highly debated topic, with some arguing it's a drastic lifestyle change that yields numerous health benefits, while others claim it's a radical diet that deprives individuals of essential nutrients. As someone who has adopted a plant-based diet, I firmly believe that veganism is the key to a healthier and more sustainable future. 

A well-planned vegan diet provides all the necessary nutrients for optimal health, and with the plethora of plant-based alternatives available, it's easier than ever to make the transition. Furthermore, animal agriculture is a leading cause of greenhouse gas emissions and deforestation, making veganism an essential step towards mitigating climate change. 

In addition, the production of animal products requires vast amounts of water and feed, resulting in wasted resources that could be better allocated to feed the world's growing population. By adopting a vegan lifestyle, individuals can significantly reduce their environmental footprint and contribute to a more sustainable food system. 

While some argue that veganism is too restrictive or expensive, I counter that with a little planning and creativity, a plant-based diet can be affordable and varied. In fact, many vegan staples like beans, lentils, and whole grains are often cheaper than their animal-based counterparts. 

Ultimately, the benefits of veganism far outweigh the perceived drawbacks, and I urge anyone considering a lifestyle change to give it a try. By choosing plant-based options, individuals can improve their health, reduce their environmental impact, and contribute to a more compassionate world. With the vast array of vegan options available, there's never been a better time to make the switch and join the growing community of vegans working towards a better future.",1826
861,298969937643,the value of education,4393,"The value of education is a topic of ongoing debate, with some arguing that its importance is dwindling in today's fast-paced, technology-driven world. However, I firmly believe that education remains a vital component of personal and societal growth. Not only does it provide individuals with the knowledge and skills necessary to secure better-paying jobs, but it also fosters critical thinking, creativity, and problem-solving abilities.

Education empowers individuals to make informed decisions, think independently, and become active participants in their communities. It breaks down social and economic barriers, allowing people to climb the social ladder and improve their living standards. Moreover, education has a profound impact on health, as educated individuals are more likely to prioritize their well-being and make informed decisions about their health.

Furthermore, education is essential for driving innovation and economic growth. A well-educated workforce is better equipped to adapt to changing circumstances, innovate, and drive progress. It is no coincidence that countries with high literacy rates and education levels tend to have higher GDPs and more stable economies.

Despite the rising costs of tuition and the increasing accessibility of online information, the value of education cannot be overstated. While online resources can provide some knowledge, they lack the structure, support, and social interaction that traditional education provides. Education is not just about acquiring knowledge; it's about developing skills, building relationships, and becoming a well-rounded individual.

In conclusion, the value of education is undeniable. It is the key to unlocking personal and societal potential, driving innovation, and fostering economic growth. As such, it is essential that we continue to prioritize education, making it accessible and affordable for all, and recognizing its importance in shaping a better future for generations to come.",1982
862,E8F77B7EB4D9,a topic of personal interest,2409,"Standardized testing is a controversial topic in the education system. I strongly believe that these tests are ineffective and hinder a student's ability to learn. By focusing solely on test scores, schools narrow their curriculum, leaving students unprepared for real-world situations. Additionally, standardized tests create undue stress and anxiety, leading to a lack of motivation and a negative attitude towards learning. They also fail to account for individual learning styles and abilities, resulting in biased results. The emphasis on standardized testing should be replaced with a more holistic approach to education, focusing on critical thinking, creativity, and problem-solving skills. This would allow students to develop a deeper understanding of subjects and become well-rounded individuals.",807
863,F763D4DB9224,the importance of having a positive attitude,1331,"A positive attitude is essential for success. It enhances resilience, boosts confidence, and improves relationships. With a positive mindset, individuals can overcome obstacles and achieve goals. Conversely, a negative attitude can hinder progress and lead to stagnation. By adopting a positive attitude, one can cultivate a more fulfilling and purposeful life.",361
864,F5D2D8C81370,the value of education,5202,"The value of education is a highly debated topic, with some arguing that it is the key to unlocking individual and societal potential, while others claim that it is a waste of time and resources. However, I firmly believe that education is essential for personal growth, social mobility, and economic development. Education provides individuals with the knowledge, skills, and critical thinking abilities necessary to succeed in an increasingly complex and competitive world.

Not only does education enhance individual prospects, but it also has a positive impact on society as a whole. Educated individuals are more likely to contribute to their communities, participate in the democratic process, and engage in civic activities. Furthermore, education promotes social mobility, allowing individuals from disadvantaged backgrounds to break the cycle of poverty and improve their socio-economic status. It also fosters a more informed and empathetic citizenry, leading to a more cohesive and harmonious society.

Moreover, education has a significant impact on economic development. A highly educated workforce is better equipped to drive innovation, entrepreneurship, and productivity, leading to economic growth and competitiveness. In fact, studies have shown that every dollar invested in education generates a significant return in terms of economic growth and development.

In conclusion, the value of education cannot be overstated. It is the foundation upon which individuals, societies, and economies are built. Rather than being a waste of time and resources, education is a vital investment in our collective future. As such, it is essential that we prioritize education and provide equal access to quality educational opportunities for all. By doing so, we can unlock the full potential of individuals, societies, and economies, leading to a brighter and more prosperous future for all.",1899
865,12F2BF34883F,a topic of personal interest,2375,"The implementation of universal basic income (UBI) is a highly debated topic. I firmly believe that UBI is essential for reducing poverty and income inequality. By providing every citizen with a guaranteed minimum income, UBI ensures that basic needs are met, regardless of employment status. This, in turn, allows individuals to pursue meaningful work and entrepreneurship, rather than just taking any job for financial stability. Additionally, UBI can simplify welfare systems and reduce bureaucracy, making it more efficient. While some argue that UBI is too expensive, I argue that the long-term benefits, such as reduced poverty and increased economic mobility, outweigh the costs. Implementing UBI can be a crucial step towards creating a more equitable society.",768
866,42AD5E1F4167,the value of education,3450,"The value of education is often debated, with some arguing that it is no longer a vital component of success. However, I firmly believe that education remains essential in today's society. Education provides individuals with the knowledge, skills, and critical thinking abilities necessary to succeed in their chosen careers and contribute to their communities. It also fosters personal growth, allowing individuals to develop their critical thinking skills, problem-solving abilities, and communication skills.

Moreover, education has numerous benefits for society as a whole. Educated individuals are more likely to be productive, innovative, and engaged citizens, which can lead to economic growth, social progress, and improved overall well-being. Furthermore, education can help to reduce poverty, inequality, and social injustice by providing opportunities for individuals from disadvantaged backgrounds to access better job prospects and improve their socio-economic status.

Some may argue that with the rise of online learning and vocational training, traditional education is no longer necessary. However, I disagree. While these alternatives can provide valuable skills and knowledge, they lack the structure, support, and socialization that traditional education provides. Additionally, many careers still require a degree, and having one can significantly improve job prospects and earning potential.

In conclusion, education is invaluable, and its importance cannot be overstated. It provides individuals with the skills, knowledge, and abilities necessary to succeed, while also contributing to the betterment of society as a whole. As such, it is essential that we continue to prioritize and invest in education, ensuring that it remains accessible and affordable for all. By doing so, we can create a more educated, productive, and equitable society for future generations.",1892
867,A4DA4201903F,a topic of personal interest,887,"Standardized testing is outdated. It creates unnecessary stress and doesn't accurately measure intelligence. By focusing on test-taking skills, we're neglecting critical thinking and creativity. Alternative assessment methods, such as project-based evaluations, can provide a more comprehensive understanding of a student's abilities, preparing them for real-world applications and promoting a more well-rounded education.",422
868,C5E45F477A84,a topic of personal interest,3324,"The implementation of universal healthcare is a crucial topic that sparks intense debate. As someone who has experienced the benefits of a publicly-funded healthcare system, I firmly believe that it is essential for every country to adopt this model. Not only does universal healthcare provide equal access to medical care for all citizens, regardless of their socio-economic status, but it also reduces healthcare costs and improves overall health outcomes.

In contrast, countries without universal healthcare often struggle with high medical bills, leading to financial ruin for many families. This is unacceptable, as healthcare is a fundamental human right. Moreover, a publicly-funded system allows for preventive care, reducing the likelihood of costly and chronic diseases.

Some argue that universal healthcare is too expensive, but I counter that the long-term benefits far outweigh the costs. A healthy population is more productive, contributing to economic growth and stability. Additionally, a universal system eliminates administrative burdens, reducing paperwork and allowing healthcare professionals to focus on patient care.

In conclusion, universal healthcare is a moral and economic imperative. It is our responsibility to ensure that every individual has access to quality medical care, regardless of their financial situation. By adopting a publicly-funded healthcare system, we can create a healthier, more equitable society for all.",1457
869,2E8A8C550F8D,the value of education,2206,"The value of education is often debated, but it remains a vital component of personal and societal development. Education provides individuals with the skills and knowledge necessary to succeed in their chosen careers, fostering economic growth and stability. It also promotes critical thinking, problem-solving, and effective communication, enabling individuals to make informed decisions and contribute to their communities. Furthermore, education has been shown to reduce poverty and inequality, as educated individuals are more likely to secure better-paying jobs and improve their socio-economic status. In conclusion, education is essential for individuals and society, offering numerous benefits that extend beyond personal gain to drive positive change and progress.",774
870,93BAA0D48EF3,the value of education,1030,"Education is the key to unlocking individual and societal progress. It fosters critical thinking, creativity, and problem-solving skills, leading to better career opportunities and economic growth. Furthermore, educated individuals are more likely to participate in civic engagement and make informed decisions, leading to a more informed and active citizenry. Investing in education is essential for a country's future prosperity and competitiveness.",451
871,DC099826F469,a topic of personal interest,2297,"Standardized testing is a widely debated topic in education. While some argue it's essential for evaluating student performance, I firmly believe it's an outdated and ineffective assessment method. It creates undue stress, narrows the curriculum, and fails to account for individual learning styles. Many students excel in areas not measured by standardized tests, such as creativity and critical thinking. Additionally, these tests can be culturally biased, putting certain groups at a disadvantage. By moving away from standardized testing, we can create a more inclusive and well-rounded education system that fosters a love of learning, rather than mere test-taking.",670
872,10988CD16BF3,a topic of personal interest,2215,"The implementation of a universal basic income (UBI) has sparked heated debates. As someone who's passionate about social welfare, I firmly believe that UBI is a necessary step towards a more equitable society. It guarantees every citizen a minimum income, regardless of employment status, which would alleviate poverty and reduce income inequality. Opponents argue that UBI is unaffordable and would discourage people from working. However, numerous pilot programs have shown that UBI can be funded through redistribution of existing social welfare funds and that it actually incentivizes entrepreneurship and creativity. For instance, Finland's UBI experiment led to improved well-being, trust, and life satisfaction among recipients. Implementing UBI would not only promote economic security but also foster a sense of dignity and freedom. It's time for policymakers to reconsider their stance and recognize the potential of UBI in creating a more just and compassionate society.",982
873,24DAF94F0A18,a topic of personal interest,3657,"The implementation of universal basic income (UBI) has sparked intense debate worldwide. As a long-time advocate for social welfare, I firmly believe that UBI is a necessary policy to mitigate poverty and income inequality. By providing every citizen with a guaranteed minimum income, UBI ensures that basic needs are met, allowing individuals to focus on personal development and contributing to society. Critics argue that UBI is too costly and may reduce the incentive to work, but I counter that the benefits far outweigh the costs. UBI has been successfully piloted in several countries, demonstrating its potential to reduce poverty, improve mental and physical health, and boost local economies. Furthermore, automation and artificial intelligence are increasingly replacing jobs, making UBI a vital safety net for those displaced. I urge policymakers to consider the long-term benefits of UBI and work towards implementing this innovative solution to address the growing wealth gap.",990
874,E1B279EE81AE,a topic of personal interest,502,"Standardized testing is flawed, as it fails to accurately measure intelligence and stifles creativity. It prioritizes rote memorization over critical thinking, leading to a narrow and inadequate education.",205
875,599128B82FF0,the value of education,1873,"The value of education is often debated, but it remains a fundamental aspect of societal development. Education empowers individuals with knowledge, skills, and critical thinking, enabling them to contribute to their communities. It also fosters personal growth, independence, and economic mobility. Despite its costs, education yields long-term benefits, including increased productivity and innovation. Investing in education is essential for a country's prosperity and competitiveness. By prioritizing education, we can cultivate a more informed, skilled, and enlightened population, ultimately driving progress and improvement.",631
876,EC07B11B2CF3,the importance of having a positive attitude,1780,"Having a positive attitude is crucial for achieving success and overall well-being. A positive mindset enables individuals to approach challenges with confidence, fostering resilience and determination. It also promotes better relationships, as optimism is contagious and attractive to others. In contrast, a negative attitude can lead to stagnation and poor mental health. By adopting a positive outlook, individuals can unlock their full potential, leading to a more fulfilling life. Moreover, a positive attitude has been linked to improved physical health, with studies showing that optimistic individuals tend to have lower blood pressure and a stronger immune system. Therefore, cultivating a positive attitude is essential for personal and professional growth, and should be a priority for individuals seeking to live a happy and successful life.",853
877,D43F13CE2638,a topic of personal interest,2008,"The implementation of universal basic income (UBI) is a highly debated topic.  I firmly believe that UBI should be adopted globally.  Firstly, UBI offers financial security, allowing individuals to meet their basic needs.  Poverty and homelessness would significantly decrease as people have a guaranteed income. 

Moreover, UBI promotes entrepreneurship and creativity.  With a safety net in place, individuals are more likely to take risks and pursue their passions, leading to innovation and economic growth.  Additionally, UBI simplifies welfare systems, reducing bureaucracy and administrative costs. 

However, some argue that UBI is too costly and may reduce motivation to work.  I counter that the benefits outweigh the costs, and that UBI can be funded through redistribution of existing welfare funds and implementation of a more progressive tax system.  Ultimately, UBI has the potential to create a more equitable society, and I strongly support its implementation.",977
878,12E3D52345C6,the impact of technology on society,4053,"The impact of technology on society is a highly debated topic. While some argue that technology has improved our lives, others claim that it has had a detrimental effect. I firmly believe that technology has had a net negative impact on society. 

On one hand, technology has made communication and access to information easier. However, this increased connectivity has also led to social isolation, as people spend more time interacting with screens than with each other. Furthermore, the constant stream of information can be overwhelming, leading to mental health issues such as anxiety and depression.

Additionally, technology has exacerbated existing social issues, such as income inequality. Automation has replaced many jobs, leaving low-skilled workers without employment. The benefits of technological advancements have largely been confined to the wealthy, widening the gap between the rich and the poor.

While technology has brought many benefits, its negative consequences cannot be ignored. To mitigate these effects, it is essential to implement policies that promote responsible technological development and ensure that its benefits are shared by all. By doing so, we can create a more equitable and sustainable society for future generations. Ultimately, it is up to us to harness the power of technology in a way that benefits humanity as a whole.",1367
879,FD22ECF287BD,the impact of technology on society,2570,"The impact of technology on society is a highly debated topic, with some arguing it has improved our lives and others claiming it has contributed to societal ills. On one hand, technology has increased global connectivity, providing unparalleled access to information and communication. It has revolutionized industries, enhanced productivity, and created new opportunities. However, excessive technology use has been linked to social isolation, decreased attention span, and decreased face-to-face interaction. Moreover, the spread of misinformation and cyberbullying has become a significant concern. Ultimately, while technology has its benefits, its negative consequences cannot be ignored. It is crucial to establish a balance between technology use and human interaction to ensure a healthier, more compassionate society. By acknowledging both the positive and negative impacts of technology, we can work towards mitigating its negative effects and harnessing its potential to create a better world.",1005
880,1D47271C213D,the value of education,2779,"The value of education is a highly debated topic, with some arguing that it is not a crucial aspect of society. However, I firmly believe that education is essential for individual and societal growth. Education empowers individuals with knowledge, skills, and critical thinking, enabling them to make informed decisions and contribute to the economy. 

It also promotes social mobility, reducing inequality and poverty. Moreover, education fosters a culture of innovation, creativity, and progress, driving technological advancements and improvements in healthcare, environment, and other fields. 

By investing in education, we can create a more informed, tolerant, and peaceful society. Therefore, it is imperative that we prioritize education and make it accessible to all, regardless of socioeconomic background or geographical location. Every individual deserves the opportunity to reach their full potential, and education is the key to unlocking it.",957
881,410957337087,the impact of technology on society,2174,"Technology has revolutionized society, but its impact is a double-edged sword. On one hand, it has increased efficiency and connectivity, making it easier to access information and communicate with others. However, excessive screen time and social media have led to decreased face-to-face interaction, increased isolation, and mental health concerns. Moreover, technology has also exacerbated inequality, as those with access to it have a significant advantage over those without. Furthermore, the loss of traditional skills and the rise of automation have resulted in job displacement, threatening the livelihoods of many. Ultimately, while technology has its benefits, its negative consequences cannot be ignored, and it is crucial that we find a balance between its use and the well-being of society.",803
882,BB0EA66E43C4,the value of education,1445,"Education is invaluable in today's society. It empowers individuals, fosters critical thinking, and bridges socio-economic gaps. Without education, people lack the skills and knowledge to compete in the workforce, leading to poverty and inequality. Investing in education yields long-term benefits, including economic growth and improved health outcomes. Thus, it is essential to prioritize education and make it accessible to all, as it is the key to unlocking a brighter future. By doing so, we can create a more informed, innovative, and prosperous society.",560
883,6805FE96E548,the value of education,2937,"The value of education is often debated, but its importance cannot be overstated. Education provides individuals with the skills, knowledge, and critical thinking necessary to succeed in life. It opens doors to better job opportunities, higher salaries, and improved socio-economic status. Moreover, education enables individuals to make informed decisions, contribute to their communities, and participate in the democratic process. Despite the costs associated with pursuing higher education, the benefits far outweigh the expenses. In fact, studies have shown that individuals with a college degree earn significantly more than those without one. Furthermore, education has a positive impact on personal growth, mental and physical health, and overall well-being. It is essential that societies prioritize education and make it accessible to all, as it is a vital investment in the future of individuals and communities. By doing so, we can create a more informed, productive, and prosperous society.",1003
884,453F18C3C8BD,a topic of personal interest,1313,"Standardized testing is a outdated practice that hinders students' creative potential. It prioritizes rote memorization over critical thinking, leading to a narrow definition of intelligence. This one-size-fits-all approach neglects individual learning styles, causing undue stress and anxiety. By abandoning standardized testing, we can foster a more inclusive, innovative education system that values diversity and creativity. This shift would allow students to explore their passions, think outside the box, and become well-rounded individuals.",547
885,9B4EEAAB752E,a topic of personal interest,1273,"The implementation of veganism is crucial for environmental sustainability. Animal agriculture is a significant contributor to greenhouse gas emissions, deforestation, and water pollution. By adopting a plant-based diet, individuals can significantly reduce their carbon footprint. Additionally, veganism promotes animal welfare and conserves resources. As the world grapples with climate change, embracing veganism is a vital step towards a more sustainable future, and it's our responsibility to make this choice for the benefit of our planet.",545
886,CCB13E22A439,the importance of having a positive attitude,2369,"Having a positive attitude is crucial in today's fast-paced world. It not only affects our mental health but also influences our relationships and productivity. A positive attitude helps us navigate challenges with ease, builds resilience, and fosters a sense of well-being. It allows us to approach problems with a clear mind, think creatively, and find solutions. Additionally, a positive attitude is contagious, spreading to those around us and creating a supportive environment. In contrast, a negative attitude can lead to stress, anxiety, and burnout. By adopting a positive mindset, we can improve our overall quality of life, achieve our goals, and live a happier, healthier life. It is essential to cultivate a positive attitude through practice, self-reflection, and gratitude, ultimately leading to a more fulfilling existence.",838
887,76C2E20AF20E,the value of education,2557,"The value of education is a topic of ongoing debate, but its importance cannot be overstated. Education is the cornerstone of a prosperous and well-informed society. It provides individuals with the knowledge, skills, and critical thinking abilities necessary to succeed in their chosen careers and make informed decisions. Without education, individuals are left at a significant disadvantage, struggling to compete in the workforce and participate in the democratic process. Furthermore, education has been proven to have a positive impact on economic growth, reducing poverty and improving health outcomes. It is essential that we prioritize education, increasing funding and accessibility to ensure that everyone has the opportunity to reap its benefits. By doing so, we can create a more informed, skilled, and prosperous society, capable of addressing the complex challenges of the 21st century. Ultimately, education is an investment in our collective future, and it is imperative that we recognize its value and take action to support it.",1046
888,E2FC55BF5005,the benefits of physical exercise and healthy living,1227,"Engaging in regular physical exercise and adopting healthy living habits is crucial for overall well-being. Exercise boosts mood, energy, and brain function, while reducing the risk of chronic diseases like diabetes and heart disease. A healthy diet and lifestyle can also improve sleep quality, increase productivity, and enhance mental health. By prioritizing physical activity and healthy habits, individuals can significantly improve their quality of life and reduce healthcare costs.",488
889,0F8F499BAAB9,the value of education,1073,"Education is invaluable, empowering individuals and societies. It fosters critical thinking, problem-solving, and innovation. Investing in education yields long-term benefits, including economic growth, improved healthcare, and social mobility. Critics argue that education is expensive, but the cost of ignorance is far greater, leading to unemployment, poverty, and inequality. Education is a fundamental human right, essential for personal and societal development. It is our responsibility to prioritize education, ensuring a brighter future for all.",554
890,F0BB52DD1DB6,a topic of personal interest,3607,"The debate about standardized testing has been ongoing, with many arguing it's a necessary assessment tool. However, I firmly believe that standardized testing is detrimental to students' educational experiences. These tests create immense pressure, leading to anxiety and stress, which negatively impact students' mental health. Moreover, they limit the curriculum, as teachers are forced to 'teach to the test,' rather than encouraging creativity and critical thinking. This narrow focus on test preparation also perpetuates inequality, as students from lower-income backgrounds often lack access to test preparation resources. Furthermore, standardized tests are not an accurate measure of intelligence or potential, as they only assess a limited range of skills. By abolishing standardized testing, we can create a more inclusive and supportive learning environment that fosters a love of learning, rather than a culture of competition and anxiety.",952
891,CBA73A4D5C18,what it takes to achieve success,3059,"Achieving success is often misconstrued as solely relying on innate talent or luck. However, this oversimplification undermines the crucial role of dedication and perseverance. To succeed, one must be willing to put in the time and effort required to hone their skills and overcome obstacles. Hard work and resilience are essential in developing the expertise and mental toughness necessary to achieve success. While natural ability may provide an initial advantage, it is the relentless pursuit of excellence that ultimately yields results. By adopting a growth mindset and embracing challenges, individuals can cultivate the skills and character necessary to achieve their goals, demonstrating that success is not solely the domain of the gifted, but rather the result of deliberate effort and unwavering commitment.",818
892,F1B1760AD63F,a topic of personal interest,1075,"Climate change necessitates immediate action. Rising temperatures and sea levels pose catastrophic threats to our planet. Governments and corporations must prioritize renewable energy sources, reducing reliance on fossil fuels. The future depends on sustainable practices and collective responsibility.",302
893,C262F0931AA1,a topic of personal interest,1412,"The implementation of universal basic income (UBI) is a highly debated topic. I strongly believe that UBI is essential for a more equitable society. By providing every citizen with a minimum income, it ensures that basic needs are met, reducing poverty and inequality. This, in turn, boosts economic growth and improves overall well-being. Opponents argue that UBI is expensive and inefficient, but I counter that it can be funded through progressive taxation and the consolidation of existing welfare programs. UBI has been successfully tested in various countries, demonstrating its potential to alleviate poverty and foster a sense of security. Its implementation is crucial for creating a more just and prosperous society.",726
894,9E8984D81AC3,a topic of personal interest,2313,"Standardized testing is a flawed method of evaluating students. It creates unnecessary stress and fails to account for individual learning styles. The pressure to perform well on these tests can be overwhelming, leading to anxiety and decreased motivation. Furthermore, standardized tests only measure a narrow range of skills, neglecting important aspects such as creativity and critical thinking. This one-size-fits-all approach is unfair to students who excel in other areas, and it can limit their future opportunities. By abandoning standardized testing, we can foster a more inclusive and supportive learning environment that values diversity and promotes academic freedom.",679
895,2D194F068B93,the importance of having a positive attitude,842,"A positive attitude is crucial for success. It boosts confidence, productivity, and resilience. With a positive mindset, individuals can overcome obstacles and achieve their goals. A negative attitude, on the other hand, leads to stagnation and failure. By adopting a positive outlook, one can improve their mental and emotional well-being, leading to a more fulfilling life.",375
896,ED8E7F6A56DD,the value of education,2796,"The value of education is a highly debated topic. While some argue that it's overemphasized, I firmly believe that education is essential for individual and societal growth. It provides individuals with critical thinking, problem-solving, and communication skills, making them more employable and adaptable in an ever-changing job market. Furthermore, educated individuals are more likely to be informed, active citizens, contributing to a more democratic and equitable society. Education also has a significant impact on personal development, allowing individuals to make informed decisions about their health, finances, and well-being. In conclusion, the value of education cannot be overstated, and it's crucial that we prioritize and invest in educational institutions to ensure a brighter future for all.",809
897,D03CE04CF47C,a topic of personal interest,1321,"Standardized testing is a flawed measure of intelligence. It creates undue stress and promotes rote memorization over creative thinking. Additionally, these tests often favor those with affluent backgrounds, who have access to expensive tutoring and resources. This perpetuates inequality and limits opportunities for underprivileged students. As a result, we should reconsider the emphasis placed on standardized testing and instead focus on more holistic assessments of student learning and potential.",503
898,15D10C4DBA29,a topic of personal interest,2176,"The implementation of universal basic income (UBI) is a topic of growing interest. Proponents argue that UBI could alleviate poverty and income inequality, while critics claim it would be too costly. I firmly believe that UBI is necessary. With automation replacing jobs, UBI would provide a safety net for workers who lose their jobs. Additionally, it would allow people to pursue meaningful work rather than just taking any job for the sake of a paycheck. Furthermore, UBI would simplify welfare systems, reducing bureaucracy and administrative costs. While funding UBI might require increased taxation, the benefits to society would far outweigh the costs. By providing a basic level of economic security, UBI would foster a more stable and equitable society. Implementing UBI is not only a moral imperative, but also a sound economic strategy. It's time for governments to consider UBI as a vital component of a comprehensive social welfare system.",952
899,FFCDB2524616,a topic of personal interest,1415,"Standardized testing is a controversial topic. I firmly believe that it should be abolished. Standardized tests are not an accurate measure of intelligence, as they only assess a narrow range of skills. They also create undue stress, limiting opportunities for creative learning. By abolishing standardized testing, we can foster a more inclusive, holistic approach to education, allowing students to thrive and reach their full potential.",439
900,2675A97C2B76,a topic of personal interest,2235,"The implementation of universal basic income (UBI) has sparked intense debate. Proponents argue it would alleviate poverty, while critics claim it's too expensive. I firmly believe UBI is necessary, as it would provide a safety net for the most vulnerable. With automation replacing jobs, UBI would ensure everyone's basic needs are met. It would also foster entrepreneurship and creativity, as people would have the financial security to pursue their passions. However, some argue that UBI would reduce the incentive to work, leading to a decline in productivity. I disagree, as UBI would allow people to work without fear of poverty, leading to a more motivated and productive workforce. Additionally, UBI would simplify welfare systems and reduce bureaucracy. Implementing UBI would require significant funding, but it's a necessary investment in our society's well-being. By providing a basic income guarantee, we can create a more equitable and prosperous society. It's time to redefine the concept of work and give everyone the opportunity to thrive. With UBI, we can build a better future for all.",1104
901,008DDDDD8E8D,a topic of personal interest,1990,"The implementation of universal basic income (UBI) is a topic of great personal interest to me. As the world grapples with poverty and income inequality, I firmly believe that UBI is the solution. It ensures every citizen receives a minimum amount of money to cover basic needs, regardless of employment status. Critics argue it's too expensive, but I counter that it's an investment in human capital, allowing people to pursue meaningful work and contribute to society. Additionally, UBI has been successfully tested in several countries, showing a significant reduction in poverty and stress. Its implementation would require careful planning, but the benefits far outweigh the costs. By providing financial security, UBI would empower individuals, promote economic growth, and create a more equitable society. It's time to reexamine our social welfare systems and consider UBI as a viable solution to poverty.",912
902,D6C9DE61BAF4,the importance of having a positive attitude,2650,"Having a positive attitude is crucial in today's fast-paced world. It not only boosts one's mood but also enhances productivity and overall well-being. A positive mindset helps individuals tackle challenges with confidence and resilience, leading to greater success in personal and professional life. It also fosters strong relationships, as people are more likely to be drawn to those with a positive and optimistic outlook. Furthermore, a positive attitude has been linked to improved physical health, with studies showing that it can lower blood pressure, reduce stress, and strengthen the immune system. In contrast, a negative attitude can lead to anxiety, depression, and a range of other mental health issues. Therefore, cultivating a positive attitude is essential for achieving happiness, success, and a fulfilling life. By choosing to focus on the positive aspects of life, individuals can overcome obstacles, build stronger relationships, and live a healthier, more balanced life.",991
903,D679B3291B9C,the value of education,1858,"The value of education is often debated, but its significance cannot be overstated. Education empowers individuals with the knowledge and skills necessary to succeed in life. It breaks cycles of poverty, fosters critical thinking, and promotes social mobility. Without education, societies would stagnate, and innovation would cease. Investing in education yields long-term benefits, including improved economic growth and a more informed citizenry. It is our collective responsibility to prioritize education, ensuring that future generations have the tools to thrive. By doing so, we can build a more just, equitable, and prosperous world.",641
904,98FDB2315471,the value of education,1463,"Education is the foundation of a prosperous society. It empowers individuals with knowledge, critical thinking, and problem-solving skills. Without education, people are limited in their career opportunities and social mobility. Investing in education yields long-term benefits, including improved economic growth, reduced poverty, and increased civic engagement. It is the key to breaking cycles of poverty and inequality, allowing individuals to reach their full potential. Therefore, it is essential that we prioritize education and provide accessible, quality educational opportunities for all.",598
905,9DBCBFD45366,a topic of personal interest,3056,"Standardized testing is a contentious issue in education, with some advocating for its benefits and others arguing it hinders student growth. I firmly believe that standardized testing is detrimental to the learning process. It fosters a culture of rote memorization, where students are incentivized to recall facts rather than think critically. Moreover, these tests often fail to account for individual learning styles, leading to undue stress and anxiety for many students. By prioritizing standardized testing, we are neglecting the importance of creativity, problem-solving, and emotional intelligence. Instead, we should focus on holistic assessments that evaluate a student's overall knowledge and skills, rather than relying on a single, high-stakes test. This approach would allow students to develop a more well-rounded education, preparing them for success in an ever-changing world.",894
906,98AB65F5C7F9,a topic of personal interest,1775,"Standardized testing should be abolished in schools. The stress and anxiety it creates can be overwhelming for students, negatively impacting their mental health. Moreover, these tests only measure a narrow range of skills, often failing to account for individual learning styles and creativity. They also perpetuate inequality, as students from disadvantaged backgrounds may not have access to the same resources to prepare. By eliminating standardized testing, schools can focus on more holistic and inclusive approaches to education, prioritizing students' overall well-being and potential. This would allow for a more diverse and innovative learning environment.",666
907,D9D8AB28BD26,a topic of personal interest,2060,"Standardized testing is a widely debated topic, and I firmly believe it should be abolished. These tests not only create undue stress for students but also fail to accurately measure intelligence. They often prioritize rote memorization over critical thinking, stifling creativity and independent thought. Furthermore, they can be culturally biased, putting certain groups at a disadvantage. This can lead to inaccurate assessments of a student's abilities, resulting in misplaced students in classes. By eliminating standardized testing, we can foster a more inclusive and effective education system, allowing students to thrive and reach their full potential.",661
908,80CCEFCCD166,a topic of personal interest,1047,"Standardized testing is a flawed system. It creates undue stress, doesn't account for learning disabilities, and prioritizes rote memorization over critical thinking. Many students excel in non-academic areas, but are unfairly judged by their test scores. It's time to rethink our education system and focus on individualized learning to foster creativity and innovation, rather than conformity.",395
909,4D3CF318797A,the impact of technology on society,1542,"The impact of technology on society is a double-edged sword. On one hand, it has improved communication, increased access to information, and enhanced productivity. However, excessive technology use has led to social isolation, decreased attention span, and job displacement. While technology has its benefits, its negative consequences cannot be ignored. As society becomes increasingly reliant on technology, it is essential to establish a balance between its use and human interaction to mitigate its adverse effects.",520
910,FA0A22FE957A,the value of education,2757,"The value of education is a topic of ongoing debate. Some argue that its cost outweighs its benefits, but this perspective is misguided. Education is the backbone of a functioning society, fostering critical thinking, problem-solving, and innovation. It empowers individuals to make informed decisions, contributing to their personal and professional growth. Furthermore, educated individuals are more likely to participate in their communities, promoting social cohesion and economic development. By investing in education, we invest in our collective future. It is essential that we prioritize education, ensuring that everyone has access to quality learning opportunities, as it is the key to unlocking human potential and driving progress.",743
911,C825937F3BF1,the value of education,2712,"The importance of education cannot be overstated. It is the foundation upon which individuals, communities, and societies build their futures. Education provides essential skills, knowledge, and critical thinking abilities that enable people to succeed in their chosen careers and make informed decisions. It also promotes personal growth, social mobility, and economic development. Despite this, some argue that education is not necessary for success, citing examples of dropouts who have achieved great things. However, these cases are exceptions rather than the rule. For every successful dropout, there are countless individuals who have struggled to make ends meet due to a lack of education. Furthermore, education has long-term benefits, such as improved health outcomes, increased civic engagement, and reduced crime rates. It is our responsibility to prioritize education and ensure that everyone has access to quality learning opportunities. By doing so, we can create a more informed, equitable, and prosperous society. Education is the key to unlocking human potential, and its value should not be underestimated.",1125
912,3D739817CC30,what it takes to achieve success,1379,"To achieve success, one must combine hard work, determination, and resilience. Many believe talent is the key, but it's the dedication and perseverance that truly drive results. Success requires setting realistic goals, learning from failures, and continuously adapting to challenges. With a strong work ethic and unwavering commitment, anyone can overcome obstacles and reach their full potential, ultimately achieving success.",428
913,CA3752A6A8F3,a topic of personal interest,1651,"Standardized testing is a flawed system. It creates undue stress, stifles creativity, and fails to account for different learning styles. Moreover, these tests often prioritize rote memorization over critical thinking and problem-solving skills. As a result, students are not adequately prepared for real-world challenges. Alternative assessment methods, such as project-based evaluations and peer reviews, can provide a more comprehensive understanding of a student's abilities. By moving away from standardized testing, we can foster a more well-rounded and innovative education system.",588
914,5B14D81A0167,a topic of personal interest,1694,"Standardized testing is a highly debated topic, with proponents arguing it measures student knowledge and opponents claiming it causes undue stress. I firmly believe that standardized testing is unnecessary and counterproductive. It narrows curriculum, as teachers focus on test preparation rather than diverse subjects, and creates test anxiety, negatively impacting students' mental health. Furthermore, it disproportionately affects disadvantaged students, who may lack access to test preparation resources, exacerbating the achievement gap. Alternative assessments, such as project-based evaluations, can provide a more comprehensive understanding of student abilities, promoting a more well-rounded education. By abolishing standardized testing, we can foster a more inclusive and supportive learning environment, allowing students to thrive and reach their full potential.",878
915,E8C554B25F19,a topic of personal interest,5928,"The Implementation of Standardized Testing in Education: A Misguided Approach. 

Standardized testing has been a long-standing component of the education system, with proponents arguing that it provides an objective measure of student performance. However, I firmly believe that this approach is misguided and has several drawbacks. Firstly, standardized tests only assess a narrow range of skills, neglecting important aspects such as creativity, critical thinking, and problem-solving. 

Moreover, the high-stakes nature of these tests creates a culture of teaching to the test, where instructors focus on test preparation rather than providing a well-rounded education. This can lead to a lack of engagement and motivation among students, as they are forced to memorize and regurgitate information rather than explore and learn. Additionally, the emphasis on standardized testing can have a disproportionate impact on certain groups, such as students from low-income backgrounds or those with learning disabilities, who may not have had equal access to test preparation resources.

Another issue with standardized testing is that it can be a significant source of stress and anxiety for students. The pressure to perform well can be overwhelming, and the consequences of not meeting expectations can be severe, including being held back a grade or denied admission to a preferred college. This can have long-term effects on a student's mental health and self-esteem, as they may begin to view themselves as failures or inadequate. 

In contrast, many countries have adopted alternative approaches to assessment, such as competency-based progression and project-based evaluations, which allow students to demonstrate their knowledge and skills in a more holistic and meaningful way. These approaches prioritize student learning and understanding over test scores and grades, and have been shown to lead to improved academic outcomes and increased student engagement.

In conclusion, while standardized testing may provide some benefits, such as accountability and comparability, its limitations and drawbacks far outweigh its advantages. By moving away from this approach and embracing more innovative and student-centered methods of assessment, we can create a more inclusive, supportive, and effective education system that prepares students for success in the 21st century. Ultimately, it is our responsibility as educators and policymakers to prioritize the well-being and education of our students, rather than perpetuating a system that values test scores over human potential.",2585
916,584A4BB1E954,a topic of personal interest,1259,"Climate change is a pressing issue that demands immediate attention. Rising temperatures are causing devastating natural disasters, melting polar ice caps, and threatening ecosystems. Despite overwhelming evidence, some argue that climate change is a natural phenomenon. However, human activities such as deforestation, pollution, and greenhouse gas emissions are significantly contributing to its acceleration. It is our responsibility to adopt sustainable practices, invest in renewable energy, and reduce carbon emissions to mitigate the effects of climate change. The future of our planet depends on it.",607
917,89974AB1B1B1,what it takes to achieve success,1649,"Achieving success requires dedication, perseverance, and a willingness to learn from failure. While some may argue that talent or luck play a significant role, I firmly believe that hard work and determination are the key drivers of success. By setting clear goals, staying focused, and continuously adapting to new challenges, individuals can overcome obstacles and achieve their desired outcomes. Moreover, embracing failure as an opportunity for growth and improvement is essential for long-term success. Ultimately, success is not a destination, but a continuous process of learning, improving, and pushing beyond one's limits.",631
918,074FA0221628,a topic of personal interest,1295,"The benefits of veganism outweigh its drawbacks. A plant-based diet reduces greenhouse gas emissions and conserves water. Animal agriculture is a leading cause of deforestation and pollution, while veganism promotes sustainability. Additionally, a well-planned vegan diet can improve overall health, reducing the risk of heart disease and certain cancers. Critics argue that veganism is restrictive and expensive, but with proper planning, a vegan lifestyle can be affordable and rewarding.",490
919,03CB73341E0E,a topic of personal interest,2453,"The implementation of universal basic income (UBI) has sparked intense debate. As someone who believes in the potential of UBI to alleviate poverty, I argue that it is a necessary step towards creating a more equitable society. Critics claim that UBI is too costly and would reduce the incentive to work. However, I counter that UBI would actually stimulate local economies and encourage entrepreneurship. With a guaranteed income, people would be more likely to take risks and start their own businesses, leading to innovation and job creation. Additionally, UBI would simplify welfare systems and reduce bureaucracy, making it more efficient and cost-effective. While there are valid concerns about funding, I propose that a combination of progressive taxation and redistribution of existing social welfare funds could provide a viable solution. Ultimately, UBI has the potential to revolutionize the way we approach poverty and economic inequality, and it is an idea worth exploring and implementing. By providing a safety net for all citizens, we can create a more just and prosperous society for everyone.",1110
920,EE9EA950AAE1,the value of education,1310,"Education is invaluable, as it empowers individuals and societies. It fosters critical thinking, problem-solving, and innovation. Without education, we risk stagnation and inequality. Investing in education yields long-term benefits, including economic growth and social progress. It is our responsibility to prioritize education, ensuring a brighter future for all.",366
921,525E9A75CAA0,a topic of personal interest,1305,"Standardized testing is a flawed system. It creates unnecessary stress for students and doesn't accurately measure intelligence. Many students excel in non-traditional ways, such as creativity or problem-solving, which aren't assessed by tests. Moreover, the pressure to perform can lead to anxiety and decreased motivation. By moving away from standardized testing, we can foster a more inclusive and supportive learning environment that values individuality and promotes genuine growth.",488
922,3A9630FC8DFA,the value of education,2246,"The value of education is a topic of significant debate. While some argue that it is a fundamental right, others claim it is a financial burden. However, I firmly believe that education is invaluable. Not only does it provide individuals with knowledge and skills, but it also fosters personal growth, critical thinking, and social mobility. Education empowers people to make informed decisions, challenge societal norms, and contribute to the betterment of society. Furthermore, studies have shown that educated individuals are more likely to secure better-paying jobs, leading to improved economic stability and a reduced poverty rate. In conclusion, education is essential for individual and societal progression, and its value should not be underestimated.",760
923,763EF698F56B,a topic of personal interest,2501,"The implementation of a universal basic income (UBI) has sparked intense debate in recent years. As someone who is passionate about social welfare and inequality, I firmly believe that UBI is a necessary step towards creating a more equitable society. By providing every citizen with a guaranteed minimum income, UBI would alleviate poverty and ensure that everyone's basic needs are met. This, in turn, would have a positive impact on mental and physical health, as people would no longer have to worry about how to make ends meet. Furthermore, UBI would give people the financial security to pursue their passions, rather than just taking any job for the sake of a paycheck. Critics argue that UBI would be too expensive and inefficient, but I counter that the benefits to society would far outweigh the costs. With automation and artificial intelligence increasingly replacing jobs, UBI is not just a nicety, but a necessity. It's time for us to rethink our social safety net and prioritize the well-being of all citizens, regardless of their employment status. By implementing UBI, we can create a more just and compassionate society, where everyone has the opportunity to thrive.",1184
924,86F87A96D2DB,the value of education,1048,"Education is essential for personal and societal growth. It fosters critical thinking, independence, and innovation. Without education, individuals are limited in their career prospects and social mobility. Moreover, an educated population is better equipped to address complex global issues, such as poverty and inequality. Education empowers individuals, promotes equality, and drives economic progress. Investing in education is crucial for a brighter future.",462
925,F4F054797227,a topic of personal interest,2503,"The implementation of universal basic income (UBI) is a highly debated topic. I firmly believe that UBI is essential for a more equitable society. By providing every citizen with a guaranteed minimum income, UBI would alleviate poverty and financial stress. It would also give people the freedom to pursue their passions, rather than just taking any job for the sake of a paycheck. This, in turn, would lead to increased creativity, innovation, and entrepreneurship. Additionally, UBI would simplify welfare systems and reduce bureaucracy, as it would consolidate multiple benefits into one straightforward payment. While some argue that UBI is too costly, I contend that the benefits to individuals, society, and the economy as a whole would far outweigh the costs. UBI is not a handout, but a hand-up, and it's time for us to take the leap and create a more just and prosperous society for all. With the rise of automation and AI, UBI is no longer a luxury, but a necessity. It's time to join the 21st century and implement a system that benefits everyone, not just the wealthy few.",1084
926,F2DE30047DF9,the value of education,1317,"Education is invaluable, transforming lives and societies. It fosters critical thinking, problem-solving, and informed decision-making. Without education, individuals and communities are hindered, unable to reach their full potential. Investing in education yields long-term benefits, including economic growth, improved health, and social mobility. Governments and institutions must prioritize education, providing accessible and quality learning opportunities for all. By doing so, we can cultivate a brighter, more equitable future.",535
927,01C53183305A,the value of education,940,"Education is the key to unlocking individual and societal potential. It fosters critical thinking, creativity, and problem-solving skills, enabling individuals to navigate complex challenges. By investing in education, we cultivate a more informed, innovative, and prosperous population.",287
928,A88BE59EEBAE,a topic of personal interest,1433,"Standardized testing is a contentious issue in education. Critics argue it stifles creativity and promotes rote memorization. However, proponents claim it provides a fair, unbiased assessment of student knowledge. I firmly believe that standardized testing is flawed and should be reevaluated. It creates undue stress for students, and its one-size-fits-all approach neglects individual learning styles. Moreover, it has been shown to disproportionately affect underprivileged students, exacerbating existing achievement gaps. Alternative assessments, such as project-based evaluations, can provide a more comprehensive understanding of student abilities. By moving away from standardized testing, we can foster a more inclusive, student-centered education system.",764
929,F2B360408003,a topic of personal interest,1584,"Standardized testing is a contentious issue in education. While proponents argue it measuring student progress and academic readiness, I firmly believe it hinders individual growth. The emphasis on rote memorization and multiple-choice questions stifles creativity and critical thinking. Students are often reduced to mere test-takers, rather than encouraged to explore and learn. By abolishing standardized testing, we can foster a more holistic education system, where students can develop unique skills and interests. This approach will yield more innovative and well-rounded individuals, better equipped to succeed in an ever-changing world.",645
930,346D75CE413A,the value of education,1122,"Education is invaluable, offering individuals knowledge, skills, and social mobility. It fosters critical thinking, problem-solving, and innovation, driving personal and societal growth. By investing in education, we empower future generations to tackle complex challenges and create a better world.",299
931,6D114CB7EBB3,a topic of personal interest,6022,"The debate on climate change has been a pressing issue in recent years, with many arguing that it is one of the most significant threats to our planet. As someone who is passionate about environmental conservation, I firmly believe that climate change is real and that it is primarily caused by human activities. The scientific evidence is clear: the burning of fossil fuels, deforestation, and other human-related activities have led to a significant increase in greenhouse gas emissions, resulting in rising global temperatures.

One of the main arguments against climate change is that it is a natural phenomenon that has occurred throughout Earth's history. While it is true that the Earth has gone through periods of warming and cooling, the current rate of warming is unprecedented and cannot be explained by natural factors alone. The overwhelming majority of climate scientists agree that human activities are the primary cause of climate change, and the evidence is clear: the concentration of carbon dioxide in the atmosphere has increased by over 40% since the Industrial Revolution, and the past decade was the warmest on record.

Another argument against climate change is that it is too expensive to address. However, the cost of inaction far outweighs the cost of taking action. Climate change is already having devastating impacts on communities around the world, from more frequent and severe weather events to rising sea levels and droughts. The economic costs of these impacts are staggering, and they will only continue to grow if we do not take action to reduce our greenhouse gas emissions. In contrast, transitioning to renewable energy sources and increasing energy efficiency can create jobs, stimulate local economies, and improve public health.

Furthermore, climate change is not just an environmental issue, but also a social justice issue. The impacts of climate change are not felt equally by all, with low-income and marginalized communities often bearing the brunt of the effects. These communities often have limited resources and infrastructure to adapt to climate change, making them more vulnerable to its impacts. Addressing climate change is therefore not just a moral imperative, but also a matter of social justice.

In conclusion, the evidence is clear: climate change is real, it is primarily caused by human activities, and it requires immediate attention and action. We must work together to reduce our greenhouse gas emissions, transition to renewable energy sources, and support vulnerable communities in their efforts to adapt to climate change. The cost of inaction is too high, and the benefits of taking action are numerous. We owe it to ourselves, our children, and future generations to take action on climate change. By working together, we can mitigate its impacts and create a more sustainable and just world for all. The time to act is now.",2897
932,59E62F702421,the value of education,2223,"The value of education is undeniable, yet some argue it's overemphasized. I firmly disagree. Education not only provides individuals with knowledge and skills, but also empowers them to make informed decisions, think critically, and solve problems creatively. It breaks the cycle of poverty, fosters personal growth, and promotes social mobility. Without education, societies would stagnate, and innovation would cease. Furthermore, education has a direct correlation with improved health, increased productivity, and reduced crime rates. It is our collective responsibility to prioritize education, ensuring equal access to quality learning opportunities for all. By doing so, we can create a more enlightened, equitable, and prosperous world.",744
933,3CACE02FBD5C,a topic of personal interest,2583,"The implementation of universal basic income (UBI) has been a topic of debate in recent years. I firmly believe that UBI is essential for reducing poverty and income inequality. With automation replacing jobs, UBI would provide a safety net for individuals who lose their livelihoods. It would also give people the financial freedom to pursue their passions, rather than just taking any job for the sake of a paycheck. Additionally, UBI would simplify welfare systems, reducing bureaucracy and saving administrative costs. Some argue that UBI is too expensive, but I counter that the benefits of a more equitable society far outweigh the costs. By implementing UBI, we can create a more just and prosperous society for all.",723
934,C3429FEF8AEE,the value of education,1755,"Education is the backbone of society, offering numerous benefits. It enhances critical thinking, problem-solving, and decision-making skills, enabling individuals to make informed choices. Educated individuals contribute to economic growth, drive innovation, and foster social progress. Furthermore, education promotes social mobility, reduces poverty, and increases employability. It also empowers individuals to think critically, analyze information, and form opinions, leading to a more informed and engaged citizenry. Investing in education is crucial for personal and societal development, yielding long-term benefits that outweigh costs.",643
935,FE6D9B200002,the value of education,1370,"Education is invaluable, as it empowers individuals with knowledge and critical thinking skills. It breaks social and economic barriers, fostering a more informed and productive society. Without education, individuals are limited in their career prospects and ability to contribute to their communities. Investing in education is crucial for personal and societal growth, and its benefits far outweigh the costs.",412
936,6330EB716872,a topic of personal interest,1345,"Standardized testing is a flawed system. It creates undue stress for students and often fails to accurately measure intelligence or knowledge. Many argue that these tests are necessary for college admissions, but I disagree. They can be biased towards certain socio-economic groups and do not account for individual learning styles. Alternative assessment methods, such as project-based evaluations, can provide a more comprehensive understanding of a student's abilities. By abolishing standardized testing, we can promote a more inclusive and student-centered education system.",579
937,62F7911DE51F,a topic of personal interest,1453,"Climate change necessitates immediate attention. Human activities release massive greenhouse gases, exacerbating global warming. Rising temperatures melt polar ice caps, causing sea levels to rise and devastating coastal ecosystems. Furthermore, climate change fuels extreme weather events, such as hurricanes and wildfires. To mitigate its effects, we must adopt renewable energy sources, like solar and wind power, and reduce carbon emissions. Governments and individuals must collaborate to implement sustainable practices, ensuring a livable future for generations to come.",577
938,A6A6C7852F05,a topic of personal interest,2082,"The implementation of standardized testing in schools has sparked intense debate. While proponents argue it promotes accountability, I firmly believe it hinders student creativity and individuality. By focusing on rote memorization, students are not encouraged to think outside the box or explore their passions. This results in a narrow and uninspiring education. Furthermore, standardized testing can be culturally biased and does not account for differing learning styles. It's time to reconsider our approach to education and prioritize student innovation and growth over test scores. By doing so, we can foster a more well-rounded and inspired generation of learners.",672
939,DA994B5C3784,a topic of personal interest,2002,"The implementation of standardized testing in educational institutions has been a contentious topic. While proponents argue that it promotes accountability and measures student performance, I firmly believe that it hinders a student's ability to think creatively and approach problems from unique angles. Standardized tests often prioritize rote memorization over critical thinking, stifling innovation and curiosity. Furthermore, the high-stakes nature of these tests can lead to undue stress and anxiety, ultimately negatively impacting students' mental health and overall well-being. By moving away from standardized testing, we can foster a more inclusive and dynamic learning environment that values individuality and creativity, allowing students to reach their full potential.",783
940,AD175892EC1C,the value of education,4582,"The value of education is a topic of paramount importance in today's society. While some may argue that education is not a guarantee of success, I firmly believe that it is the key to unlocking one's full potential. Education not only provides individuals with the knowledge and skills necessary to excel in their chosen field, but it also instills critical thinking, problem-solving, and communication skills.

Furthermore, education has been shown to have a positive impact on one's socio-economic status. Studies have consistently demonstrated that individuals with higher levels of education tend to earn higher salaries and have better job prospects. This, in turn, can lead to improved living standards, increased economic mobility, and a reduced risk of poverty.

In addition to its economic benefits, education also plays a critical role in promoting social mobility and equality. By providing individuals with access to quality education, we can help to level the playing field and create a more meritocratic society. This is particularly important for marginalized communities, where education can serve as a powerful tool for empowerment and social change.

Despite these benefits, some may argue that education is not the only path to success. However, I would counter that while it is possible to achieve success without formal education, the odds are significantly stacked against those who lack it. In today's competitive job market, employers are increasingly looking for candidates with relevant skills and qualifications.

In conclusion, the value of education is undeniable. It provides individuals with the knowledge, skills, and competencies necessary to succeed in an increasingly complex and competitive world. By investing in education, we can help to create a more informed, skilled, and prosperous society. Ultimately, education is the key to unlocking one's full potential and achieving success, and it is essential that we prioritize it as a society.",1978
941,327F4BCC9E4B,a topic of personal interest,2179,"The implementation of universal basic income (UBI) is a highly debated topic. I firmly believe that UBI is essential for a more equitable society. By providing every citizen with a guaranteed minimum income, we can alleviate poverty and ensure that everyone's basic needs are met. This, in turn, can lead to improved health, education, and overall well-being. Opponents argue that UBI is too costly, but I counter that the benefits far outweigh the costs. UBI can also stimulate economic growth by putting more money in people's pockets, enabling them to invest in their communities. Furthermore, it can help reduce income inequality, a pressing issue in many countries. While some may argue that UBI discourages work, I believe that it can actually give people the freedom to pursue meaningful careers rather than just taking any job for the sake of a paycheck. With the rise of automation and AI, UBI is not only a moral imperative but also a necessary step to ensure that everyone can thrive in an ever-changing job market.",1026
942,9DB8409B95F6,a topic of personal interest,4604,"The Importance of Standardized Testing in Education. Standardized testing has been a staple in education for decades, yet it remains a contentious issue. Critics argue that these tests are biased, stressing students, and failing to assess their true abilities. However, I firmly believe that standardized testing is essential in evaluating student performance and promoting academic excellence.

Firstly, standardized tests provide an objective measure of a student's knowledge and skills. Unlike subjective evaluations, which can vary greatly depending on the teacher or institution, standardized tests ensure fairness and equity. By administering the same test to all students, educators can compare results and identify areas where students need improvement.

Moreover, standardized testing promotes accountability. By tracking student progress, schools and teachers can be held accountable for providing quality education. This encourages educators to strive for excellence, and students to take their studies seriously. The results of standardized tests also enable policymakers to make informed decisions about education reform and resource allocation.

Another significant benefit of standardized testing is that it prepares students for the real world. In their future careers, students will be required to take certification exams, licensure tests, and other assessments. By familiarizing themselves with the format and content of standardized tests, students can develop the skills and strategies necessary to succeed in these high-stakes exams.

In conclusion, while some may argue that standardized testing is limiting or stressful, I believe that its benefits far outweigh its drawbacks. By providing an objective measure of student performance, promoting accountability, and preparing students for the real world, standardized testing is an indispensable tool in education. As such, it should continue to be a vital component of our education system.",1964
943,442CFAE61CC3,a topic of personal interest,1794,"Standardized testing is a misguided measure of intelligence, stifling creativity and diversity in students. By placing undue emphasis on rote memorization, these tests neglect essential skills like critical thinking and problem-solving. This narrow focus can lead to teaching methods that prioritize test preparation over actual learning, resulting in a generation of students unprepared for real-world challenges. Furthermore, standardized testing disproportionately affects underprivileged students, exacerbating existing educational disparities. It's time to reassess our approach to education, focusing on individualized learning and holistic assessments that truly reflect a student's potential.",700
944,F0524CAE23DC,the importance of having a positive attitude,2371,"Having a positive attitude is crucial in today's fast-paced world. It not only improves mental health, but also enhances productivity and relationships. A positive mindset allows individuals to approach challenges with confidence, leading to better decision-making and problem-solving skills. Additionally, it fosters a supportive environment, encouraging others to adopt a similar outlook. By choosing to focus on the good, we can overcome obstacles and achieve our goals. A positive attitude is a choice, and making it can significantly impact one's quality of life. It's essential to cultivate this mindset to lead a happier, healthier, and more successful life.",665
945,0514D25768A0,the impact of technology on society,1848,"The impact of technology on society is a highly debated topic. While some argue it has brought about unprecedented convenience and connectivity, others claim it has eroded face-to-face interactions and deepened social isolation. I firmly believe that technology has a net negative effect on society. Excessive screen time has led to decreased attention span, increased mental health issues, and a decline in critical thinking skills. Furthermore, social media platforms have created echo chambers, amplifying divisive rhetoric and polarizing communities. As we become increasingly reliant on technology, we must acknowledge its detrimental effects and strive for a healthier balance between our digital and real lives. By doing so, we can mitigate the harm caused by technology and foster a more empathetic, engaged society.",824
946,1D1C40F5718C,the importance of having a positive attitude,1715,"A positive attitude is crucial for achieving success and happiness. It fosters resilience, allowing individuals to bounce back from adversity. A positive mindset also enhances relationships, as it promotes empathy and understanding. Additionally, it improves mental and physical health, reducing stress and anxiety. By adopting a positive attitude, individuals can unlock their full potential and live a fulfilling life. It is essential to cultivate positivity through self-reflection, gratitude, and surrounding oneself with supportive people. With a positive attitude, one can overcome obstacles and achieve their goals, leading to a more satisfying and purposeful life.",672
947,E3D9EE7C68F1,a topic of personal interest,3790,"The implementation of standardized testing in schools has been a long-standing debate. While proponents argue that it measures student progress, I firmly believe that it has a detrimental impact on the education system. Standardized tests create undue stress and anxiety, often leading to a narrow curriculum that focuses solely on test preparation. This results in a lack of creativity and critical thinking, as students are forced to memorize and regurgitate information rather than explore and understand complex concepts.

Moreover, standardized tests are often biased towards students from affluent backgrounds, who have greater access to resources and test preparation materials. This creates an unfair advantage, as disadvantaged students are left behind. The emphasis on standardized testing also leads to teaching to the test, where educators prioritize test scores over actual learning. This not only stifles student growth but also demotivates teachers, who feel constrained by the rigid testing regime.

Ultimately, the education system should prioritize creativity, critical thinking, and individuality over standardized test scores. By doing so, we can foster a more inclusive and engaging learning environment that allows students to thrive and reach their full potential.",1287
948,D669349412FB,what it takes to achieve success,1982,"Achieving success is often misconstrued as solely relying on innate talent or luck. However, it is a culmination of dedication, perseverance, and hard work. While natural ability can provide a foundation, it is the intentional effort and persistence that ultimately lead to success. Thomas Edison's famous quote, ""Genius is 1% inspiration and 99% perspiration,"" encapsulates this notion. Success is not solely reserved for the gifted, but rather for those who are willing to put in the time and effort to hone their craft and push through obstacles. By adopting a growth mindset and persevering through challenges, individuals can unlock their full potential and achieve success, regardless of their background or innate abilities. Ultimately, success is not a product of circumstance, but of character and determination.",821
949,CDE661A599F5,a topic of personal interest,2664,"The implementation of universal basic income (UBI) has sparked intense debate. I firmly believe that UBI is essential for promoting economic security and social welfare. With the rise of automation, job insecurity is a pressing concern. UBI would provide a safety net, enabling individuals to pursue meaningful work without fear of poverty. It would also stimulate local economies, as recipients would have more disposable income to spend. However, critics argue that UBI is unaffordable and would reduce the incentive to work. I counter that UBI could be funded through a redistribution of existing social welfare funds and a more progressive tax system. Furthermore, numerous pilot programs have demonstrated that UBI does not significantly reduce the willingness to work. In fact, it can lead to increased entrepreneurship and creativity. As we navigate the challenges of the 21st century, it is imperative that we adopt innovative solutions like UBI to ensure a more equitable and prosperous society for all. By doing so, we can mitigate the negative consequences of technological advancements and create a brighter future.",1127
950,B0DFC5E93591,a topic of personal interest,1539,"Standardized testing is a flawed evaluation method. It creates undue stress, limiting students' creativity and critical thinking. Test scores often reflect socio-economic status rather than intelligence, as those with resources can afford tutoring. This biased system must be reformed to truly assess student knowledge and potential. Alternative assessments, such as project-based evaluations, can provide a more comprehensive understanding of a student's abilities, promoting a more equitable education system.",511
951,0316F6288791,the value of education,3796,"The value of education is a topic of ongoing debate. While some argue that education is a costly investment with no guaranteed returns, others claim that it is essential for personal and societal growth. I firmly believe that education is invaluable and essential for individuals and society as a whole.

Education not only provides individuals with knowledge and skills, but also enhances their critical thinking, problem-solving, and communication abilities. It opens doors to new opportunities, allowing people to pursue their passions and interests. Moreover, education has been shown to have a positive impact on economic growth, as educated individuals are more likely to contribute to their communities and societies.

Furthermore, education has a profound impact on personal development, enabling individuals to make informed decisions, set goals, and achieve their full potential. It also fosters social mobility, allowing people to break free from the constraints of their socioeconomic backgrounds. In addition, education promotes social cohesion, tolerance, and understanding, helping to break down cultural and social barriers.

In conclusion, education is a vital component of personal and societal development. It provides individuals with the skills, knowledge, and perspectives necessary to succeed in life and contribute to their communities. As such, it is essential that we continue to prioritize and invest in education, ensuring that everyone has access to quality educational opportunities. By doing so, we can create a more informed, enlightened, and prosperous society. Ultimately, the value of education lies in its ability to transform lives and shape the future.",1690
952,70041E13A0CC,the value of education,3040,"The value of education is a topic of ongoing debate. While some argue that its cost outweighs its benefits, I firmly believe that education is indispensable. It not only equips individuals with knowledge and skills but also broadens their perspectives, fostering critical thinking and problem-solving abilities. Educated individuals are more likely to secure better-paying jobs, contributing to their economic stability and societal development. Furthermore, education promotes social mobility, bridging the gap between different socio-economic classes. It also encourages civic engagement, enabling people to make informed decisions and participate in the democratic process. In today's fast-paced, technology-driven world, education is crucial for staying relevant and adaptable. Investing in education is essential for individuals, communities, and nations to thrive and compete globally. By prioritizing education, we can unlock human potential, driving innovation and progress.",982
953,54304ACFE477,a topic of personal interest,3625,"The implementation of a universal basic income (UBI) has sparked intense debate. As someone who is passionate about social welfare and economic equality, I firmly believe that UBI is a necessary step towards creating a more just and equitable society. 

Firstly, UBI would provide a financial safety net for the most vulnerable members of society, including the homeless, the elderly, and those living with disabilities. It would also help to alleviate poverty, as every individual would have a guaranteed minimum income to meet their basic needs. 

Moreover, UBI would give people the financial freedom to pursue their passions and interests, rather than just taking any job for the sake of a paycheck. This could lead to an increase in innovation, creativity, and entrepreneurship, as people would be able to take risks and invest in themselves without fear of financial instability. 

Some may argue that UBI is too expensive and would be a burden on the economy. However, I would counter that the costs of implementing UBI would be offset by the reduction in poverty, crime, and healthcare costs associated with poverty. 

In conclusion, UBI is a vital step towards creating a more just and equitable society, and I strongly believe that it is an investment worth making. By providing a financial safety net and promoting economic freedom, UBI has the potential to transform the lives of millions of people and create a more prosperous and harmonious society for all.",1471
954,E4C49D70C330,the value of education,2274,"Education is the backbone of a prosperous society, yet its value is often underestimated. Critics argue that the rising cost of tuition and influx of graduates in the job market diminish its worth. However, I firmly believe that education's benefits far outweigh its costs. It fosters critical thinking, creativity, and problem-solving skills, preparing individuals for an ever-changing world. Education also promotes social mobility, allowing people to break free from the constraints of their socio-economic backgrounds. Moreover, it cultivates informed citizens, capable of making informed decisions and contributing to a healthy democracy. In conclusion, education is a vital investment in one's future and society as a whole, providing unparalleled personal and economic growth.",783
955,E34E1B7D1691,what it takes to achieve success,3077,"Achieving success is often perceived as solely dependent on innate talent or luck. However, this viewpoint overlooks the crucial role of dedication and perseverance. To truly succeed, one must be willing to put in the time and effort required to hone their skills and overcome obstacles. While natural ability can provide an initial advantage, it is the consistent application of hard work and determination that ultimately leads to lasting success. Moreover, embracing failure as a learning opportunity and being adaptable in the face of adversity are essential qualities for achieving success. By adopting a growth mindset and persevering through challenges, individuals can unlock their full potential and attain success that is truly fulfilling.",749
956,2E5A3E5FD179,the value of education,2020,"The value of education is a topic of ongoing debate. While some argue that its importance is overstated, I firmly believe that education is the key to unlocking individual and societal potential. It provides individuals with the skills, knowledge, and critical thinking abilities necessary to succeed in their chosen careers and make informed decisions. Education also has a positive impact on socioeconomic mobility, as it enables individuals to break free from the constraints of their background and pursue better opportunities. Furthermore, an educated population is better equipped to contribute to the development of a country, driving innovation and economic growth. In light of these benefits, it is essential that we prioritize education and strive to make it accessible to all, regardless of socioeconomic status or geographical location. By doing so, we can create a more equitable and prosperous society, where individuals can reach their full potential and contribute to the greater good. Ultimately, the value of education lies in its ability to transform lives and shape a brighter future for all.",1112
957,F6886170FAA3,a topic of personal interest,2692,"The implementation of a universal basic income (UBI) has been a topic of debate. I firmly believe that UBI is essential for a more equitable society. With automation replacing jobs, UBI would provide a safety net for individuals. It would also promote entrepreneurship and creativity, as people would have the financial security to pursue their passions. Additionally, UBI would simplify welfare systems and reduce bureaucracy. Some argue that UBI is unaffordable, but I think the benefits outweigh the costs. By implementing UBI, we can create a more just and prosperous society for all. It's time to consider UBI as a viable solution to poverty and inequality.",662
958,2B6BA642E4F5,the value of education,1618,"Education is invaluable, as it empowers individuals and societies. It fosters critical thinking, problem-solving, and creativity. Without education, we'd lack the skills to drive innovation and progress. Despite its costs, the long-term benefits, such as higher earning potential and social mobility, outweigh the expenses. Investing in education yields a significant return, promoting economic growth and a better quality of life. It's essential for personal and societal development, making it a worthwhile investment.",520
959,DCE760033193,the value of education,1128,"Education is invaluable as it fosters critical thinking and independence. It empowers individuals to make informed decisions, driving personal and societal growth. Without education, we'd lack innovators, thinkers, and leaders, hindering progress. Thus, investing in education is crucial for a prosperous future.",312
960,F440ECCF9E67,a topic of personal interest,1610,"Standardized tests are outdated and ineffective. They create undue stress, stifle creativity, and fail to account for individual learning styles. Alternative assessments, such as project-based evaluations, can provide a more comprehensive understanding of a student's abilities. By abandoning standardized tests, we can foster a more inclusive and engaging learning environment, allowing students to thrive and reach their full potential.",438
961,EFB208F9EF60,the value of education,1977,"The value of education is a widely debated topic. While some argue that it is a fundamental right, others claim it is a privilege reserved for the few. However, education is invaluable as it empowers individuals, fosters personal growth, and drives societal progress. It equips people with critical thinking skills, enhancing their ability to make informed decisions. Furthermore, education has a direct impact on economic development, as a well-educated workforce is more likely to innovate and contribute to their community. Without education, societies risk stagnation and inequality. Therefore, it is essential that we prioritize education, making it accessible and affordable for all, to ensure a brighter future for generations to come. By doing so, we can bridge the gap between the haves and have-nots, promoting a more just and equitable society. Ultimately, education is the key to unlocking human potential, and its value should not be underestimated.",962
962,198F2ABF2971,a topic of personal interest,1918,"The implementation of universal basic income (UBI) is a topic of personal interest that sparks intense debate. As technology advances and automation replaces jobs, UBI can provide a safety net for individuals. Critics argue that UBI is unaffordable and may reduce the incentive to work, but I counter that it can stimulate entrepreneurship and alleviate poverty. By providing a guaranteed income, individuals can take risks and pursue innovative ideas, leading to economic growth. Additionally, UBI can help reduce income inequality and ensure that everyone's basic needs are met. With the rise of automation, it's essential to consider UBI as a viable solution to mitigate its negative consequences. Ultimately, UBI can promote economic security, creativity, and overall well-being, making it an idea worth exploring.",818
963,8773AAFA4355,the value of education,1621,"Education is invaluable, as it empowers individuals and fosters societal growth. It provides people with critical thinking skills, allowing them to make informed decisions. Education also promotes social mobility, bridging the gap between economic classes. Furthermore, it stimulates innovation and progress, driving technological advancements. Despite its costs, education is a worthwhile investment, yielding long-term benefits for individuals and society. By prioritizing education, we can create a more informed, equitable, and prosperous world.",549
964,8836B8EFCE5A,the value of education,1023,"Education is invaluable, as it empowers individuals and propels societal progress. It fosters critical thinking, creativity, and problem-solving skills, essential for personal and professional growth. By acquiring knowledge and skills, individuals can make informed decisions and contribute to their communities. Investment in education yields long-term benefits, including economic growth, reduced poverty, and improved healthcare. It is crucial that we prioritize education, as it is the foundation upon which a better future is built.",537
965,34553E598A00,the value of education,2202,"Education is the foundation of a prosperous society. It empowers individuals with knowledge, critical thinking, and problem-solving skills, enabling them to contribute to their communities and economies. Despite its numerous benefits, some argue that education is not a worthwhile investment, citing rising costs and decreasing job security. However, this perspective overlooks the long-term advantages of education. Educated individuals are more likely to secure better-paying jobs, leading to increased economic growth and stability. Moreover, education fosters personal development, social mobility, and informed decision-making. It is essential for addressing global challenges, such as poverty, inequality, and climate change. Governments and individuals must prioritize education, recognizing its transformative power to shape a brighter future. By investing in education, we invest in ourselves, our communities, and our collective well-being.",950
966,BAD99FB704BB,a topic of personal interest,2158,"The implementation of universal basic income (UBI) is a highly debated topic. I firmly believe that UBI is essential for a fair and equitable society. With the rise of automation, many jobs are at risk of being replaced, leaving countless individuals without a stable income. UBI would provide a safety net, ensuring that everyone's basic needs are met. It would also stimulate economic growth, as people would have more disposable income to spend. Additionally, UBI would reduce poverty and income inequality, allowing people to pursue their passions rather than just taking any job for the sake of a paycheck. Some argue that UBI is too expensive, but I believe the benefits outweigh the costs. Implementing UBI would require a redistribution of wealth, but it would ultimately lead to a more prosperous and harmonious society. By providing a basic income guarantee, we can create a foundation for people to thrive, rather than just survive. It's time for us to rethink our social and economic systems and prioritize the well-being of all individuals. UBI is not just a theoretical concept, but a necessary step towards a more just and equitable world.",1154
967,F5817C081342,the importance of having a positive attitude,5709,"Having a positive attitude is essential in today's fast-paced world. It not only affects how we perceive ourselves, but also how we interact with others. A positive attitude can boost our self-esteem, energy levels, and overall well-being. On the other hand, a negative attitude can lead to low self-esteem, anxiety, and depression. 

Many people believe that having a positive attitude is not that important, and that it is just a cliché. However, research has shown that a positive attitude can have a significant impact on our physical and mental health. For instance, studies have found that people with a positive attitude tend to have lower blood pressure, a healthier weight, and a stronger immune system. 

Moreover, a positive attitude can also affect our relationships with others. When we have a positive attitude, we are more likely to be approachable, friendly, and empathetic. This can lead to stronger, more meaningful relationships with our friends, family, and colleagues. 

In addition, having a positive attitude can also affect our career and academic success. When we have a positive attitude, we are more likely to be motivated, resilient, and open to new opportunities. This can lead to greater success and achievement in our personal and professional lives. 

Some may argue that having a positive attitude is not always realistic, especially in difficult situations. However, it is in these situations that a positive attitude is most important. When we face challenges, a positive attitude can help us to stay focused, calm, and determined. It can also help us to find solutions to problems and to learn from our mistakes. 

In conclusion, having a positive attitude is crucial in today's world. It can have a significant impact on our physical and mental health, our relationships, and our career and academic success. While it may not always be easy to maintain a positive attitude, it is essential to make a conscious effort to do so. By doing so, we can live a happier, healthier, and more fulfilling life.",2036
968,43AE9E4D0EFC,the value of education,5072,"The value of education has been a topic of debate for centuries. While some argue that education is not essential for success, I firmly believe that it is the key to unlocking one's potential. Education provides individuals with the knowledge, skills, and critical thinking necessary to navigate the complexities of the world. It enables them to make informed decisions, think critically, and solve problems effectively.

Moreover, education has a direct impact on one's socio-economic status. Studies have shown that individuals with higher levels of education tend to have better job prospects, higher salaries, and improved living standards. This, in turn, contributes to the overall development of a society, as educated individuals are more likely to participate in the workforce, pay taxes, and contribute to the economy.

In addition, education plays a vital role in promoting social mobility and reducing inequality. It provides individuals from disadvantaged backgrounds with the opportunity to break the cycle of poverty and improve their socio-economic status. Education also fosters empathy, tolerance, and understanding, which are essential for building a harmonious and inclusive society.

However, some argue that education is not necessary for success, citing examples of successful entrepreneurs and innovators who dropped out of school. While it is true that some individuals have achieved success without formal education, these cases are exceptions rather than the rule. For every successful dropout, there are countless others who have struggled to make ends meet due to their lack of education.

Furthermore, the idea that education is not necessary for success is based on a flawed assumption that success is solely defined by wealth and material possessions. Education provides individuals with a sense of purpose, fulfillment, and personal growth, which are essential for a happy and meaningful life.

In conclusion, the value of education cannot be overstated. It is the key to unlocking one's potential, promoting social mobility, and reducing inequality. While there may be exceptions to the rule, the overwhelming evidence suggests that education is essential for success and a better life. Therefore, it is imperative that we prioritize education and provide individuals with access to quality educational opportunities. By doing so, we can create a more informed, empathetic, and prosperous society.",2430
969,FDCBCA9B0636,the value of education,1239,"Education is invaluable, empowering individuals and societies. It fosters critical thinking, promoting informed decisions and personal growth. Despite potential financial burdens, the long-term benefits of education, including increased earning potential and social mobility, outweigh costs. Investing in education yields a more knowledgeable, skilled, and adaptable workforce, driving innovation and economic prosperity. Ultimately, education is essential for personal and societal advancement, making it a worthwhile investment.",530
970,B54DBEF87F11,the value of education,2957,"The value of education is a highly debated topic, with some arguing it's overemphasized and others believing it's essential. In my opinion, education is indispensable in today's society. It not only provides individuals with knowledge and skills, but also broadens their perspectives and fosters critical thinking. Education empowers people to make informed decisions, think independently, and contribute to their communities. Furthermore, it enhances career opportunities and increases earning potential. Without education, many would be stuck in low-paying jobs with limited social mobility. Critics argue that education is too expensive and that many successful individuals are self-taught. However, these exceptions do not negate the overall importance of education. In fact, research has shown that educated individuals are more likely to be healthier, happier, and more engaged in their communities. Investing in education is crucial for personal and societal growth, and it's essential that we continue to prioritize it. By doing so, we can create a more informed, skilled, and prosperous population.",1107
971,739B9009D8D2,the value of education,3372,"The value of education is a topic of ongoing debate. While some argue that education is overemphasized, I firmly believe that it is essential for personal and societal growth. Education provides individuals with the knowledge, skills, and critical thinking abilities necessary to succeed in their careers and make informed decisions. It also fosters empathy, tolerance, and cultural understanding, leading to a more harmonious and inclusive society. Furthermore, education has been proven to have a positive impact on economic development, as educated individuals are more likely to contribute to innovation and entrepreneurship. Therefore, investing in education is crucial for creating a brighter future, and it is our responsibility to ensure that quality education is accessible to all. By prioritizing education, we can empower individuals, drive progress, and build a more prosperous and equitable world.",910
972,CAAB28864F44,the value of education,2237,"Education is the backbone of society, and its value cannot be overstated. It empowers individuals with knowledge, skills, and critical thinking, enabling them to navigate the complexities of the world. A well-educated population is more likely to contribute to economic growth, innovation, and social progress. Education also fosters personal growth, independence, and self-awareness, leading to a more fulfilling life. Critics argue that education is not a guarantee of success, but this overlooks the long-term benefits, such as improved health, reduced poverty, and increased civic engagement. In conclusion, education is a vital investment in human capital, and its value lies in its ability to transform individuals, communities, and societies as a whole.",760
973,047BD3CB80B4,a topic of personal interest,3359,"The implementation of universal basic income (UBI) has been a topic of discussion in recent years. I firmly believe that UBI is essential for a sustainable future. With the rise of automation and AI, many jobs are at risk of being replaced, leaving millions without a steady income. UBI would provide a safety net, ensuring that everyone's basic needs are met, regardless of employment status. It would also give people the freedom to pursue their passions, rather than just taking any job for financial stability. Additionally, UBI would help alleviate poverty and reduce income inequality. However, some argue that UBI is too expensive and would be difficult to implement. I counter that the benefits of UBI far outweigh the costs, and that it's a necessary investment in our collective well-being. By providing a basic income, we can create a more equitable society, where everyone has the opportunity to thrive. It's time for us to rethink our approach to work and income, and UBI is a crucial step in that direction. Ultimately, the implementation of UBI would be a significant step towards creating a more just and sustainable society.",1141
974,EF5B4AE52BE6,the value of education,2592,"The value of education is undeniable. It provides individuals with the skills and knowledge necessary to succeed in life. Those who oppose education argue that it is expensive and does not guarantee a job. However, I strongly disagree. Education opens doors to better career opportunities, higher salaries, and a more informed and active citizenry. It also fosters critical thinking, problem-solving, and creativity. Furthermore, educated individuals are more likely to contribute positively to society, leading to economic growth and development. In conclusion, education is a vital investment in one's future, and its benefits far outweigh its costs.",652
975,C8620D9D22DC,a topic of personal interest,2057,"The implementation of standardized testing in schools is a contentious issue. I firmly believe that these tests are detrimental to students' overall education. Not only do they create excessive stress, but they also stifle creativity and critical thinking. The emphasis on rote memorization hinders students' ability to think outside the box and explore their interests. Furthermore, standardized tests often favor students from affluent backgrounds, exacerbating existing educational inequalities. They also fail to account for individual learning styles and abilities, leading to inaccurate assessments of students' knowledge. By abolishing standardized testing, we can foster a more well-rounded and inclusive education system that values creativity, critical thinking, and diversity. This would allow students to reach their full potential and become more engaged, motivated learners.",888
976,BA9DA5122C58,the value of education,2349,"The value of education is a topic of immense debate. While some argue that it's an unnecessary expense, I firmly believe that education is indispensable. It not only enhances individual knowledge and skills but also fosters personal growth, critical thinking, and social mobility. Education empowers individuals to make informed decisions, challenge societal norms, and contribute to the betterment of their communities. In contrast, lack of education can lead to poverty, unemployment, and social inequality. Therefore, investing in education is crucial for both individual and societal development. It's essential to prioritize education, making it accessible and affordable for all, to create a more enlightened, equitable, and prosperous society.",750
977,92FFB3530304,the importance of having a positive attitude,6000,"Having a positive attitude is crucial in today's fast-paced world. It not only affects our mental and physical health but also influences our relationships, productivity, and overall well-being. A positive attitude can help us navigate life's challenges with ease, while a negative attitude can lead to a downward spiral of unhappiness and discontent.

First and foremost, a positive attitude has a profound impact on our mental health. When we approach life with a optimistic outlook, we are more resilient to stress and anxiety. We are better equipped to handle adversity and bounce back from setbacks. On the other hand, a negative attitude can lead to depression, anxiety disorders, and other mental health issues. This is because a negative mindset can create a self-fulfilling prophecy, where we expect bad things to happen and thus, they do.

Furthermore, a positive attitude is essential for building strong relationships. When we approach others with a positive and friendly demeanor, we are more likely to form meaningful connections and foster lasting relationships. People are drawn to those with a positive attitude, as it creates a warm and welcoming environment. In contrast, a negative attitude can push people away, leading to social isolation and loneliness.

Additionally, a positive attitude is vital for our physical health. Studies have shown that people with a positive outlook tend to have lower blood pressure, a healthier weight, and a stronger immune system. This is because a positive attitude can help reduce stress, which is a major contributor to many chronic diseases. Moreover, a positive attitude can motivate us to engage in healthy behaviors, such as regular exercise and a balanced diet.

In the workplace, a positive attitude is essential for productivity and success. When we approach our work with a positive mindset, we are more motivated, focused, and efficient. We are better able to handle challenges and adapt to changing circumstances. A positive attitude can also lead to greater job satisfaction, which is critical for our overall well-being. On the other hand, a negative attitude can lead to burnout, absenteeism, and turnover.

Finally, having a positive attitude is a choice. It requires effort and practice, but the benefits are well worth it. By adopting a positive mindset, we can transform our lives and create a more fulfilling and meaningful existence. We can develop a growth mindset, focus on the good things in life, and cultivate gratitude. By doing so, we can create a ripple effect of positivity that can impact those around us and create a better world.

In conclusion, having a positive attitude is essential for our mental and physical health, relationships, productivity, and overall well-being. It is a choice that requires effort and practice, but the benefits are numerous and well worth it. By adopting a positive mindset, we can transform our lives, create meaningful connections, and achieve our goals. So, let us choose to approach life with a positive attitude, and create a brighter, more fulfilling future for ourselves and those around us.",3118
978,F3E2F311D829,a topic of personal interest,2774,"The implementation of universal basic income (UBI) has sparked intense debate. Proponents argue UBI guarantees a minimum standard of living, alleviates poverty, and promotes economic freedom. However, critics claim it's overly expensive and may reduce the incentive to work. I firmly believe UBI is a necessity in today's society. With automation replacing jobs, UBI provides a safety net for those affected. It also allows people to pursue creative and entrepreneurial endeavors, stimulating innovation. Moreover, UBI simplifies welfare systems, reducing bureaucracy and administrative costs. While funding UBI may require significant investment, the long-term benefits to society and the economy far outweigh the costs. By providing a basic income guarantee, we can ensure everyone has access to basic needs, promoting a more equitable and prosperous society.",861
979,8281058A7684,the value of education,2057,"The value of education is often debated, but its importance cannot be overstated. Education provides individuals with the knowledge, skills, and critical thinking necessary to succeed in life. It breaks cycles of poverty, fosters personal growth, and promotes social mobility. Educated individuals are more likely to secure better-paying jobs, contribute to their communities, and make informed decisions. Moreover, education has a profound impact on societal development, driving innovation, economic growth, and social progress. Despite its costs, the benefits of education far outweigh the expenses, making it a vital investment in one's future and the future of society.",674
980,2BAFBD6D9755,a topic of personal interest,2022,"The implementation of universal basic income (UBI) has been a topic of discussion in recent years. As someone who is passionate about social welfare and economic equality, I firmly believe that UBI is a necessary step towards creating a more just and equitable society. The current system of welfare benefits is often bureaucratic and inefficient, leaving many individuals and families without access to basic necessities like food and healthcare. UBI would provide a safety net for all citizens, ensuring that everyone has enough money to meet their fundamental needs.

Moreover, UBI has the potential to alleviate poverty and income inequality, which are significant problems in many countries. By providing a guaranteed income, UBI would enable individuals to pursue meaningful work and education, rather than just taking any job for the sake of a paycheck. This, in turn, would lead to a more skilled and productive workforce, which would benefit the economy as a whole.

Some argue that UBI is too expensive and would be a drain on the economy. However, I would counter that the costs of implementing UBI would be outweighed by the benefits. For example, UBI would reduce the administrative costs associated with traditional welfare programs, and would also reduce the incidence of poverty-related illnesses and crimes, which are costly to society as a whole. Additionally, UBI could be funded through a combination of sources, such as a carbon tax, a financial transaction tax, or a redistribution of existing social welfare funds.

In conclusion, UBI is a vital policy that would help to create a more just and equitable society. It would provide a safety net for all citizens, alleviate poverty and income inequality, and promote economic productivity. While there may be challenges to implementing UBI, I firmly believe that the benefits would far outweigh the costs, and that it is a necessary step towards creating a more prosperous and equitable world for all.",1972
981,4B907938595D,the impact of technology on society,2103,"The impact of technology on society is a debated topic. While some argue it has improved our lives, others claim it has negative consequences. On one hand, technology has increased connectivity and access to information. Social media platforms have enabled global communication, and online resources have made learning more accessible. However, excessive technology use has led to social isolation, decreased attention span, and increased cyberbullying. Moreover, the loss of traditional jobs due to automation has exacerbated unemployment and economic inequality. Ultimately, technology's impact on society is complex, and its benefits must be weighed against its drawbacks to ensure a balanced and equitable future.",717
982,FA3D872358BF,the impact of technology on society,1983,"The impact of technology on society has been a topic of debate in recent years. While some argue that technology has improved our lives, others claim that it has had a negative effect. On one hand, technology has increased accessibility and convenience, allowing us to communicate and access information instantly. However, it has also led to social isolation, decreased attention span, and increased screen time. Additionally, technology has exacerbated existing social issues such as inequality and unemployment. Many jobs have been automated, leaving workers without employment. Furthermore, the reliance on technology has also led to a decrease in face-to-face interactions, which are essential for building strong relationships. Overall, the negative effects of technology on society outweigh its benefits, and it is crucial that we address these issues to ensure a healthier and more equitable society. We must find a balance between technology use and human interaction to mitigate its detrimental effects.",1013
983,E6EF69520940,the value of education,2915,"The value of education is often underestimated in today's society. Many believe that education is a mere formality, and that success can be achieved through other means. However, this couldn't be further from the truth. Education is the key to unlocking one's potential, and it provides individuals with the knowledge, skills, and critical thinking abilities necessary to succeed in their chosen careers.

Not only does education provide individuals with better job prospects, but it also broadens their perspective and understanding of the world. Through education, individuals are exposed to different cultures, ideas, and ways of thinking, which helps to foster empathy, tolerance, and open-mindedness. Furthermore, education empowers individuals to make informed decisions about their lives, and to participate fully in their communities.

In addition, education has numerous benefits for society as a whole. Educated individuals are more likely to contribute positively to their communities, and to make a positive impact on the world. They are also more likely to be engaged citizens, who participate in the democratic process and who work to create positive change.

In conclusion, education is essential for individuals and society. It provides individuals with the knowledge, skills, and critical thinking abilities necessary to succeed, and it broadens their perspective and understanding of the world. By investing in education, we are investing in the future of our society, and in the potential of our citizens.",1524
984,49D2A80F1484,a topic of personal interest,1265,"Standardized testing is overemphasized in education, prioritizing rote memorization over critical thinking. This leads to student stress and creative stifling. Alternative assessments, such as project-based evaluations, can better measure a student's capabilities and prepare them for real-world problems.",305
985,B7350254EE93,a topic of personal interest,1619,"The implementation of universal basic income (UBI) is a vital step towards poverty reduction and economic security. As technology advances, jobs are becoming increasingly automated, leaving many without a stable income. UBI provides a safety net, ensuring everyone's basic needs are met. Critics argue it's too expensive, but the cost of poverty, including healthcare and crime, far exceeds the cost of UBI. It's a moral imperative to guarantee a minimum standard of living, promoting dignity and well-being for all. Implementing UBI is a crucial investment in humanity's future, fostering a more equitable society.",615
986,2855CD45984F,a topic of personal interest,3732,"Climate change is a pressing issue that requires immediate attention. Human activities, such as burning fossil fuels and deforestation, have led to a significant increase in greenhouse gas emissions, resulting in rising temperatures and devastating natural disasters. Despite the overwhelming scientific evidence, some argue that climate change is a natural phenomenon and that human actions have minimal impact. However, I firmly believe that human-induced climate change is real and that we must take drastic measures to reduce our carbon footprint.

The consequences of climate change are far-reaching and devastating. Rising sea levels are threatening coastal communities, while intense hurricanes and droughts are becoming more frequent. Moreover, climate change is also having a significant impact on global food production, leading to food shortages and economic instability. The World Health Organization estimates that between 2030 and 2050, climate change will cause approximately 250,000 additional deaths per year, mainly due to malnutrition, malaria, diarrhea, and heat stress.

In order to mitigate the effects of climate change, it is essential that we transition to renewable energy sources, such as solar and wind power, and increase energy efficiency. Governments and corporations must also invest in sustainable infrastructure, such as green buildings and electric vehicles. Additionally, individuals can make a significant impact by reducing their meat consumption, using public transport, and recycling. We owe it to ourselves, our children, and future generations to take action against climate change. The time to act is now, and we must work together to create a more sustainable and environmentally conscious world.",1740
987,0D65AF80CDE7,a topic of personal interest,1278,"Standardized testing is a flawed system. It creates undue stress on students, narrowing curriculum and stifling creativity. Overemphasis on test scores leads to teaching methods that prioritize rote memorization over critical thinking and problem-solving skills. This approach can have long-term effects on students' mental health and academic motivation. Alternative assessment methods, such as project-based evaluations, can provide a more comprehensive understanding of a student's abilities.",495
988,84765FE3E472,the impact of technology on society,1208,"Technology has revolutionized society, but at a cost. While it's increased connectivity and access to information, it's also led to social isolation and decreased face-to-face interaction. Furthermore, the reliance on technology has created a culture of instant gratification, decreasing attention spans and deepening the digital divide. Ultimately, technology's benefits are outweighed by its negative impact on human relationships and mental health.",451
989,200671752EE0,a topic of personal interest,2643,"As a passionate advocate for environmental conservation, I strongly believe that single-use plastics should be banned. The devastating impact of plastic waste on our planet is undeniable, with millions of tons of plastic ending up in oceans and landfills each year. The production and disposal of single-use plastics, such as water bottles and straws, contribute significantly to this problem. By banning single-use plastics, we can reduce the amount of plastic waste, decrease greenhouse gas emissions, and protect marine life. Moreover, alternatives like reusable bags, metal water bottles, and paper straws are readily available and affordable. Some may argue that banning single-use plastics will hurt businesses, but I counter that the long-term benefits to the environment and human health far outweigh any short-term economic costs. It is our responsibility to take action and make sustainable choices to ensure a healthier planet for future generations.",961
990,346E77F08903,the value of education,1116,"Education is invaluable, as it empowers individuals and transforms societies. It fosters critical thinking, problem-solving, and creativity, enabling people to make informed decisions and contribute to their communities. Despite its costs, the long-term benefits of education far outweigh its expenses, leading to improved economic growth, social mobility, and civic engagement. By investing in education, we invest in our collective future, creating a more enlightened and prosperous world.",491
991,62196AC0ABE8,a topic of personal interest,3115,"Standardized testing is a debated topic in education. While some argue it's necessary for accountability, I firmly believe it hinders student growth. Tests like the SAT and ACT create undue stress, encouraging a culture of rote memorization over critical thinking. They also favor students from affluent backgrounds, who can afford costly test prep courses. This perpetuates inequality, as lower-income students are left at a disadvantage. Moreover, standardized tests don't account for individual learning styles or creativity. By relying on these tests, we risk stifling innovation and limiting students' potential. It's time to rethink our approach to education and focus on more holistic, inclusive methods of assessment.",725
992,EBCC0B6D36D0,a topic of personal interest,6010,"The implementation of a universal basic income (UBI) has been a topic of interest for many, including myself. I strongly believe that UBI is essential for the well-being and prosperity of individuals in today's society. One of the primary arguments in favor of UBI is that it provides financial security, which is a fundamental human right. With the rise of automation and artificial intelligence, many jobs are at risk of being replaced, leaving individuals without a stable income. UBI would ensure that everyone has a minimum amount of money to cover their basic needs, regardless of their employment status.

Another significant advantage of UBI is its potential to reduce poverty and income inequality. By providing a safety net, UBI would help to alleviate the burden of poverty, which affects millions of people worldwide. Additionally, UBI would give individuals the freedom to pursue their passions and interests, rather than just taking any job for the sake of a paycheck. This, in turn, could lead to increased creativity, innovation, and entrepreneurship, ultimately benefiting society as a whole.

Some argue that implementing UBI would be too costly and inefficient. However, I would counter that the benefits of UBI far outweigh the costs. In fact, many experts believe that UBI could actually save governments money in the long run by reducing the need for other social welfare programs. Furthermore, UBI could be funded through a combination of sources, such as a carbon tax, a financial transaction tax, or a redistribution of existing social welfare funds.

Moreover, UBI has been successfully tested in several countries, including Finland and Alaska, with promising results. In Finland, for example, UBI recipients reported better well-being, life satisfaction, and trust in institutions. These experiments demonstrate that UBI is not just a theoretical concept, but a practical solution that can be implemented and have a positive impact on people's lives.

In conclusion, the implementation of a universal basic income is a necessary step towards creating a more just and equitable society. By providing financial security, reducing poverty and income inequality, and promoting creativity and innovation, UBI has the potential to transform the lives of millions of people. While there may be challenges and concerns, I firmly believe that the benefits of UBI outweigh the costs, and it is our responsibility to explore and implement this concept to create a better future for all. With careful planning and execution, UBI can become a reality, and I urge policymakers and individuals to seriously consider its implementation.",2648
993,907FC59841EC,the value of education,1152,"Education is invaluable, providing individuals with skills, knowledge, and critical thinking. It breaks social and economic barriers, fosters personal growth, and promotes informed decision-making. Without education, societies stagnate, and progress is hindered. Investing in education yields long-term benefits, including improved healthcare, economic stability, and social mobility. Prioritizing education is essential for a prosperous future.",445
994,C5376D2ED6EE,the value of education,2325,"Education is invaluable in today's society. It not only enhances personal growth, but also fosters societal development. By acquiring knowledge and skills, individuals can secure better job opportunities, leading to economic stability and independence. Moreover, education promotes critical thinking, problem-solving, and creativity, enabling individuals to make informed decisions and contribute to their communities. It also plays a vital role in bridging the gap between social classes, promoting equality and social justice. Additionally, education has a profound impact on health, as informed individuals are more likely to make healthy lifestyle choices. Overall, education is essential for personal and societal progress, and its importance cannot be overstated.",769
995,E69D5E1FEAB4,a topic of personal interest,1018,"The implementation of veganism is crucial for environmental sustainability. Animal agriculture contributes significantly to greenhouse gas emissions and deforestation. By adopting a plant-based diet, we can reduce our carbon footprint and promote eco-friendly practices, ultimately preserving the planet for future generations.",327
996,2B9C5C3BB7B9,a topic of personal interest,3969,"The implementation of universal basic income (UBI) has been a topic of interest in recent years. Many argue that UBI would alleviate poverty and provide financial security, while others claim it would be too costly and ineffective. I firmly believe that UBI is a necessary step towards a more equitable society. With the rise of automation and AI, many jobs are at risk of being replaced, leaving countless individuals without a stable income. UBI would provide a safety net, allowing people to pursue meaningful work and contribute to their communities. Additionally, it would simplify welfare systems and reduce bureaucracy, freeing up resources for more important causes. Although some may argue that UBI is too expensive, I counter that the benefits far outweigh the costs. By investing in UBI, we can create a more compassionate and inclusive society, where everyone has the opportunity to thrive. It's time for governments to take a proactive approach and implement UBI, ensuring a brighter future for all.",1012
997,9D6E844DBDF2,a topic of personal interest,2438,"The implementation of universal basic income (UBI) has sparked intense debate in recent years. As someone who is passionate about social welfare, I firmly believe that UBI is essential for reducing poverty and income inequality. By providing every citizen with a guaranteed minimum income, individuals can afford basic needs such as food, shelter, and healthcare. This, in turn, enables them to pursue meaningful work and contribute to society in a more productive manner. Critics argue that UBI is too costly and may reduce the incentive to work, but I counter that the benefits of a safety net far outweigh the costs. In fact, numerous pilot programs have shown that UBI can improve mental and physical health, as well as increase entrepreneurship and education. Furthermore, automation and artificial intelligence are increasingly replacing jobs, making UBI a necessary measure to ensure that everyone has a basic level of economic security. Overall, I strongly advocate for the adoption of UBI as a vital step towards creating a more equitable and just society.",1065
998,B46E31AA2653,the value of education,1507,"Education is invaluable to individuals and society. It fosters critical thinking, problem-solving, and creativity, leading to personal and professional growth. Educated individuals are more likely to secure better jobs, contributing to economic stability. Moreover, education promotes social mobility, reduces poverty, and encourages civic engagement. It also cultivates empathy, tolerance, and understanding, essential for a harmonious society. Investing in education is crucial for a nation's prosperity and global competitiveness. Therefore, education should be a top priority, as it has a profound impact on individuals, communities, and the world at large.",661
999,15847C58ED47,what it takes to achieve success,1220,"To achieve success, one must possess a combination of hard work, determination, and resilience. While some argue that luck plays a role, it is the individual's effort and perseverance that ultimately leads to accomplishment. A growth mindset, coupled with a strong work ethic, allows individuals to overcome obstacles and adapt to challenges. By prioritizing dedication and persistence, individuals can unlock their full potential and attain success.",450
